SUMLEV,STATE,COUNTY,STNAME,CTYNAME,YEAR,AGEGRP,TOT_POP,TOT_MALE,TOT_FEMALE,WA_MALE,WA_FEMALE,BA_MALE,BA_FEMALE,IA_MALE,IA_FEMALE,AA_MALE,AA_FEMALE,NA_MALE,NA_FEMALE,TOM_MALE,TOM_FEMALE,WAC_MALE,WAC_FEMALE,BAC_MALE,BAC_FEMALE,IAC_MALE,IAC_FEMALE,AAC_MALE,AAC_FEMALE,NAC_MALE,NAC_FEMALE,NH_MALE,NH_FEMALE,NHWA_MALE,NHWA_FEMALE,NHBA_MALE,NHBA_FEMALE,NHIA_MALE,NHIA_FEMALE,NHAA_MALE,NHAA_FEMALE,NHNA_MALE,NHNA_FEMALE,NHTOM_MALE,NHTOM_FEMALE,NHWAC_MALE,NHWAC_FEMALE,NHBAC_MALE,NHBAC_FEMALE,NHIAC_MALE,NHIAC_FEMALE,NHAAC_MALE,NHAAC_FEMALE,NHNAC_MALE,NHNAC_FEMALE,H_MALE,H_FEMALE,HWA_MALE,HWA_FEMALE,HBA_MALE,HBA_FEMALE,HIA_MALE,HIA_FEMALE,HAA_MALE,HAA_FEMALE,HNA_MALE,HNA_FEMALE,HTOM_MALE,HTOM_FEMALE,HWAC_MALE,HWAC_FEMALE,HBAC_MALE,HBAC_FEMALE,HIAC_MALE,HIAC_FEMALE,HAAC_MALE,HAAC_FEMALE,HNAC_MALE,HNAC_FEMALE
050,24,001,Maryland,Allegany County,1,0,68110,35534,32576,29400,29873,4459,1021,100,71,379,397,6,14,1190,1200,30569,31040,5043,1601,656,674,516,523,37,34,34826,32106,28906,29531,4367,988,63,51,365,389,5,12,1120,1135,30012,30644,4905,1522,575,628,484,499,30,26,708,470,494,342,92,33,37,20,14,8,1,2,70,65,557,396,138,79,81,46,32,24,7,8
050,24,001,Maryland,Allegany County,1,1,3195,1654,1541,1415,1300,72,54,0,4,15,29,0,2,152,152,1567,1445,177,146,46,62,23,42,5,5,1611,1484,1388,1262,69,51,0,4,8,29,0,2,146,136,1534,1397,169,135,41,54,14,36,4,2,43,57,27,38,3,3,0,0,7,0,0,0,6,16,33,48,8,11,5,8,9,6,1,3
050,24,001,Maryland,Allegany County,1,2,3370,1736,1634,1489,1380,61,53,4,3,24,34,0,0,158,164,1646,1544,168,168,49,54,42,51,6,6,1689,1591,1460,1350,60,52,0,3,22,33,0,0,147,153,1607,1503,158,157,40,49,38,50,4,6,47,43,29,30,1,1,4,0,2,1,0,0,11,11,39,41,10,11,9,5,4,1,2,0
050,24,001,Maryland,Allegany County,1,3,3510,1840,1670,1603,1448,78,66,5,2,27,7,0,1,127,146,1730,1592,161,165,44,37,44,27,3,4,1806,1612,1578,1410,73,60,4,0,27,7,0,1,124,134,1702,1544,155,149,40,34,43,25,3,3,34,58,25,38,5,6,1,2,0,0,0,0,3,12,28,48,6,16,4,3,1,2,0,1
050,24,001,Maryland,Allegany County,1,4,3984,2073,1911,1654,1570,220,174,6,5,35,49,0,2,158,111,1807,1678,309,239,67,51,63,61,7,4,2020,1870,1626,1547,215,171,4,3,33,44,0,2,142,103,1767,1648,295,230,56,47,56,53,4,2,53,41,28,23,5,3,2,2,2,5,0,0,16,8,40,30,14,9,11,4,7,8,3,2
050,24,001,Maryland,Allegany County,1,5,4257,2318,1939,1747,1609,414,180,4,3,51,43,0,1,102,103,1847,1709,478,248,35,39,57,51,6,5,2242,1894,1693,1572,401,175,1,3,51,42,0,1,96,101,1788,1670,460,241,29,39,56,48,6,5,76,45,54,37,13,5,3,0,0,1,0,0,6,2,59,39,18,7,6,0,1,3,0,0
050,24,001,Maryland,Allegany County,1,6,4156,2408,1748,1722,1626,587,38,10,2,17,23,0,1,72,58,1794,1681,622,64,39,40,25,24,0,1,2336,1712,1668,1594,569,38,10,2,17,22,0,1,72,55,1740,1646,604,61,39,37,25,23,0,1,72,36,54,32,18,0,0,0,0,1,0,0,0,3,54,35,18,3,0,3,0,1,0,0
050,24,001,Maryland,Allegany County,1,7,4344,2588,1756,1863,1609,617,52,10,5,30,28,3,3,65,59,1927,1666,642,73,45,42,43,35,3,3,2502,1732,1803,1590,600,52,7,4,30,28,3,3,59,55,1862,1645,620,73,36,37,40,33,3,3,86,24,60,19,17,0,3,1,0,0,0,0,6,4,65,21,22,0,9,5,3,2,0,0
050,24,001,Maryland,Allegany County,1,8,4280,2445,1835,1730,1673,611,48,10,8,34,39,2,0,58,67,1786,1740,632,64,54,58,37,45,3,0,2381,1803,1686,1650,602,48,6,4,34,39,1,0,52,62,1736,1712,621,59,45,53,34,44,2,0,64,32,44,23,9,0,4,4,0,0,1,0,6,5,50,28,11,5,9,5,3,1,1,0
050,24,001,Maryland,Allegany County,1,9,3944,2284,1660,1691,1543,503,51,11,1,27,26,0,0,52,39,1743,1582,525,56,38,32,30,32,0,1,2217,1646,1642,1531,493,50,9,0,25,26,0,0,48,39,1690,1570,511,55,36,31,28,32,0,1,67,14,49,12,10,1,2,1,2,0,0,0,4,0,53,12,14,1,2,1,2,0,0,0
050,24,001,Maryland,Allegany County,1,10,4064,2208,1856,1747,1740,378,32,7,7,34,18,0,2,42,57,1789,1794,385,52,37,41,44,28,1,2,2162,1834,1708,1722,376,29,2,6,34,18,0,2,42,57,1750,1776,383,49,32,40,44,28,1,2,46,22,39,18,2,3,5,1,0,0,0,0,0,0,39,18,2,3,5,1,0,0,0,0
050,24,001,Maryland,Allegany County,1,11,4458,2453,2005,2063,1891,317,48,4,9,15,17,0,0,54,40,2113,1931,324,54,47,42,23,19,0,0,2405,1990,2031,1880,311,44,1,9,14,17,0,0,48,40,2075,1920,317,50,39,42,22,19,0,0,48,15,32,11,6,4,3,0,1,0,0,0,6,0,38,11,7,4,8,0,1,0,0,0
050,24,001,Maryland,Allegany County,1,12,4788,2478,2310,2157,2208,245,31,12,7,18,14,1,1,45,49,2202,2255,252,39,49,48,19,20,3,1,2449,2282,2136,2195,242,25,10,2,18,14,1,0,42,46,2178,2239,246,32,46,41,18,20,3,0,29,28,21,13,3,6,2,5,0,0,0,1,3,3,24,16,6,7,3,7,1,0,0,1
050,24,001,Maryland,Allegany County,1,13,4845,2413,2432,2198,2304,152,40,5,3,14,37,0,0,44,48,2242,2352,152,45,42,35,21,47,0,1,2400,2421,2188,2295,152,40,2,1,14,37,0,0,44,48,2232,2343,152,45,39,33,21,47,0,1,13,11,10,9,0,0,3,2,0,0,0,0,0,0,10,9,0,0,3,2,0,0,0,0
050,24,001,Maryland,Allegany County,1,14,4238,2075,2163,1918,2049,112,56,2,4,17,12,0,0,26,42,1939,2085,122,71,19,38,21,12,0,0,2070,2145,1914,2035,112,55,2,2,17,12,0,0,25,41,1934,2070,121,69,19,36,21,12,0,0,5,18,4,14,0,1,0,2,0,0,0,0,1,1,5,15,1,2,0,2,0,0,0,0
050,24,001,Maryland,Allegany County,1,15,3869,1804,2065,1714,1989,57,31,4,3,12,10,0,0,17,32,1731,2019,57,34,21,31,15,16,0,0,1794,2048,1704,1972,57,31,4,3,12,10,0,0,17,32,1721,2002,57,34,21,31,15,16,0,0,10,17,10,17,0,0,0,0,0,0,0,0,0,0,10,17,0,0,0,0,0,0,0,0
050,24,001,Maryland,Allegany County,1,16,2829,1266,1563,1227,1519,22,26,0,2,6,5,0,0,11,11,1237,1530,23,31,11,11,6,6,0,0,1261,1558,1223,1514,22,26,0,2,6,5,0,0,10,11,1232,1525,23,31,10,11,6,6,0,0,5,5,4,5,0,0,0,0,0,0,0,0,1,0,5,5,0,0,1,0,0,0,0,0
050,24,001,Maryland,Allegany County,1,17,2033,863,1170,840,1138,9,15,5,2,2,2,0,0,7,13,847,1151,10,19,12,11,2,2,0,0,853,1169,836,1137,9,15,0,2,2,2,0,0,6,13,842,1150,9,19,6,11,2,2,0,0,10,1,4,1,0,0,5,0,0,0,0,0,1,0,5,1,1,0,6,0,0,0,0,0
050,24,001,Maryland,Allegany County,1,18,1946,628,1318,622,1277,4,26,1,1,1,4,0,1,0,9,622,1286,4,33,1,2,1,5,0,1,628,1315,622,1275,4,26,1,1,1,4,0,0,0,9,622,1284,4,33,1,2,1,5,0,0,0,3,0,2,0,0,0,0,0,0,0,1,0,0,0,2,0,0,0,0,0,0,0,1
050,24,001,Maryland,Allegany County,2,0,67967,35473,32494,29318,29768,4466,1018,100,75,376,416,5,14,1208,1203,30458,30901,5108,1667,566,550,535,571,34,47,34748,32018,28822,29423,4370,984,63,54,360,408,4,12,1129,1137,29890,30497,4980,1597,490,497,508,553,28,41,725,476,496,345,96,34,37,21,16,8,1,2,79,66,568,404,128,70,76,53,27,18,6,6
050,24,001,Maryland,Allegany County,2,1,3181,1653,1528,1413,1291,72,54,0,4,14,27,0,3,154,149,1559,1434,186,170,19,21,40,50,3,8,1605,1467,1386,1249,68,50,0,4,6,27,0,3,145,134,1525,1377,176,154,15,16,31,49,3,7,48,61,27,42,4,4,0,0,8,0,0,0,9,15,34,57,10,16,4,5,9,1,0,1
050,24,001,Maryland,Allegany County,2,2,3352,1728,1624,1477,1368,63,54,4,4,23,36,0,0,161,162,1632,1524,185,171,28,34,46,59,1,2,1680,1581,1449,1339,61,53,0,4,21,35,0,0,149,150,1593,1484,175,165,20,28,43,57,1,1,48,43,28,29,2,1,4,0,2,1,0,0,12,12,39,40,10,6,8,6,3,2,0,1
050,24,001,Maryland,Allegany County,2,3,3506,1839,1667,1600,1445,78,67,5,2,27,7,0,1,129,145,1719,1580,173,175,26,28,48,32,4,6,1803,1610,1574,1408,72,61,4,0,27,7,0,1,126,133,1690,1534,165,162,24,19,48,31,4,6,36,57,26,37,6,6,1,2,0,0,0,0,3,12,29,46,8,13,2,9,0,1,0,0
050,24,001,Maryland,Allegany County,2,4,3978,2071,1907,1660,1567,214,169,5,5,37,46,0,2,155,118,1804,1677,313,248,44,32,64,63,6,7,2014,1865,1629,1544,210,166,3,3,34,41,0,2,138,109,1758,1647,302,241,37,27,56,55,3,5,57,42,31,23,4,3,2,2,3,5,0,0,17,9,46,30,11,7,7,5,8,8,3,2
050,24,001,Maryland,Allegany County,2,5,4328,2357,1971,1769,1623,418,179,4,4,50,63,0,1,116,101,1881,1718,488,248,33,28,69,80,2,6,2284,1923,1718,1583,405,174,1,4,50,62,0,1,110,99,1824,1676,472,241,28,28,68,77,2,6,73,48,51,40,13,5,3,0,0,1,0,0,6,2,57,42,16,7,5,0,1,3,0,0
050,24,001,Maryland,Allegany County,2,6,4106,2377,1729,1691,1599,586,42,10,2,18,23,0,1,72,62,1759,1656,626,76,32,27,29,32,4,1,2303,1693,1636,1568,567,41,10,2,18,22,0,1,72,59,1704,1623,607,74,32,25,29,30,4,1,74,36,55,31,19,1,0,0,0,1,0,0,0,3,55,33,19,2,0,2,0,2,0,0
050,24,001,Maryland,Allegany County,2,7,4338,2588,1750,1866,1607,621,49,10,7,27,28,2,2,62,57,1925,1659,646,76,42,35,35,37,5,2,2501,1723,1805,1587,604,49,7,5,27,28,2,2,56,52,1858,1634,629,73,35,30,34,36,4,2,87,27,61,20,17,0,3,2,0,0,0,0,6,5,67,25,17,3,7,5,1,1,1,0
050,24,001,Maryland,Allegany County,2,8,4267,2441,1826,1729,1662,610,48,10,8,35,41,2,0,55,67,1782,1727,627,69,43,49,42,49,4,1,2374,1795,1683,1640,601,48,6,4,35,41,1,0,48,62,1729,1700,616,69,34,40,42,49,3,1,67,31,46,22,9,0,4,4,0,0,1,0,7,5,53,27,11,0,9,9,0,0,1,0
050,24,001,Maryland,Allegany County,2,9,3938,2276,1662,1681,1546,501,51,11,1,25,23,0,0,58,41,1737,1585,516,65,53,27,30,25,1,2,2210,1647,1634,1533,491,50,9,0,23,23,0,0,53,41,1685,1572,505,64,47,26,28,25,1,2,66,15,47,13,10,1,2,1,2,0,0,0,5,0,52,13,11,1,6,1,2,0,0,0
050,24,001,Maryland,Allegany County,2,10,4010,2185,1825,1722,1705,381,35,6,7,32,22,0,2,44,54,1761,1754,393,53,41,43,34,25,0,4,2141,1805,1685,1689,379,32,2,6,32,22,0,2,43,54,1723,1738,390,50,37,42,34,25,0,4,44,20,37,16,2,3,4,1,0,0,0,0,1,0,38,16,3,3,4,1,0,0,0,0
050,24,001,Maryland,Allegany County,2,11,4442,2442,2000,2049,1887,316,45,6,9,18,15,0,0,53,44,2100,1929,323,54,51,43,20,18,1,0,2392,1987,2017,1878,310,41,1,9,17,15,0,0,47,44,2062,1920,317,50,41,43,18,18,1,0,50,13,32,9,6,4,5,0,1,0,0,0,6,0,38,9,6,4,10,0,2,0,0,0
050,24,001,Maryland,Allegany County,2,12,4736,2450,2286,2129,2186,245,30,11,7,18,16,1,1,46,46,2171,2230,254,38,49,44,20,20,2,1,2417,2258,2106,2171,241,25,9,2,18,16,1,0,42,44,2145,2213,249,32,44,38,19,20,2,0,33,28,23,15,4,5,2,5,0,0,0,1,4,2,26,17,5,6,5,6,1,0,0,1
050,24,001,Maryland,Allegany County,2,13,4859,2425,2434,2209,2308,156,38,6,3,12,36,0,0,42,49,2248,2353,163,47,44,42,12,41,0,1,2414,2423,2201,2299,156,38,3,1,12,36,0,0,42,49,2240,2344,163,47,41,40,12,41,0,1,11,11,8,9,0,0,3,2,0,0,0,0,0,0,8,9,0,0,3,2,0,0,0,0
050,24,001,Maryland,Allegany County,2,14,4229,2067,2162,1909,2050,109,54,2,4,19,11,0,0,28,43,1937,2091,111,63,27,37,20,14,0,1,2060,2145,1903,2037,109,53,2,2,19,11,0,0,27,42,1930,2077,111,61,26,35,20,14,0,1,7,17,6,13,0,1,0,2,0,0,0,0,1,1,7,14,0,2,1,2,0,0,0,0
050,24,001,Maryland,Allegany County,2,15,3901,1819,2082,1729,2003,58,36,5,3,12,10,0,0,15,30,1743,2031,61,40,16,27,14,11,0,3,1810,2064,1720,1985,58,36,5,3,12,10,0,0,15,30,1734,2013,61,40,16,27,14,11,0,3,9,18,9,18,0,0,0,0,0,0,0,0,0,0,9,18,0,0,0,0,0,0,0,0
050,24,001,Maryland,Allegany County,2,16,2813,1261,1552,1221,1505,23,26,0,2,6,6,0,0,11,13,1231,1517,24,28,8,14,8,6,1,1,1256,1547,1217,1500,23,26,0,2,6,6,0,0,10,13,1227,1512,24,28,7,14,8,6,0,1,5,5,4,5,0,0,0,0,0,0,0,0,1,0,4,5,0,0,1,0,0,0,1,0
050,24,001,Maryland,Allegany County,2,17,2038,861,1177,836,1145,12,15,4,2,2,2,0,0,7,13,841,1156,16,19,9,11,3,4,0,0,851,1176,831,1144,12,15,0,2,2,2,0,0,6,13,835,1155,15,19,5,11,3,4,0,0,10,1,5,1,0,0,4,0,0,0,0,0,1,0,6,1,1,0,4,0,0,0,0,0
050,24,001,Maryland,Allegany County,2,18,1945,633,1312,628,1271,3,26,1,1,1,4,0,1,0,9,628,1280,3,27,1,8,1,5,0,1,633,1309,628,1269,3,26,1,1,1,4,0,0,0,9,628,1278,3,27,1,8,1,5,0,0,0,3,0,2,0,0,0,0,0,0,0,1,0,0,0,2,0,0,0,0,0,0,0,1
050,24,001,Maryland,Allegany County,3,0,67581,35259,32322,28967,29530,4514,1029,115,85,369,404,6,15,1288,1259,30195,30710,5194,1715,584,565,554,567,47,62,34488,31836,28451,29189,4417,994,64,58,353,396,5,13,1198,1186,29597,30308,5061,1641,486,506,522,544,43,57,771,486,516,341,97,35,51,27,16,8,1,2,90,73,598,402,133,74,98,59,32,23,4,5
050,24,001,Maryland,Allegany County,3,1,3203,1660,1543,1388,1283,71,57,5,2,13,22,0,3,183,176,1564,1451,206,192,21,22,47,53,6,7,1602,1480,1363,1241,67,54,0,2,6,22,0,3,166,158,1522,1395,192,177,12,16,37,49,6,7,58,63,25,42,4,3,5,0,7,0,0,0,17,18,42,56,14,15,9,6,10,4,0,0
050,24,001,Maryland,Allegany County,3,2,3325,1702,1623,1449,1381,73,52,4,6,19,42,0,0,157,142,1599,1513,186,152,27,28,44,70,5,6,1663,1582,1427,1352,72,50,0,6,18,41,0,0,146,133,1567,1479,180,146,18,23,42,66,4,5,39,41,22,29,1,2,4,0,1,1,0,0,11,9,32,34,6,6,9,5,2,4,1,1
050,24,001,Maryland,Allegany County,3,3,3492,1828,1664,1586,1445,76,63,4,3,27,10,0,1,135,142,1713,1583,174,163,23,28,50,32,5,6,1783,1612,1555,1414,70,57,3,1,25,10,0,1,130,129,1678,1539,164,150,21,20,47,31,5,6,45,52,31,31,6,6,1,2,2,0,0,0,5,13,35,44,10,13,2,8,3,1,0,0
050,24,001,Maryland,Allegany County,3,4,3961,2064,1897,1663,1550,206,163,5,3,42,38,0,1,148,142,1805,1682,302,259,40,37,66,61,7,4,2001,1845,1625,1520,202,160,4,1,39,33,0,1,131,130,1752,1642,291,251,31,30,59,52,6,3,63,52,38,30,4,3,1,2,3,5,0,0,17,12,53,40,11,8,9,7,7,9,1,1
050,24,001,Maryland,Allegany County,3,5,4501,2463,2038,1836,1681,434,183,5,7,50,68,0,2,138,97,1971,1773,519,250,42,29,72,82,4,6,2393,1988,1788,1640,421,178,1,7,50,67,0,2,133,94,1918,1729,505,242,34,29,71,79,4,6,70,50,48,41,13,5,4,0,0,1,0,0,5,3,53,44,14,8,8,0,1,3,0,0
050,24,001,Maryland,Allegany County,3,6,3966,2293,1673,1599,1517,582,54,10,3,18,20,0,1,84,78,1679,1592,629,98,39,28,29,30,1,4,2219,1641,1544,1494,563,52,10,0,18,19,0,1,84,75,1624,1566,610,94,39,24,29,29,1,4,74,32,55,23,19,2,0,3,0,1,0,0,0,3,55,26,19,4,0,4,0,1,0,0
050,24,001,Maryland,Allegany County,3,7,4367,2579,1788,1864,1645,624,48,15,10,17,22,2,3,57,60,1918,1700,649,75,40,39,25,28,4,7,2486,1753,1798,1621,607,48,8,6,17,22,2,3,54,53,1849,1670,631,73,32,31,24,27,4,6,93,35,66,24,17,0,7,4,0,0,0,0,3,7,69,30,18,2,8,8,1,1,0,1
050,24,001,Maryland,Allegany County,3,8,4258,2446,1812,1732,1637,618,55,8,10,39,46,1,0,48,64,1777,1698,633,82,37,46,46,50,2,2,2373,1785,1681,1621,609,53,5,5,39,46,1,0,38,60,1717,1678,622,79,25,38,45,50,2,2,73,27,51,16,9,2,3,5,0,0,0,0,10,4,60,20,11,3,12,8,1,0,0,0
050,24,001,Maryland,Allegany County,3,9,4020,2314,1706,1700,1591,511,48,17,1,17,14,1,0,68,52,1764,1636,532,70,61,34,24,17,3,1,2236,1689,1648,1577,499,47,9,0,15,14,0,0,65,51,1709,1622,519,68,52,32,21,17,2,1,78,17,52,14,12,1,8,1,2,0,1,0,3,1,55,14,13,2,9,2,3,0,1,0
050,24,001,Maryland,Allegany County,3,10,3791,2091,1700,1621,1578,389,38,3,7,28,32,0,2,50,43,1666,1616,400,50,37,38,36,34,2,5,2055,1684,1589,1563,388,37,3,7,28,32,0,2,47,43,1632,1601,397,49,36,38,35,34,2,5,36,16,32,15,1,1,0,0,0,0,0,0,3,0,34,15,3,1,1,0,1,0,0,0
050,24,001,Maryland,Allegany County,3,11,4393,2394,1999,1989,1894,317,38,10,10,30,8,0,0,48,49,2036,1941,322,47,49,47,33,10,2,3,2338,1988,1955,1888,310,34,1,9,29,8,0,0,43,49,1997,1935,315,43,35,46,32,10,2,3,56,11,34,6,7,4,9,1,1,0,0,0,5,0,39,6,7,4,14,1,1,0,0,0
050,24,001,Maryland,Allegany County,3,12,4543,2361,2182,2042,2082,239,33,10,6,13,19,1,1,56,41,2095,2122,247,41,55,37,17,21,3,2,2324,2155,2015,2066,236,28,8,2,13,19,1,0,51,40,2064,2105,244,36,50,32,15,21,2,1,37,27,27,16,3,5,2,4,0,0,0,1,5,1,31,17,3,5,5,5,2,0,1,1
050,24,001,Maryland,Allegany County,3,13,4891,2454,2437,2230,2313,167,39,6,5,11,26,0,0,40,54,2267,2363,170,52,44,47,13,30,0,2,2441,2424,2224,2304,166,39,3,2,11,26,0,0,37,53,2258,2353,169,51,38,44,13,30,0,2,13,13,6,9,1,0,3,3,0,0,0,0,3,1,9,10,1,1,6,3,0,0,0,0
050,24,001,Maryland,Allegany County,3,14,4213,2048,2165,1880,2052,101,47,1,4,25,13,1,0,40,49,1919,2098,107,56,35,42,26,18,1,0,2039,2148,1872,2039,101,46,1,2,25,13,1,0,39,48,1911,2084,106,54,34,40,26,18,1,0,9,17,8,13,0,1,0,2,0,0,0,0,1,1,8,14,1,2,1,2,0,0,0,0
050,24,001,Maryland,Allegany County,3,15,3994,1861,2133,1766,2042,63,50,7,2,10,13,0,0,15,26,1780,2065,67,57,18,22,13,16,1,0,1854,2111,1759,2020,63,50,7,2,10,13,0,0,15,26,1773,2043,67,57,18,22,13,16,1,0,7,22,7,22,0,0,0,0,0,0,0,0,0,0,7,22,0,0,0,0,0,0,0,0
050,24,001,Maryland,Allegany County,3,16,2765,1221,1544,1177,1493,25,21,0,3,6,6,0,0,13,21,1189,1512,28,24,9,20,8,8,1,6,1214,1538,1171,1487,25,21,0,3,6,6,0,0,12,21,1182,1506,27,24,8,20,8,8,1,6,7,6,6,6,0,0,0,0,0,0,0,0,1,0,7,6,1,0,1,0,0,0,0,0
050,24,001,Maryland,Allegany County,3,17,2043,851,1192,821,1159,15,16,4,2,3,0,0,0,8,15,829,1170,20,21,6,14,4,2,0,0,839,1190,814,1157,15,16,0,2,3,0,0,0,7,15,821,1168,19,21,2,14,4,2,0,0,12,2,7,2,0,0,4,0,0,0,0,0,1,0,8,2,1,0,4,0,0,0,0,0
050,24,001,Maryland,Allegany County,3,18,1855,629,1226,624,1187,3,24,1,1,1,5,0,1,0,8,624,1195,3,26,1,7,1,5,0,1,628,1223,623,1185,3,24,1,1,1,5,0,0,0,8,623,1193,3,26,1,7,1,5,0,0,1,3,1,2,0,0,0,0,0,0,0,1,0,0,1,2,0,0,0,0,0,0,0,1
050,24,001,Maryland,Allegany County,4,0,67013,34846,32167,28678,29251,4372,1077,109,85,371,434,6,15,1310,1305,29922,30482,5083,1800,577,566,568,604,44,72,34022,31656,28131,28894,4263,1034,64,58,355,425,5,13,1204,1232,29281,30061,4926,1719,482,509,532,579,39,64,824,511,547,357,109,43,45,27,16,9,1,2,106,73,641,421,157,81,95,57,36,25,5,8
050,24,001,Maryland,Allegany County,4,1,3170,1632,1538,1371,1262,71,61,5,2,14,16,0,2,171,195,1532,1448,199,207,28,25,45,50,5,9,1566,1477,1344,1221,66,58,0,2,9,15,0,2,147,179,1485,1392,180,193,14,20,36,47,4,7,66,61,27,41,5,3,5,0,5,1,0,0,24,16,47,56,19,14,14,5,9,3,1,2
050,24,001,Maryland,Allegany County,4,2,3302,1723,1579,1456,1355,76,58,2,6,20,35,0,1,169,124,1616,1471,200,150,26,24,47,57,4,4,1679,1530,1430,1319,73,54,0,6,17,34,0,1,159,116,1582,1430,193,142,19,21,42,52,3,4,44,49,26,36,3,4,2,0,3,1,0,0,10,8,34,41,7,8,7,3,5,5,1,0
050,24,001,Maryland,Allegany County,4,3,3551,1846,1705,1592,1456,78,70,3,3,27,21,0,1,146,154,1730,1602,184,181,25,28,54,40,4,9,1795,1652,1561,1426,74,62,0,1,25,21,0,1,135,141,1690,1560,174,168,18,19,49,39,4,8,51,53,31,30,4,8,3,2,2,0,0,0,11,13,40,42,10,13,7,9,5,1,0,1
050,24,001,Maryland,Allegany County,4,4,3970,2043,1927,1640,1549,208,168,8,2,47,50,0,1,140,157,1773,1698,299,275,38,41,74,76,7,7,1980,1873,1608,1518,198,165,7,0,44,46,0,1,123,143,1725,1656,283,265,30,31,65,68,5,6,63,54,32,31,10,3,1,2,3,4,0,0,17,14,48,42,16,10,8,10,9,8,2,1
050,24,001,Maryland,Allegany County,4,5,4538,2477,2061,1873,1700,421,185,5,7,39,67,0,1,139,101,2008,1798,513,255,38,28,63,83,1,4,2389,2009,1806,1658,408,180,1,7,39,66,0,1,135,97,1938,1752,497,246,34,28,61,80,1,4,88,52,67,42,13,5,4,0,0,1,0,0,4,4,70,46,16,9,4,0,2,3,0,0
050,24,001,Maryland,Allegany County,4,6,3806,2233,1573,1548,1412,557,60,11,4,26,19,0,2,91,76,1632,1485,610,105,40,29,42,32,3,3,2152,1543,1494,1389,535,59,11,1,26,18,0,2,86,74,1574,1460,586,104,36,25,41,30,3,3,81,30,54,23,22,1,0,3,0,1,0,0,5,2,58,25,24,1,4,4,1,2,0,0
050,24,001,Maryland,Allegany County,4,7,4351,2538,1813,1847,1662,612,51,14,7,9,24,1,3,55,66,1901,1725,635,83,40,33,16,32,1,6,2434,1769,1771,1632,593,49,7,3,9,23,1,3,53,59,1823,1688,615,78,32,26,16,30,1,6,104,44,76,30,19,2,7,4,0,1,0,0,2,7,78,37,20,5,8,7,0,2,0,0
050,24,001,Maryland,Allegany County,4,8,4238,2408,1830,1726,1654,582,56,5,12,34,45,2,0,59,63,1781,1715,603,81,38,46,41,50,5,3,2339,1805,1678,1638,573,54,4,7,34,45,2,0,48,61,1722,1697,592,79,29,39,40,50,5,3,69,25,48,16,9,2,1,5,0,0,0,0,11,2,59,18,11,2,9,7,1,0,0,0
050,24,001,Maryland,Allegany County,4,9,4069,2299,1770,1713,1633,489,55,12,2,21,21,1,0,63,59,1770,1685,510,79,52,34,32,27,1,6,2233,1749,1666,1618,479,54,8,1,20,21,0,0,60,55,1721,1667,498,77,47,32,30,26,0,4,66,21,47,15,10,1,4,1,1,0,1,0,3,4,49,18,12,2,5,2,2,1,1,2
050,24,001,Maryland,Allegany County,4,10,3644,2037,1607,1580,1478,372,43,5,6,32,39,0,1,48,40,1626,1515,384,55,38,32,36,41,2,4,1996,1585,1546,1459,369,40,5,6,31,39,0,1,45,40,1589,1496,379,52,37,32,35,41,2,4,41,22,34,19,3,3,0,0,1,0,0,0,3,0,37,19,5,3,1,0,1,0,0,0
050,24,001,Maryland,Allegany County,4,11,4260,2280,1980,1895,1869,299,36,10,8,33,12,0,1,43,54,1936,1919,306,51,42,47,37,17,2,3,2222,1969,1859,1862,292,33,1,7,32,12,0,1,38,54,1895,1912,297,48,30,46,36,17,2,3,58,11,36,7,7,3,9,1,1,0,0,0,5,0,41,7,9,3,12,1,1,0,0,0
050,24,001,Maryland,Allegany County,4,12,4437,2351,2086,2027,1995,241,37,6,7,15,14,1,1,61,32,2086,2025,256,43,50,31,20,16,2,3,2322,2062,2004,1981,240,32,6,4,15,14,1,0,56,31,2058,2010,252,37,48,28,20,16,2,2,29,24,23,14,1,5,0,3,0,0,0,1,5,1,28,15,4,6,2,3,0,0,0,1
050,24,001,Maryland,Allegany County,4,13,4746,2365,2381,2150,2262,156,39,10,7,7,22,0,0,42,51,2191,2308,163,50,43,47,8,27,3,1,2339,2364,2135,2251,153,38,5,3,7,22,0,0,39,50,2173,2296,159,48,36,43,8,27,3,1,26,17,15,11,3,1,5,4,0,0,0,0,3,1,18,12,4,2,7,4,0,0,0,0
050,24,001,Maryland,Allegany County,4,14,4280,2048,2232,1883,2115,98,40,1,3,23,23,1,0,42,51,1923,2159,101,54,39,43,25,26,2,1,2037,2216,1873,2103,98,39,1,1,23,23,1,0,41,50,1912,2146,101,52,38,41,25,26,2,1,11,16,10,12,0,1,0,2,0,0,0,0,1,1,11,13,0,2,1,2,0,0,0,0
050,24,001,Maryland,Allegany County,4,15,3767,1772,1995,1662,1898,72,53,7,3,13,12,0,0,18,29,1679,1927,74,56,20,28,15,12,2,2,1769,1979,1659,1883,72,52,7,3,13,12,0,0,18,29,1676,1912,74,55,20,28,15,12,2,2,3,16,3,15,0,1,0,0,0,0,0,0,0,0,3,15,0,1,0,0,0,0,0,0
050,24,001,Maryland,Allegany County,4,16,2980,1310,1670,1266,1611,24,20,0,3,7,8,0,0,13,28,1279,1638,27,25,9,26,8,9,0,5,1300,1659,1256,1600,24,20,0,3,7,8,0,0,13,28,1269,1627,27,25,9,26,8,9,0,5,10,11,10,11,0,0,0,0,0,0,0,0,0,0,10,11,0,0,0,0,0,0,0,0
050,24,001,Maryland,Allegany County,4,17,2067,854,1213,827,1172,12,22,4,2,3,1,0,0,8,16,835,1188,15,24,8,15,4,4,0,1,845,1210,823,1169,12,22,0,2,3,1,0,0,7,16,830,1185,15,24,3,15,4,4,0,1,9,3,4,3,0,0,4,0,0,0,0,0,1,0,5,3,0,0,5,0,0,0,0,0
050,24,001,Maryland,Allegany County,4,18,1837,630,1207,622,1168,4,23,1,1,1,5,0,1,2,9,624,1176,4,26,3,9,1,5,0,1,625,1205,618,1167,4,23,1,1,1,5,0,0,1,9,619,1175,4,26,2,9,1,5,0,0,5,2,4,1,0,0,0,0,0,0,0,1,1,0,5,1,0,0,1,0,0,0,0,1
050,24,001,Maryland,Allegany County,5,0,67084,34910,32174,28598,29138,4378,1085,117,98,405,459,7,18,1405,1376,29940,30436,5135,1857,597,579,607,654,65,72,34027,31621,28000,28764,4269,1042,70,59,389,450,6,15,1293,1291,29238,29983,4978,1771,493,501,576,630,55,66,883,553,598,374,109,43,47,39,16,9,1,3,112,85,702,453,157,86,104,78,31,24,10,6
050,24,001,Maryland,Allegany County,5,1,3192,1642,1550,1345,1244,69,57,5,1,24,14,0,0,199,234,1535,1471,213,230,32,30,59,55,8,9,1568,1476,1311,1202,64,53,0,1,19,13,0,0,174,207,1478,1402,193,210,17,18,53,49,7,9,74,74,34,42,5,4,5,0,5,1,0,0,25,27,57,69,20,20,15,12,6,6,1,0
050,24,001,Maryland,Allegany County,5,2,3324,1746,1578,1470,1346,81,56,1,10,16,31,0,3,178,132,1644,1470,211,154,20,26,44,51,6,9,1695,1529,1435,1308,79,55,1,7,13,31,0,3,167,125,1598,1425,204,150,16,19,40,51,5,9,51,49,35,38,2,1,0,3,3,0,0,0,11,7,46,45,7,4,4,7,4,0,1,0
050,24,001,Maryland,Allegany County,5,3,3547,1845,1702,1588,1455,71,66,5,2,28,27,0,1,153,151,1733,1599,177,177,31,25,51,51,6,6,1788,1650,1555,1424,65,59,0,1,26,26,0,1,142,139,1690,1559,167,163,20,19,48,47,5,6,57,52,33,31,6,7,5,1,2,1,0,0,11,12,43,40,10,14,11,6,3,4,1,0
050,24,001,Maryland,Allegany County,5,4,4054,2108,1946,1691,1560,210,168,6,6,53,53,0,1,148,158,1831,1705,310,283,33,39,78,79,8,7,2046,1890,1651,1529,202,164,6,0,50,52,0,1,137,144,1783,1663,297,273,29,28,71,74,5,4,62,56,40,31,8,4,0,6,3,1,0,0,11,14,48,42,13,10,4,11,7,5,3,3
050,24,001,Maryland,Allegany County,5,5,4699,2569,2130,1950,1764,404,182,7,13,46,60,0,1,162,110,2103,1868,507,259,50,40,70,78,6,6,2475,2068,1880,1724,395,177,2,7,46,56,0,1,152,103,2024,1821,496,249,38,32,68,72,5,6,94,62,70,40,9,5,5,6,0,4,0,0,10,7,79,47,11,10,12,8,2,6,1,0
050,24,001,Maryland,Allegany County,5,6,3670,2147,1523,1458,1346,563,64,13,4,20,33,0,2,93,74,1549,1419,614,109,40,25,35,43,3,4,2065,1490,1409,1321,540,62,9,1,20,32,0,2,87,72,1494,1392,589,106,32,21,35,42,3,4,82,33,49,25,23,2,4,3,0,1,0,0,6,2,55,27,25,3,8,4,0,1,0,0
050,24,001,Maryland,Allegany County,5,7,4302,2503,1799,1806,1643,610,50,12,5,23,29,0,2,52,70,1856,1709,634,83,34,34,30,40,2,5,2409,1755,1735,1610,590,46,9,4,23,28,0,2,52,65,1785,1671,614,78,31,30,30,38,2,5,94,44,71,33,20,4,3,1,0,1,0,0,0,5,71,38,20,5,3,4,0,2,0,0
050,24,001,Maryland,Allegany County,5,8,4288,2467,1821,1766,1664,591,50,9,12,35,37,3,1,63,57,1826,1719,613,73,38,39,47,44,8,3,2375,1794,1703,1647,580,50,4,5,35,37,3,1,50,54,1750,1699,597,72,25,30,45,44,8,3,92,27,63,17,11,0,5,7,0,0,0,0,13,3,76,20,16,1,13,9,2,0,0,0
050,24,001,Maryland,Allegany County,5,9,4146,2337,1809,1750,1642,488,60,11,5,19,31,1,0,68,71,1814,1705,508,84,50,47,30,40,3,4,2267,1781,1699,1623,478,58,7,3,18,31,0,0,65,66,1760,1681,497,81,45,41,28,40,2,4,70,28,51,19,10,2,4,2,1,0,1,0,3,5,54,24,11,3,5,6,2,0,1,0
050,24,001,Maryland,Allegany County,5,10,3632,2009,1623,1555,1491,371,50,6,3,31,36,1,0,45,43,1598,1531,383,62,36,29,37,41,2,3,1963,1602,1516,1470,368,50,6,3,30,36,1,0,42,43,1556,1510,379,62,34,29,36,41,2,3,46,21,39,21,3,0,0,0,1,0,0,0,3,0,42,21,4,0,2,0,1,0,0,0
050,24,001,Maryland,Allegany County,5,11,4166,2215,1951,1827,1827,296,37,10,10,37,19,0,2,45,56,1870,1880,304,49,43,51,39,24,4,3,2154,1941,1786,1819,289,36,1,9,37,19,0,2,41,56,1825,1872,295,48,32,50,39,24,4,3,61,10,41,8,7,1,9,1,0,0,0,0,4,0,45,8,9,1,11,1,0,0,0,0
050,24,001,Maryland,Allegany County,5,12,4327,2311,2016,1982,1922,239,38,1,5,19,15,1,2,69,34,2049,1954,250,48,55,31,25,16,2,2,2281,1995,1959,1911,238,31,1,5,18,15,1,0,64,33,2022,1942,248,40,52,31,22,16,2,0,30,21,23,11,1,7,0,0,1,0,0,2,5,1,27,12,2,8,3,0,3,0,0,2
050,24,001,Maryland,Allegany County,5,13,4638,2299,2339,2078,2212,154,46,17,9,8,17,0,2,42,53,2115,2262,163,55,53,49,12,23,3,3,2270,2312,2062,2196,151,42,14,3,8,17,0,2,35,52,2092,2245,156,51,45,42,11,23,2,3,29,27,16,16,3,4,3,6,0,0,0,0,7,1,23,17,7,4,8,7,1,0,1,0
050,24,001,Maryland,Allegany County,5,14,4321,2108,2213,1933,2101,114,32,1,4,21,31,1,0,38,45,1970,2141,119,43,35,39,21,35,1,1,2098,2201,1924,2094,114,31,1,1,21,31,1,0,37,44,1960,2133,118,41,35,36,21,35,1,1,10,12,9,7,0,1,0,3,0,0,0,0,1,1,10,8,1,2,0,3,0,0,0,0
050,24,001,Maryland,Allegany County,5,15,3711,1714,1997,1597,1894,74,57,6,3,12,13,0,0,25,30,1622,1921,77,65,25,24,15,16,1,1,1707,1979,1591,1877,73,56,6,3,12,13,0,0,25,30,1616,1904,76,64,25,24,15,16,1,1,7,18,6,17,1,1,0,0,0,0,0,0,0,0,6,17,1,1,0,0,0,0,0,0
050,24,001,Maryland,Allegany County,5,16,3087,1372,1715,1320,1651,26,27,2,1,9,6,0,0,15,30,1334,1679,31,33,12,25,10,7,0,4,1362,1703,1310,1639,26,27,2,1,9,6,0,0,15,30,1324,1667,31,33,12,25,10,7,0,4,10,12,10,12,0,0,0,0,0,0,0,0,0,0,10,12,0,0,0,0,0,0,0,0
050,24,001,Maryland,Allegany County,5,17,2065,857,1208,832,1166,13,21,4,3,3,2,0,0,5,16,837,1182,16,24,6,14,3,4,0,0,848,1203,828,1161,13,21,0,3,3,2,0,0,4,16,832,1177,16,24,1,14,3,4,0,0,9,5,4,5,0,0,4,0,0,0,0,0,1,0,5,5,0,0,5,0,0,0,0,0
050,24,001,Maryland,Allegany County,5,18,1915,661,1254,650,1210,4,24,1,2,1,5,0,1,5,12,654,1221,5,26,4,12,1,7,2,2,656,1252,646,1209,4,24,1,2,1,5,0,0,4,12,649,1220,5,26,4,12,1,7,1,1,5,2,4,1,0,0,0,0,0,0,0,1,1,0,5,1,0,0,0,0,0,0,1,1
050,24,001,Maryland,Allegany County,6,0,66984,34874,32110,28475,29029,4399,1078,118,102,402,465,6,18,1474,1418,29887,30366,5217,1892,608,591,630,681,45,67,33943,31522,27837,28644,4289,1031,73,64,386,456,5,15,1353,1312,29138,29882,5049,1790,506,510,597,651,41,60,931,588,638,385,110,47,45,38,16,9,1,3,121,106,749,484,168,102,102,81,33,30,4,7
050,24,001,Maryland,Allegany County,6,1,3120,1630,1490,1320,1217,67,48,4,0,26,15,0,0,213,210,1526,1415,221,209,29,20,67,56,5,8,1542,1439,1276,1190,61,45,1,0,22,14,0,0,182,190,1451,1370,197,193,17,13,60,50,4,7,88,51,44,27,6,3,3,0,4,1,0,0,31,20,75,45,24,16,12,7,7,6,1,1
050,24,001,Maryland,Allegany County,6,2,3286,1720,1566,1455,1313,80,59,1,10,16,23,0,3,168,158,1620,1463,204,176,19,36,45,51,2,6,1675,1492,1424,1271,78,57,1,7,12,23,0,3,160,131,1582,1395,197,157,16,24,40,47,2,5,45,74,31,42,2,2,0,3,4,0,0,0,8,27,38,68,7,19,3,12,5,4,0,1
050,24,001,Maryland,Allegany County,6,3,3575,1846,1729,1579,1454,72,71,6,4,18,28,0,1,171,171,1740,1620,196,197,30,32,50,53,6,6,1777,1671,1537,1418,65,67,1,3,16,27,0,1,158,155,1688,1568,182,186,20,24,44,51,6,5,69,58,42,36,7,4,5,1,2,1,0,0,13,16,52,52,14,11,10,8,6,2,0,1
050,24,001,Maryland,Allegany County,6,4,4081,2129,1952,1697,1573,220,162,6,6,56,49,0,0,150,162,1841,1723,325,279,30,40,86,73,6,8,2071,1890,1660,1536,212,157,6,0,54,49,0,0,139,148,1795,1674,312,269,26,27,80,69,5,7,58,62,37,37,8,5,0,6,2,0,0,0,11,14,46,49,13,10,4,13,6,4,1,1
050,24,001,Maryland,Allegany County,6,5,4958,2680,2278,2035,1890,410,182,7,10,42,68,0,2,186,126,2218,2009,529,266,53,41,68,91,5,6,2573,2220,1955,1852,402,178,2,7,41,63,0,2,173,118,2125,1965,516,258,40,35,67,81,5,6,107,58,80,38,8,4,5,3,1,5,0,0,13,8,93,44,13,8,13,6,1,10,0,0
050,24,001,Maryland,Allegany County,6,6,3435,2036,1399,1370,1234,549,61,10,3,18,35,0,2,89,64,1457,1295,599,99,38,23,34,45,2,3,1947,1360,1316,1205,528,56,6,1,18,34,0,2,79,62,1393,1264,574,93,29,20,33,44,2,3,89,39,54,29,21,5,4,2,0,1,0,0,10,2,64,31,25,6,9,3,1,1,0,0
050,24,001,Maryland,Allegany County,6,7,4270,2492,1778,1757,1616,616,52,13,8,30,19,0,1,76,82,1828,1696,654,97,40,40,43,32,3,1,2403,1735,1693,1588,594,49,10,4,30,18,0,1,76,75,1764,1661,632,92,37,32,43,30,3,1,89,43,64,28,22,3,3,4,0,1,0,0,0,7,64,35,22,5,3,8,0,2,0,0
050,24,001,Maryland,Allegany County,6,8,4327,2503,1824,1801,1657,595,51,10,8,33,45,3,2,61,61,1857,1713,620,81,40,34,43,53,6,5,2401,1789,1727,1632,584,49,5,4,33,45,3,2,49,57,1773,1684,604,77,27,28,41,53,5,5,102,35,74,25,11,2,5,4,0,0,0,0,12,4,84,29,16,4,13,6,2,0,1,0
050,24,001,Maryland,Allegany County,6,9,4132,2335,1797,1762,1638,478,48,9,9,20,34,1,0,65,68,1823,1701,499,75,46,46,29,42,3,2,2266,1774,1711,1626,468,47,5,4,20,34,0,0,62,63,1770,1684,487,71,40,40,29,41,2,2,69,23,51,12,10,1,4,5,0,0,1,0,3,5,53,17,12,4,6,6,0,1,1,0
050,24,001,Maryland,Allegany County,6,10,3696,2044,1652,1580,1511,377,55,8,3,32,36,1,0,46,47,1624,1552,390,71,40,35,35,41,2,2,1996,1627,1541,1487,374,54,8,3,30,36,1,0,42,47,1581,1528,385,70,38,35,33,41,2,2,48,25,39,24,3,1,0,0,2,0,0,0,4,0,43,24,5,1,2,0,2,0,0,0
050,24,001,Maryland,Allegany County,6,11,4037,2124,1913,1738,1781,302,45,11,13,32,17,0,2,41,55,1774,1830,313,59,40,53,36,24,2,7,2064,1894,1695,1764,295,44,3,12,32,17,0,2,39,55,1729,1813,305,58,31,52,36,24,2,7,60,19,43,17,7,1,8,1,0,0,0,0,2,0,45,17,8,1,9,1,0,0,0,0
050,24,001,Maryland,Allegany County,6,12,4218,2270,1948,1932,1854,244,41,2,6,22,13,1,2,69,32,1998,1884,258,48,56,29,26,17,2,2,2237,1929,1907,1845,243,34,1,6,21,13,1,0,64,31,1968,1874,254,40,52,29,25,17,2,0,33,19,25,9,1,7,1,0,1,0,0,2,5,1,30,10,4,8,4,0,1,0,0,2
050,24,001,Maryland,Allegany County,6,13,4512,2241,2271,2020,2149,157,41,17,9,5,21,0,2,42,49,2059,2196,163,50,52,46,10,25,0,5,2209,2243,2000,2134,154,35,14,3,5,21,0,2,36,48,2034,2180,159,44,45,39,8,25,0,5,32,28,20,15,3,6,3,6,0,0,0,0,6,1,25,16,4,6,7,7,2,0,0,0
050,24,001,Maryland,Allegany County,6,14,4322,2114,2208,1942,2103,109,31,1,1,20,29,0,0,42,44,1982,2147,114,39,38,37,21,32,1,0,2103,2196,1932,2094,109,29,1,0,20,29,0,0,41,44,1971,2138,114,37,37,36,21,32,1,0,11,12,10,9,0,2,0,1,0,0,0,0,1,0,11,9,0,2,1,1,0,0,0,0
050,24,001,Maryland,Allegany County,6,15,3787,1745,2042,1625,1926,78,54,3,5,16,17,0,0,23,40,1646,1965,80,59,23,35,19,23,0,2,1739,2020,1620,1908,77,53,3,3,16,17,0,0,23,39,1641,1946,79,58,23,32,19,23,0,2,6,22,5,18,1,1,0,2,0,0,0,0,0,1,5,19,1,1,0,3,0,0,0,0
050,24,001,Maryland,Allegany County,6,16,3194,1430,1764,1369,1704,26,32,5,2,10,7,0,0,20,19,1389,1719,29,37,23,17,10,10,0,2,1419,1753,1358,1693,26,32,5,2,10,7,0,0,20,19,1378,1708,29,37,23,17,10,10,0,2,11,11,11,11,0,0,0,0,0,0,0,0,0,0,11,11,0,0,0,0,0,0,0,0
050,24,001,Maryland,Allegany County,6,17,2081,865,1216,836,1178,16,19,2,2,5,4,0,0,6,13,842,1191,19,21,4,11,6,6,0,0,858,1211,832,1173,16,19,0,2,5,4,0,0,5,13,837,1186,19,21,1,11,6,6,0,0,7,5,4,5,0,0,2,0,0,0,0,0,1,0,5,5,0,0,3,0,0,0,0,0
050,24,001,Maryland,Allegany County,6,18,1953,670,1283,657,1231,3,26,3,3,1,5,0,1,6,17,663,1247,4,29,7,16,2,7,0,2,663,1279,653,1228,3,26,1,3,1,5,0,0,5,17,658,1244,4,29,4,16,2,7,0,1,7,4,4,3,0,0,2,0,0,0,0,1,1,0,5,3,0,0,3,0,0,0,0,1
050,24,001,Maryland,Allegany County,7,0,66848,34751,32097,28354,28961,4382,1108,116,95,415,472,12,19,1472,1442,29746,30311,5218,1946,599,572,643,670,60,75,33790,31504,27694,28571,4265,1059,71,62,397,463,11,16,1352,1333,28980,29819,5036,1835,496,495,609,650,54,67,961,593,660,390,117,49,45,33,18,9,1,3,120,109,766,492,182,111,103,77,34,20,6,8
050,24,001,Maryland,Allegany County,7,1,3007,1552,1455,1254,1172,53,48,1,0,24,7,2,0,218,228,1461,1393,213,215,30,27,64,47,6,9,1464,1417,1200,1154,46,47,1,0,24,6,2,0,191,210,1381,1357,189,204,22,21,61,45,6,7,88,38,54,18,7,1,0,0,0,1,0,0,27,18,80,36,24,11,8,6,3,2,0,2
050,24,001,Maryland,Allegany County,7,2,3337,1750,1587,1459,1328,89,68,4,4,19,16,1,3,178,168,1626,1488,218,192,23,30,56,41,7,8,1693,1510,1430,1286,87,64,1,4,11,16,1,3,163,137,1585,1416,207,167,14,20,45,39,5,7,57,77,29,42,2,4,3,0,8,0,0,0,15,31,41,72,11,25,9,10,11,2,2,1
050,24,001,Maryland,Allegany County,7,3,3496,1826,1670,1550,1415,83,65,5,9,18,29,2,0,168,152,1713,1559,204,180,30,30,47,51,8,6,1754,1611,1503,1376,76,65,1,6,16,28,2,0,156,136,1654,1505,189,172,21,21,45,48,8,5,72,59,47,39,7,0,4,3,2,1,0,0,12,16,59,54,15,8,9,9,2,3,0,1
050,24,001,Maryland,Allegany County,7,4,4115,2137,1978,1713,1584,223,168,7,5,53,49,0,1,141,171,1842,1746,325,290,29,38,78,71,8,6,2077,1912,1673,1546,217,159,6,0,53,49,0,1,128,157,1793,1695,311,274,22,27,74,69,7,5,60,66,40,38,6,9,1,5,0,0,0,0,13,14,49,51,14,16,7,11,4,2,1,1
050,24,001,Maryland,Allegany County,7,5,5118,2728,2390,2086,1986,396,176,7,6,48,76,0,2,191,144,2268,2119,523,276,48,37,82,100,4,8,2611,2332,2001,1948,382,170,2,6,43,71,0,2,183,135,2177,2073,504,263,38,34,76,93,4,8,117,58,85,38,14,6,5,0,5,5,0,0,8,9,91,46,19,13,10,3,6,7,0,0
050,24,001,Maryland,Allegany County,7,6,3303,2023,1280,1360,1104,545,72,6,7,28,35,0,2,84,60,1441,1159,597,110,25,22,41,47,3,4,1939,1241,1302,1076,524,67,6,2,28,34,0,2,79,60,1378,1131,574,105,23,17,40,46,3,4,84,39,58,28,21,5,0,5,0,1,0,0,5,0,63,28,23,5,2,5,1,1,0,0
050,24,001,Maryland,Allegany County,7,7,4197,2437,1760,1715,1605,605,51,15,4,19,16,0,2,83,82,1795,1680,645,94,51,35,32,28,1,5,2337,1721,1649,1577,583,50,8,3,19,15,0,2,78,74,1724,1645,622,91,41,28,31,26,1,5,100,39,66,28,22,1,7,1,0,1,0,0,5,8,71,35,23,3,10,7,1,2,0,0
050,24,001,Maryland,Allegany County,7,8,4313,2503,1810,1814,1639,594,62,12,8,35,35,3,2,45,64,1857,1700,614,93,32,35,42,43,4,5,2416,1775,1749,1617,583,58,7,4,35,35,3,2,39,59,1787,1674,600,86,23,29,42,42,4,5,87,35,65,22,11,4,5,4,0,0,0,0,6,5,70,26,14,7,9,6,0,1,0,0
050,24,001,Maryland,Allegany County,7,9,4132,2295,1837,1731,1668,478,41,9,8,24,57,2,0,51,63,1781,1725,492,68,41,42,29,62,4,4,2218,1807,1676,1649,468,40,5,3,24,57,1,0,44,58,1719,1701,480,65,31,34,29,62,3,4,77,30,55,19,10,1,4,5,0,0,1,0,7,5,62,24,12,3,10,8,0,0,1,0
050,24,001,Maryland,Allegany County,7,10,3748,2062,1686,1597,1558,373,61,6,0,32,28,1,0,53,39,1647,1591,391,74,39,25,38,34,2,2,2009,1664,1556,1537,368,60,6,0,30,28,1,0,48,39,1601,1570,383,73,37,25,36,34,2,2,53,22,41,21,5,1,0,0,2,0,0,0,5,0,46,21,8,1,2,0,2,0,0,0
050,24,001,Maryland,Allegany County,7,11,3876,2044,1832,1665,1692,300,46,7,12,28,26,0,2,44,54,1706,1740,313,62,39,49,31,30,1,6,2001,1809,1634,1671,293,45,3,11,28,26,0,2,43,54,1674,1719,305,61,35,48,31,30,1,6,43,23,31,21,7,1,4,1,0,0,0,0,1,0,32,21,8,1,4,1,0,0,0,0
050,24,001,Maryland,Allegany County,7,12,4137,2226,1911,1892,1815,248,43,5,10,27,12,0,2,54,29,1942,1843,259,50,47,31,31,15,2,2,2179,1895,1858,1807,247,37,0,10,26,12,0,0,48,29,1903,1835,256,44,38,31,29,15,1,0,47,16,34,8,1,6,5,0,1,0,0,2,6,0,39,8,3,6,9,0,2,0,1,2
050,24,001,Maryland,Allegany County,7,13,4384,2179,2205,1945,2087,158,44,15,7,5,15,1,2,55,50,1993,2132,170,57,61,44,10,19,3,3,2147,2176,1926,2071,155,38,12,2,5,15,1,2,48,48,1969,2115,163,49,54,38,8,19,2,3,32,29,19,16,3,6,3,5,0,0,0,0,7,2,24,17,7,8,7,6,2,0,1,0
050,24,001,Maryland,Allegany County,7,14,4365,2147,2218,1974,2114,105,32,4,3,20,28,0,0,44,41,2015,2154,110,40,43,33,23,31,2,1,2136,2203,1963,2103,105,30,4,1,20,28,0,0,44,41,2004,2143,110,38,43,31,23,31,2,1,11,15,11,11,0,2,0,2,0,0,0,0,0,0,11,11,0,2,0,2,0,0,0,0
050,24,001,Maryland,Allegany County,7,15,3862,1803,2059,1680,1936,71,52,2,4,20,20,0,0,30,47,1708,1979,76,61,27,44,22,22,1,0,1796,2038,1675,1920,70,50,2,2,20,20,0,0,29,46,1702,1962,75,59,26,41,22,22,1,0,7,21,5,16,1,2,0,2,0,0,0,0,1,1,6,17,1,2,1,3,0,0,0,0
050,24,001,Maryland,Allegany County,7,16,3287,1464,1823,1395,1765,37,29,6,3,10,11,0,0,16,15,1411,1778,38,30,19,16,11,13,1,4,1453,1806,1384,1748,37,29,6,3,10,11,0,0,16,15,1400,1761,38,30,19,16,11,13,1,4,11,17,11,17,0,0,0,0,0,0,0,0,0,0,11,17,0,0,0,0,0,0,0,0
050,24,001,Maryland,Allegany County,7,17,2135,879,1256,847,1211,18,22,0,2,4,6,0,0,10,15,857,1225,22,23,5,14,4,8,3,1,874,1251,843,1206,18,22,0,2,4,6,0,0,9,15,852,1220,22,23,4,14,4,8,3,1,5,5,4,5,0,0,0,0,0,0,0,0,1,0,5,5,0,0,1,0,0,0,0,0
050,24,001,Maryland,Allegany County,7,18,2036,696,1340,677,1282,6,28,5,3,1,6,0,1,7,20,683,1300,8,31,10,20,2,8,0,1,686,1336,672,1279,6,28,1,3,1,6,0,0,6,20,677,1297,8,31,5,20,2,8,0,0,10,4,5,3,0,0,4,0,0,0,0,1,1,0,6,3,0,0,5,0,0,0,0,1
050,24,003,Maryland,Anne Arundel County,1,0,592645,291312,301333,207206,209846,53210,57773,2797,2716,12349,14436,342,356,15408,16206,221248,224560,60263,65371,8321,8708,17572,19581,853,943,262074,272929,186969,190249,49878,54562,604,605,11890,13966,227,242,12506,13305,198389,202371,55404,60551,4741,5198,16406,18472,631,722,29238,28404,20237,19597,3332,3211,2193,2111,459,470,115,114,2902,2901,22859,22189,4859,4820,3580,3510,1166,1109,222,221
050,24,003,Maryland,Anne Arundel County,1,1,35233,17961,17272,11242,10766,3666,3478,210,227,739,734,25,14,2079,2053,13194,12682,4768,4624,673,678,1532,1524,69,64,15066,14582,9418,9136,3300,3151,19,27,691,687,14,9,1624,1572,10951,10603,4138,4002,334,280,1339,1365,41,43,2895,2690,1824,1630,366,327,191,200,48,47,11,5,455,481,2243,2079,630,622,339,398,193,159,28,21
050,24,003,Maryland,Anne Arundel County,1,2,37249,18863,18386,11782,11521,3971,3808,230,277,746,708,43,20,2091,2052,13706,13449,5107,4911,745,759,1528,1440,91,104,15886,15487,9884,9653,3598,3463,34,30,698,657,27,14,1645,1670,11403,11233,4481,4343,375,368,1348,1292,56,82,2977,2899,1898,1868,373,345,196,247,48,51,16,6,446,382,2303,2216,626,568,370,391,180,148,35,22
050,24,003,Maryland,Anne Arundel County,1,3,38315,19583,18732,12509,11834,4058,4040,231,212,783,712,27,28,1975,1906,14310,13588,5099,5088,773,716,1523,1320,103,91,16669,15850,10585,9910,3709,3707,41,29,733,648,10,17,1591,1539,12047,11341,4542,4538,409,367,1371,1173,69,76,2914,2882,1924,1924,349,333,190,183,50,64,17,11,384,367,2263,2247,557,550,364,349,152,147,34,15
050,24,003,Maryland,Anne Arundel County,1,4,36081,18620,17461,12346,11367,3699,3529,191,216,737,768,31,27,1616,1554,13848,12803,4531,4320,646,666,1293,1310,69,76,16115,15117,10633,9792,3414,3264,39,43,700,736,14,13,1315,1269,11860,10969,4081,3900,376,376,1176,1195,46,52,2505,2344,1713,1575,285,265,152,173,37,32,17,14,301,285,1988,1834,450,420,270,290,117,115,23,24
050,24,003,Maryland,Anne Arundel County,1,5,37110,20122,16988,13721,11309,3846,3366,253,182,986,912,31,28,1285,1191,14909,12384,4458,3950,646,564,1439,1308,88,75,17386,14707,11822,9734,3536,3098,53,29,938,873,26,21,1011,952,12757,10618,4001,3553,332,298,1311,1202,76,53,2736,2281,1899,1575,310,268,200,153,48,39,5,7,274,239,2152,1766,457,397,314,266,128,106,12,22
050,24,003,Maryland,Anne Arundel County,1,6,38684,19798,18886,13353,12451,4114,4048,260,199,974,995,21,37,1076,1156,14332,13511,4598,4596,626,627,1369,1354,70,75,17378,16589,11682,10847,3810,3781,53,30,938,952,15,24,880,955,12486,11725,4189,4214,317,356,1291,1272,57,58,2420,2297,1671,1604,304,267,207,169,36,43,6,13,196,201,1846,1786,409,382,309,271,78,82,13,17
050,24,003,Maryland,Anne Arundel County,1,7,44021,21802,22219,15099,14694,4195,4789,298,252,1132,1316,29,36,1049,1132,16036,15715,4613,5295,728,686,1494,1703,76,90,19089,19573,13208,12882,3898,4456,41,32,1094,1274,19,24,829,905,13955,13700,4219,4833,332,350,1421,1613,53,72,2713,2646,1891,1812,297,333,257,220,38,42,10,12,220,227,2081,2015,394,462,396,336,73,90,23,18
050,24,003,Maryland,Anne Arundel County,1,8,42479,20942,21537,14471,14129,4281,4772,253,259,1021,1277,31,29,885,1071,15237,15072,4647,5221,619,723,1324,1609,90,81,18412,19035,12698,12406,3959,4480,37,36,982,1232,19,25,717,856,13312,13153,4244,4822,298,381,1256,1530,76,69,2530,2502,1773,1723,322,292,216,223,39,45,12,4,168,215,1925,1919,403,399,321,342,68,79,14,12
050,24,003,Maryland,Anne Arundel County,1,9,37466,18367,19099,12684,12660,3783,4171,241,234,902,1193,32,26,725,815,13323,13386,4041,4501,593,617,1145,1436,51,52,16181,16977,11105,11168,3565,3941,28,45,870,1163,22,16,591,644,11622,11743,3754,4184,292,327,1091,1377,34,34,2186,2122,1579,1492,218,230,213,189,32,30,10,10,134,171,1701,1643,287,317,301,290,54,59,17,18
050,24,003,Maryland,Anne Arundel County,1,10,36369,17587,18782,12389,12852,3495,3913,171,167,884,1099,24,36,624,715,12947,13459,3687,4167,506,553,1077,1319,33,55,16006,17185,11247,11704,3322,3722,49,32,859,1082,18,23,511,622,11707,12233,3463,3939,315,348,1037,1292,23,36,1581,1597,1142,1148,173,191,122,135,25,17,6,13,113,93,1240,1226,224,228,191,205,40,27,10,19
050,24,003,Maryland,Anne Arundel County,1,11,39479,19031,20448,14083,14604,3522,4026,159,137,737,1019,9,26,521,636,14562,15183,3669,4225,472,488,874,1188,31,50,17803,19175,13153,13647,3417,3917,52,44,725,993,8,11,448,563,13563,14158,3543,4084,319,357,844,1149,25,32,1228,1273,930,957,105,109,107,93,12,26,1,15,73,73,999,1025,126,141,153,131,30,39,6,18
050,24,003,Maryland,Anne Arundel County,1,12,42611,20424,22187,15824,16543,3228,3867,121,146,758,994,12,11,481,626,16260,17098,3379,4082,446,545,845,1125,26,31,19483,21203,15140,15784,3144,3780,44,83,741,979,8,11,406,566,15509,16288,3256,3961,311,443,825,1105,20,29,941,984,684,759,84,87,77,63,17,15,4,0,75,60,751,810,123,121,135,102,20,20,6,2
050,24,003,Maryland,Anne Arundel County,1,13,37564,18085,19479,14199,14814,2706,3223,75,87,662,850,17,13,426,492,14584,15236,2847,3375,349,417,746,947,23,38,17404,18779,13661,14246,2643,3165,41,63,650,843,17,13,392,449,14015,14631,2765,3300,285,361,732,934,22,35,681,700,538,568,63,58,34,24,12,7,0,0,34,43,569,605,82,75,64,56,14,13,1,3
050,24,003,Maryland,Anne Arundel County,1,14,29854,14013,15841,11409,12293,1818,2454,34,52,498,689,7,10,247,343,11624,12593,1885,2572,211,292,537,747,16,20,13596,15376,11057,11916,1778,2418,24,35,492,688,7,7,238,312,11264,12189,1843,2513,194,252,530,740,16,15,417,465,352,377,40,36,10,17,6,1,0,3,9,31,360,404,42,59,17,40,7,7,0,5
050,24,003,Maryland,Anne Arundel County,1,15,24276,10971,13305,9199,10693,1216,1844,32,31,355,523,3,4,166,210,9349,10876,1252,1905,157,170,383,561,6,14,10744,13018,9019,10467,1193,1812,18,19,353,516,3,4,158,200,9161,10643,1229,1871,135,152,381,551,6,11,227,287,180,226,23,32,14,12,2,7,0,0,8,10,188,233,23,34,22,18,2,10,0,3
050,24,003,Maryland,Anne Arundel County,1,16,16551,7516,9035,6418,7511,781,1071,20,19,218,311,0,6,79,117,6483,7618,809,1108,71,97,232,328,5,11,7376,8841,6304,7346,766,1052,18,16,214,311,0,6,74,110,6364,7446,794,1086,64,89,228,327,5,11,140,194,114,165,15,19,2,3,4,0,0,0,5,7,119,172,15,22,7,8,4,1,0,0
050,24,003,Maryland,Anne Arundel County,1,17,10103,4321,5782,3629,4814,481,700,12,13,142,180,0,5,57,70,3677,4865,506,723,39,51,153,202,5,14,4239,5663,3565,4712,478,691,8,10,137,180,0,4,51,66,3607,4759,498,714,34,45,147,201,5,13,82,119,64,102,3,9,4,3,5,0,0,1,6,4,70,106,8,9,5,6,6,1,0,1
050,24,003,Maryland,Anne Arundel County,1,18,9200,3306,5894,2849,4991,350,674,6,6,75,156,0,0,26,67,2867,5042,367,708,21,59,78,160,1,2,3241,5772,2788,4899,348,664,5,2,75,152,0,0,25,55,2806,4939,364,694,19,48,78,154,1,1,65,122,61,92,2,10,1,4,0,4,0,0,1,12,61,103,3,14,2,11,0,6,0,1
050,24,003,Maryland,Anne Arundel County,2,0,593487,291745,301742,207125,209672,53568,58125,2777,2713,12456,14566,350,364,15469,16302,221245,224442,60584,65862,8142,8576,17819,19893,826,898,262300,273164,186725,189960,50210,54899,604,607,11989,14089,230,247,12542,13362,198125,202004,55904,61256,4466,4939,16729,18833,612,669,29445,28578,20400,19712,3358,3226,2173,2106,467,477,120,117,2927,2940,23120,22438,4680,4606,3676,3637,1090,1060,214,229
050,24,003,Maryland,Anne Arundel County,2,1,35203,17916,17287,11177,10696,3704,3512,198,223,752,758,24,14,2061,2084,13094,12637,4796,4625,636,679,1564,1573,78,68,15006,14588,9335,9064,3334,3188,18,24,703,711,13,9,1603,1592,10822,10536,4182,4035,286,281,1394,1397,51,47,2910,2699,1842,1632,370,324,180,199,49,47,11,5,458,492,2272,2101,614,590,350,398,170,176,27,21
050,24,003,Maryland,Anne Arundel County,2,2,37221,18874,18347,11770,11477,3980,3824,230,276,756,708,44,22,2094,2040,13714,13379,5073,4899,736,767,1557,1470,92,79,15875,15434,9861,9599,3606,3479,33,30,708,656,29,15,1638,1655,11380,11142,4463,4352,350,360,1391,1333,64,59,2999,2913,1909,1878,374,345,197,246,48,52,15,7,456,385,2334,2237,610,547,386,407,166,137,28,20
050,24,003,Maryland,Anne Arundel County,2,3,38371,19590,18781,12474,11838,4085,4062,235,216,783,720,28,27,1985,1918,14296,13598,5112,5079,764,716,1524,1423,82,81,16660,15880,10538,9896,3727,3732,42,30,730,654,11,16,1612,1552,12015,11320,4570,4563,393,367,1382,1277,57,58,2930,2901,1936,1942,358,330,193,186,53,66,17,11,373,366,2281,2278,542,516,371,349,142,146,25,23
050,24,003,Maryland,Anne Arundel County,2,4,36091,18667,17424,12359,11329,3696,3517,188,218,751,761,28,27,1645,1572,13868,12763,4519,4313,667,664,1342,1312,73,80,16128,15049,10627,9743,3402,3245,40,42,712,733,12,14,1335,1272,11843,10901,4086,3896,366,345,1229,1218,46,55,2539,2375,1732,1586,294,272,148,176,39,28,16,13,310,300,2025,1862,433,417,301,319,113,94,27,25
050,24,003,Maryland,Anne Arundel County,2,5,37286,20151,17135,13712,11378,3887,3413,241,187,988,919,35,28,1288,1210,14901,12476,4480,4009,629,546,1456,1345,79,76,17425,14830,11821,9797,3575,3139,49,30,941,876,27,22,1012,966,12748,10673,4050,3624,306,266,1347,1247,63,56,2726,2305,1891,1581,312,274,192,157,47,43,8,6,276,244,2153,1803,430,385,323,280,109,98,16,20
050,24,003,Maryland,Anne Arundel County,2,6,38548,19771,18777,13329,12364,4123,4029,261,197,967,1002,22,37,1069,1148,14306,13406,4592,4565,624,608,1347,1376,63,75,17366,16501,11663,10772,3825,3768,58,31,934,961,14,24,872,945,12455,11626,4211,4211,310,326,1278,1299,50,57,2405,2276,1666,1592,298,261,203,166,33,41,8,13,197,203,1851,1780,381,354,314,282,69,77,13,18
050,24,003,Maryland,Anne Arundel County,2,7,44040,21810,22230,15048,14664,4216,4822,298,246,1153,1324,32,41,1063,1133,16016,15690,4637,5319,733,701,1511,1688,76,89,19097,19601,13161,12859,3918,4494,41,27,1113,1281,21,27,843,913,13929,13680,4249,4894,342,349,1436,1609,56,65,2713,2629,1887,1805,298,328,257,219,40,43,11,14,220,220,2087,2010,388,425,391,352,75,79,20,24
050,24,003,Maryland,Anne Arundel County,2,8,42680,21076,21604,14546,14188,4323,4785,257,257,1034,1286,29,27,887,1061,15343,15137,4656,5242,638,747,1335,1599,69,63,18516,19100,12745,12458,4010,4491,34,41,992,1239,19,23,716,848,13386,13212,4279,4857,306,386,1265,1525,51,52,2560,2504,1801,1730,313,294,223,216,42,47,10,4,171,213,1957,1925,377,385,332,361,70,74,18,11
050,24,003,Maryland,Anne Arundel County,2,9,37777,18502,19275,12774,12736,3828,4247,236,232,900,1202,32,29,732,829,13435,13473,4096,4600,588,634,1130,1438,59,61,16295,17121,11176,11226,3604,4012,32,42,868,1170,20,18,595,653,11710,11800,3822,4292,292,328,1076,1379,42,43,2207,2154,1598,1510,224,235,204,190,32,32,12,11,137,176,1725,1673,274,308,296,306,54,59,17,18
050,24,003,Maryland,Anne Arundel County,2,10,36102,17476,18626,12265,12715,3501,3899,174,165,881,1100,25,35,630,712,12815,13333,3728,4179,494,515,1070,1307,46,65,15861,17019,11094,11550,3331,3710,48,35,855,1083,18,21,515,620,11539,12084,3517,3959,289,323,1031,1279,34,45,1615,1607,1171,1165,170,189,126,130,26,17,7,14,115,92,1276,1249,211,220,205,192,39,28,12,20
050,24,003,Maryland,Anne Arundel County,2,11,39330,18969,20361,14014,14505,3520,4034,156,128,749,1028,11,26,519,640,14474,15068,3693,4283,442,473,886,1194,29,47,17737,19076,13078,13537,3416,3918,51,41,736,1001,10,12,446,567,13473,14031,3565,4141,282,335,862,1156,27,30,1232,1285,936,968,104,116,105,87,13,27,1,14,73,73,1001,1037,128,142,160,138,24,38,2,17
050,24,003,Maryland,Anne Arundel County,2,12,42542,20427,22115,15774,16423,3268,3890,121,149,762,1006,12,13,490,634,16209,16982,3429,4128,412,521,875,1146,28,29,19469,21120,15081,15657,3177,3805,44,86,745,991,9,12,413,569,15447,16156,3314,4022,276,415,852,1123,22,27,958,995,693,766,91,85,77,63,17,15,3,1,77,65,762,826,115,106,136,106,23,23,6,2
050,24,003,Maryland,Anne Arundel County,2,13,37687,18108,19579,14193,14864,2735,3266,76,87,667,854,17,14,420,494,14568,15291,2870,3457,326,373,767,968,28,35,17412,18865,13646,14285,2668,3205,40,60,655,847,16,14,387,454,13990,14676,2792,3383,268,319,750,957,26,31,696,714,547,579,67,61,36,27,12,7,1,0,33,40,578,615,78,74,58,54,17,11,2,4
050,24,003,Maryland,Anne Arundel County,2,14,30111,14141,15970,11485,12378,1852,2475,35,56,509,702,7,9,253,350,11711,12683,1931,2617,186,269,567,770,12,19,13711,15493,11123,11995,1812,2439,24,37,503,701,7,6,242,315,11338,12267,1887,2569,167,226,561,766,12,14,430,477,362,383,40,36,11,19,6,1,0,3,11,35,373,416,44,48,19,43,6,4,0,5
050,24,003,Maryland,Anne Arundel County,2,15,24420,11022,13398,9221,10721,1238,1885,31,37,361,535,4,4,167,216,9367,10909,1296,1973,130,166,401,574,8,13,10787,13104,9032,10493,1216,1851,17,23,359,529,4,4,159,204,9172,10670,1270,1935,111,145,397,566,7,13,235,294,189,228,22,34,14,14,2,6,0,0,8,12,195,239,26,38,19,21,4,8,1,0
050,24,003,Maryland,Anne Arundel County,2,16,16625,7533,9092,6425,7546,782,1093,20,18,222,311,0,6,84,118,6497,7647,814,1139,71,94,242,331,3,10,7392,8892,6312,7378,764,1073,18,15,219,310,0,6,79,110,6380,7473,793,1116,65,83,239,330,3,10,141,200,113,168,18,20,2,3,3,1,0,0,5,8,117,174,21,23,6,11,3,1,0,0
050,24,003,Maryland,Anne Arundel County,2,17,10211,4391,5820,3697,4843,479,692,13,14,143,194,0,5,59,72,3748,4900,501,725,47,56,160,208,1,7,4304,5699,3628,4740,476,681,9,11,138,194,0,4,53,69,3674,4795,495,713,40,50,154,207,1,6,87,121,69,103,3,11,4,3,5,0,0,1,6,3,74,105,6,12,7,6,6,1,0,1
050,24,003,Maryland,Anne Arundel County,2,18,9242,3321,5921,2862,5007,351,680,7,7,78,156,0,0,23,71,2883,5070,361,710,19,47,85,171,0,1,3259,5792,2804,4911,349,669,6,2,78,152,0,0,22,58,2824,4962,359,694,17,35,85,165,0,1,62,129,58,96,2,11,1,5,0,4,0,0,1,13,59,108,2,16,2,12,0,6,0,0
050,24,003,Maryland,Anne Arundel County,3,0,595789,292559,303230,206347,208847,54475,59443,2807,2751,12928,15055,332,368,15670,16766,220659,224059,61637,67456,8175,8683,18354,20560,847,909,262193,273617,185236,188439,51091,56103,599,622,12456,14576,218,238,12593,13639,196682,200754,56847,62628,4406,4971,17207,19447,628,674,30366,29613,21111,20408,3384,3340,2208,2129,472,479,114,130,3077,3127,23977,23305,4790,4828,3769,3712,1147,1113,219,235
050,24,003,Maryland,Anne Arundel County,3,1,35028,17658,17370,10944,10587,3728,3565,204,235,752,821,11,13,2019,2149,12823,12589,4805,4710,634,696,1549,1662,65,68,14625,14500,9028,8841,3365,3249,19,27,702,771,2,8,1509,1604,10431,10330,4165,4097,261,283,1357,1471,41,46,3033,2870,1916,1746,363,316,185,208,50,50,9,5,510,545,2392,2259,640,613,373,413,192,191,24,22
050,24,003,Maryland,Anne Arundel County,3,2,36808,18792,18016,11622,11183,4051,3790,228,272,753,698,47,26,2091,2047,13562,13084,5149,4879,723,756,1564,1475,102,82,15716,15110,9655,9342,3674,3442,26,36,709,647,32,16,1620,1627,11157,10850,4528,4300,332,347,1392,1323,72,59,3076,2906,1967,1841,377,348,202,236,44,51,15,10,471,420,2405,2234,621,579,391,409,172,152,30,23
050,24,003,Maryland,Anne Arundel County,3,3,38279,19453,18826,12263,11759,4160,4074,244,216,771,729,31,25,1984,2023,14091,13618,5191,5148,758,731,1518,1470,88,84,16507,15857,10295,9779,3804,3753,41,22,719,666,15,12,1633,1625,11797,11267,4656,4627,387,364,1384,1312,64,58,2946,2969,1968,1980,356,321,203,194,52,63,16,13,351,398,2294,2351,535,521,371,367,134,158,24,26
050,24,003,Maryland,Anne Arundel County,3,4,35902,18691,17211,12312,11128,3646,3502,208,211,795,735,24,26,1706,1609,13877,12604,4516,4322,691,671,1405,1306,66,81,16066,14727,10509,9458,3353,3207,45,37,749,709,10,14,1400,1302,11789,10650,4081,3876,385,347,1286,1209,45,57,2625,2484,1803,1670,293,295,163,174,46,26,14,12,306,307,2088,1954,435,446,306,324,119,97,21,24
050,24,003,Maryland,Anne Arundel County,3,5,37764,20292,17472,13703,11496,3954,3498,189,205,1009,974,39,30,1398,1269,14995,12643,4604,4132,615,579,1521,1424,96,71,17560,15033,11765,9842,3659,3198,41,34,969,919,30,24,1096,1016,12768,10759,4178,3716,323,283,1409,1314,74,56,2732,2439,1938,1654,295,300,148,171,40,55,9,6,302,253,2227,1884,426,416,292,296,112,110,22,15
050,24,003,Maryland,Anne Arundel County,3,6,38275,19617,18658,13203,12190,4052,4032,261,198,1027,1059,8,23,1066,1156,14175,13248,4529,4582,631,600,1387,1431,42,59,17222,16346,11544,10589,3767,3752,65,38,997,1025,4,13,845,929,12312,11438,4151,4197,309,318,1320,1358,35,41,2395,2312,1659,1601,285,280,196,160,30,34,4,10,221,227,1863,1810,378,385,322,282,67,73,7,18
050,24,003,Maryland,Anne Arundel County,3,7,44219,21858,22361,14982,14518,4326,4995,312,249,1177,1352,31,49,1030,1198,15923,15603,4742,5517,720,720,1522,1745,76,94,19126,19713,13097,12720,4025,4662,39,25,1137,1312,20,32,808,962,13832,13589,4349,5083,317,358,1440,1662,53,68,2732,2648,1885,1798,301,333,273,224,40,40,11,17,222,236,2091,2014,393,434,403,362,82,83,23,26
050,24,003,Maryland,Anne Arundel County,3,8,43382,21548,21834,14725,14303,4504,4932,251,225,1127,1295,28,27,913,1052,15551,15245,4850,5382,645,696,1430,1605,71,64,18913,19357,12851,12543,4199,4663,32,43,1084,1252,20,21,727,835,13502,13288,4474,5026,301,373,1358,1534,52,51,2635,2477,1874,1760,305,269,219,182,43,43,8,6,186,217,2049,1957,376,356,344,323,72,71,19,13
050,24,003,Maryland,Anne Arundel County,3,9,39241,19217,20024,13213,13090,4011,4544,245,232,936,1243,28,34,784,881,13917,13863,4302,4923,618,654,1176,1487,60,69,16859,17760,11526,11507,3754,4289,45,34,898,1212,13,19,623,699,12081,12115,3989,4593,309,335,1113,1431,38,49,2358,2264,1687,1583,257,255,200,198,38,31,15,15,161,182,1836,1748,313,330,309,319,63,56,22,20
050,24,003,Maryland,Anne Arundel County,3,10,34849,16850,17999,11679,12104,3476,3861,195,163,869,1135,28,32,603,704,12207,12726,3689,4147,489,505,1056,1343,50,61,15117,16323,10418,10869,3300,3660,45,42,843,1116,20,16,491,620,10842,11409,3475,3916,264,326,1014,1314,39,42,1733,1676,1261,1235,176,201,150,121,26,19,8,16,112,84,1365,1317,214,231,225,179,42,29,11,19
050,24,003,Maryland,Anne Arundel County,3,11,38895,18742,20153,13798,14182,3453,4059,149,144,814,1073,16,28,512,667,14256,14773,3625,4322,424,499,954,1246,40,49,17455,18771,12810,13149,3347,3925,46,39,797,1043,16,16,439,599,13200,13677,3495,4163,270,346,927,1209,36,37,1287,1382,988,1033,106,134,103,105,17,30,0,12,73,68,1056,1096,130,159,154,153,27,37,4,12
050,24,003,Maryland,Anne Arundel County,3,12,41781,20119,21662,15288,15838,3394,3977,133,167,779,1042,10,19,515,619,15742,16385,3569,4218,432,524,902,1177,28,37,19076,20587,14551,15015,3285,3888,41,93,759,1026,8,15,432,550,14930,15497,3432,4101,277,403,870,1154,23,32,1043,1075,737,823,109,89,92,74,20,16,2,4,83,69,812,888,137,117,155,121,32,23,5,5
050,24,003,Maryland,Anne Arundel County,3,13,38002,18100,19902,14129,15043,2788,3416,74,80,700,861,16,13,393,489,14480,15471,2920,3603,305,359,792,976,27,31,17384,19151,13568,14429,2720,3349,37,50,690,853,13,13,356,457,13887,14828,2837,3525,245,307,779,965,22,29,716,751,561,614,68,67,37,30,10,8,3,0,37,32,593,643,83,78,60,52,13,11,5,2
050,24,003,Maryland,Anne Arundel County,3,14,31060,14578,16482,11704,12694,1979,2575,40,63,549,768,8,7,298,375,11965,13017,2072,2724,212,286,621,842,19,20,14089,15958,11303,12285,1935,2532,25,41,542,766,8,5,276,329,11545,12567,2019,2665,182,233,613,836,17,14,489,524,401,409,44,43,15,22,7,2,0,2,22,46,420,450,53,59,30,53,8,6,2,6
050,24,003,Maryland,Anne Arundel County,3,15,25179,11325,13854,9403,10972,1319,2038,31,52,382,549,7,5,183,238,9564,11179,1377,2140,143,197,425,592,11,16,11067,13512,9187,10706,1302,2002,16,33,380,545,7,4,175,222,9340,10899,1358,2099,123,166,422,586,11,14,258,342,216,266,17,36,15,19,2,4,0,1,8,16,224,280,19,41,20,31,3,6,0,2
050,24,003,Maryland,Anne Arundel County,3,16,17128,7718,9410,6588,7743,778,1196,19,13,242,327,0,7,91,124,6667,7855,809,1245,69,86,265,350,2,12,7566,9186,6470,7560,753,1172,16,10,241,324,0,7,86,113,6544,7661,782,1217,63,76,263,347,2,12,152,224,118,183,25,24,3,3,1,3,0,0,5,11,123,194,27,28,6,10,2,3,0,0
050,24,003,Maryland,Anne Arundel County,3,17,10590,4613,5977,3907,4968,488,678,14,18,146,228,0,4,58,81,3957,5033,509,716,45,68,160,246,3,7,4515,5846,3827,4855,483,663,10,16,142,228,0,3,53,81,3872,4920,501,701,38,66,156,246,3,6,98,131,80,113,5,15,4,2,4,0,0,1,5,0,85,113,8,15,7,2,4,0,0,1
050,24,003,Maryland,Anne Arundel County,3,18,9407,3388,6019,2884,5049,368,711,10,8,100,166,0,0,26,85,2907,5123,379,746,21,56,107,183,1,4,3330,5880,2832,4950,366,697,10,2,98,162,0,0,24,69,2853,5010,377,726,20,40,104,176,1,3,58,139,52,99,2,14,0,6,2,4,0,0,2,16,54,113,2,20,1,16,3,7,0,1
050,24,003,Maryland,Anne Arundel County,4,0,598102,293904,304198,204975,207213,56003,61036,3085,2974,13472,15610,339,383,16030,16982,219649,222617,63365,69191,8523,8942,19082,21238,866,948,261898,273216,182949,185946,52514,57583,583,621,12916,15091,228,253,12708,13722,194519,198332,58336,64172,4375,4956,17786,20026,642,702,32006,30982,22026,21267,3489,3453,2502,2353,556,519,111,130,3322,3260,25130,24285,5029,5019,4148,3986,1296,1212,224,246
050,24,003,Maryland,Anne Arundel County,4,1,35232,17862,17370,10932,10452,3750,3604,254,308,816,836,12,13,2098,2157,12894,12464,4870,4755,709,773,1646,1702,73,73,14654,14343,8901,8614,3417,3300,19,33,772,797,4,8,1541,1591,10339,10091,4234,4137,271,285,1450,1505,49,47,3208,3027,2031,1838,333,304,235,275,44,39,8,5,557,566,2555,2373,636,618,438,488,196,197,24,26
050,24,003,Maryland,Anne Arundel County,4,2,36551,18725,17826,11476,10866,4128,3927,233,232,752,713,40,27,2096,2061,13421,12779,5222,5020,732,721,1559,1490,96,82,15543,14871,9463,9023,3762,3555,26,34,707,654,26,17,1559,1588,10908,10497,4575,4395,313,331,1369,1315,64,58,3182,2955,2013,1843,366,372,207,198,45,59,14,10,537,473,2513,2282,647,625,419,390,190,175,32,24
050,24,003,Maryland,Anne Arundel County,4,3,37997,19251,18746,11936,11614,4258,4179,276,253,784,734,27,26,1970,1940,13758,13396,5285,5213,777,741,1535,1455,85,82,16203,15697,9936,9598,3887,3813,41,22,731,676,18,16,1590,1572,11403,11040,4720,4655,369,346,1388,1310,66,62,3048,3049,2000,2016,371,366,235,231,53,58,9,10,380,368,2355,2356,565,558,408,395,147,145,19,20
050,24,003,Maryland,Anne Arundel County,4,4,36205,19042,17163,12302,11007,3847,3574,267,198,795,713,36,25,1795,1646,13954,12523,4764,4423,765,662,1440,1305,84,82,16151,14455,10357,9157,3532,3252,37,28,751,678,17,15,1457,1325,11692,10375,4291,3944,379,339,1312,1196,58,60,2891,2708,1945,1850,315,322,230,170,44,35,19,10,338,321,2262,2148,473,479,386,323,128,109,26,22
050,24,003,Maryland,Anne Arundel County,4,5,37448,20086,17362,13424,11291,3930,3513,202,282,1058,960,34,31,1438,1285,14753,12458,4605,4166,631,654,1584,1410,86,73,17116,14833,11362,9607,3621,3224,43,46,945,904,24,22,1121,1030,12389,10539,4154,3752,322,298,1394,1298,64,56,2970,2529,2062,1684,309,289,159,236,113,56,10,9,317,255,2364,1919,451,414,309,356,190,112,22,17
050,24,003,Maryland,Anne Arundel County,4,6,37808,19428,18380,12953,11850,4079,3911,268,214,1035,1219,10,28,1083,1158,13946,12901,4570,4466,629,612,1419,1608,53,74,16968,16012,11274,10218,3776,3641,56,37,999,1170,7,20,856,926,12055,11060,4170,4093,294,311,1339,1509,37,52,2460,2368,1679,1632,303,270,212,177,36,49,3,8,227,232,1891,1841,400,373,335,301,80,99,16,22
050,24,003,Maryland,Anne Arundel County,4,7,44504,21919,22585,14824,14405,4517,5105,296,323,1217,1464,26,39,1039,1249,15769,15535,4944,5661,710,793,1560,1872,67,92,19182,19780,12943,12549,4213,4791,38,26,1165,1398,21,22,802,994,13671,13446,4540,5237,312,353,1469,1759,53,68,2737,2805,1881,1856,304,314,258,297,52,66,5,17,237,255,2098,2089,404,424,398,440,91,113,14,24
050,24,003,Maryland,Anne Arundel County,4,8,44009,21847,22162,14820,14425,4571,5061,282,213,1213,1348,35,29,926,1086,15657,15404,4929,5534,665,684,1523,1671,76,74,19165,19638,12939,12616,4267,4785,39,45,1176,1314,20,22,724,856,13588,13381,4546,5164,295,367,1455,1609,56,59,2682,2524,1881,1809,304,276,243,168,37,34,15,7,202,230,2069,2023,383,370,370,317,68,62,20,15
050,24,003,Maryland,Anne Arundel County,4,9,40492,19964,20528,13583,13286,4273,4824,263,229,992,1227,28,41,825,921,14322,14099,4582,5220,649,660,1265,1493,60,79,17465,18147,11779,11592,3991,4547,51,36,960,1204,14,29,670,739,12373,12237,4246,4866,330,348,1204,1442,39,59,2499,2381,1804,1694,282,277,212,193,32,23,14,12,155,182,1949,1862,336,354,319,312,61,51,21,20
050,24,003,Maryland,Anne Arundel County,4,10,34410,16673,17737,11376,11712,3599,3968,201,162,854,1124,32,32,611,739,11913,12355,3824,4269,499,513,1044,1345,53,61,14830,15973,10020,10428,3424,3761,36,34,831,1100,24,13,495,637,10451,10978,3607,4022,257,317,1006,1307,40,39,1843,1764,1356,1284,175,207,165,128,23,24,8,19,116,102,1462,1377,217,247,242,196,38,38,13,22
050,24,003,Maryland,Anne Arundel County,4,11,38250,18482,19768,13355,13674,3533,4100,137,140,912,1136,17,35,528,683,13820,14276,3717,4366,418,500,1062,1329,40,55,17095,18329,12322,12614,3391,3950,41,34,880,1103,16,22,445,606,12713,13147,3546,4190,260,338,1019,1283,37,40,1387,1439,1033,1060,142,150,96,106,32,33,1,13,83,77,1107,1129,171,176,158,162,43,46,3,15
050,24,003,Maryland,Anne Arundel County,4,12,40508,19512,20996,14602,15156,3395,4027,204,161,784,1066,10,18,517,568,15066,15657,3570,4255,493,487,912,1191,31,35,18320,19884,13783,14294,3286,3929,41,85,764,1048,8,13,438,515,14174,14746,3435,4132,275,376,882,1167,24,28,1192,1112,819,862,109,98,163,76,20,18,2,5,79,53,892,911,135,123,218,111,30,24,7,7
050,24,003,Maryland,Anne Arundel County,4,13,38268,18257,20011,14165,14966,2872,3474,73,92,726,926,13,9,408,544,14529,15441,3007,3681,308,406,820,1052,27,28,17492,19199,13575,14329,2801,3400,32,59,717,917,10,9,357,485,13890,14748,2915,3586,235,333,808,1036,22,26,765,812,590,637,71,74,41,33,9,9,3,0,51,59,639,693,92,95,73,73,12,16,5,2
050,24,003,Maryland,Anne Arundel County,4,14,31720,14834,16886,11760,12872,2114,2772,55,75,595,770,9,10,301,387,12027,13207,2207,2936,230,306,675,846,18,16,14305,16323,11337,12432,2064,2730,32,41,584,765,9,10,279,345,11583,12728,2148,2880,193,244,660,837,16,15,529,563,423,440,50,42,23,34,11,5,0,0,22,42,444,479,59,56,37,62,15,9,2,1
050,24,003,Maryland,Anne Arundel County,4,15,25006,11236,13770,9188,10747,1398,2137,29,50,413,572,9,6,199,258,9368,10971,1462,2241,150,208,462,612,14,17,10962,13357,8954,10420,1380,2103,17,30,411,568,9,3,191,233,9126,10621,1442,2201,132,170,460,606,14,12,274,413,234,327,18,34,12,20,2,4,0,3,8,25,242,350,20,40,18,38,2,6,0,5
050,24,003,Maryland,Anne Arundel County,4,16,18791,8346,10445,7141,8555,834,1356,20,16,255,380,1,10,95,128,7224,8669,866,1408,75,97,278,398,3,15,8178,10209,7011,8362,808,1328,13,14,255,377,1,9,90,119,7089,8468,839,1376,64,90,277,394,3,13,168,236,130,193,26,28,7,2,0,3,0,1,5,9,135,201,27,32,11,7,1,4,0,2
050,24,003,Maryland,Anne Arundel County,4,17,11175,4871,6304,4120,5215,517,742,14,16,156,236,0,1,64,94,4175,5294,540,781,51,71,173,256,0,5,4766,6153,4034,5085,509,726,11,13,153,236,0,0,59,93,4084,5163,530,765,45,68,170,255,0,3,105,151,86,130,8,16,3,3,3,0,0,1,5,1,91,131,10,16,6,3,3,1,0,2
050,24,003,Maryland,Anne Arundel County,4,18,9728,3569,6159,3018,5120,388,762,11,10,115,186,0,3,37,78,3053,5188,401,796,32,54,125,203,0,5,3503,6013,2959,5008,385,748,10,4,115,182,0,3,34,68,2991,5067,398,777,29,42,124,198,0,5,66,146,59,112,3,14,1,6,0,4,0,0,3,10,62,121,3,19,3,12,1,5,0,0
050,24,003,Maryland,Anne Arundel County,5,0,599327,294335,304992,203079,205714,57170,62326,3382,3117,13981,15978,333,407,16390,17450,218083,221586,64706,70736,8823,9176,19755,21809,903,960,261058,272537,180301,183583,53592,58627,564,616,13348,15390,219,256,13034,14065,192173,196294,59560,65387,4374,4974,18373,20495,649,708,33277,32455,22778,22131,3578,3699,2818,2501,633,588,114,151,3356,3385,25910,25292,5146,5349,4449,4202,1382,1314,254,252
050,24,003,Maryland,Anne Arundel County,5,1,35018,17797,17221,10708,10252,3671,3656,318,303,871,806,15,13,2214,2191,12767,12299,4849,4821,784,792,1756,1679,81,71,14403,14033,8584,8346,3334,3313,14,30,820,763,4,9,1647,1572,10115,9806,4192,4132,278,277,1548,1464,48,46,3394,3188,2124,1906,337,343,304,273,51,43,11,4,567,619,2652,2493,657,689,506,515,208,215,33,25
050,24,003,Maryland,Anne Arundel County,5,2,36417,18629,17788,11355,10740,4266,3980,205,233,738,779,31,26,2034,2030,13246,12634,5336,5052,671,701,1525,1551,85,79,15410,14781,9303,8849,3854,3604,25,33,698,707,22,14,1508,1574,10704,10314,4642,4430,288,317,1344,1367,56,57,3219,3007,2052,1891,412,376,180,200,40,72,9,12,526,456,2542,2320,694,622,383,384,181,184,29,22
050,24,003,Maryland,Anne Arundel County,5,3,37691,19069,18622,11727,11311,4250,4276,297,257,782,766,31,54,1982,1958,13560,13117,5271,5318,795,735,1537,1513,93,106,15915,15488,9668,9289,3883,3861,30,22,732,708,20,19,1582,1589,11129,10750,4701,4710,349,341,1386,1361,68,60,3154,3134,2059,2022,367,415,267,235,50,58,11,35,400,369,2431,2367,570,608,446,394,151,152,25,46
050,24,003,Maryland,Anne Arundel County,5,4,36674,19341,17333,12287,10993,4011,3710,357,192,820,674,32,22,1834,1742,13979,12595,4951,4624,861,664,1478,1301,89,76,16147,14413,10178,8990,3674,3367,35,27,773,630,14,14,1473,1385,11529,10260,4446,4099,368,337,1346,1176,58,57,3194,2920,2109,2003,337,343,322,165,47,44,18,8,361,357,2450,2335,505,525,493,327,132,125,31,19
050,24,003,Maryland,Anne Arundel County,5,5,37390,20004,17386,13134,11124,3960,3623,230,347,1131,917,37,28,1512,1347,14525,12348,4678,4309,675,737,1689,1400,90,74,16923,14692,11067,9363,3647,3318,42,38,938,862,29,18,1200,1093,12161,10352,4226,3883,342,304,1420,1287,70,55,3081,2694,2067,1761,313,305,188,309,193,55,8,10,312,254,2364,1996,452,426,333,433,269,113,20,19
050,24,003,Maryland,Anne Arundel County,5,6,37380,19241,18139,12611,11654,4113,3810,273,230,1112,1263,13,30,1119,1152,13631,12709,4625,4365,627,610,1509,1642,52,70,16789,15658,10930,9961,3821,3535,51,33,1077,1190,7,21,903,918,11749,10802,4241,3980,291,289,1434,1523,38,53,2452,2481,1681,1693,292,275,222,197,35,73,6,9,216,234,1882,1907,384,385,336,321,75,119,14,17
050,24,003,Maryland,Anne Arundel County,5,7,43676,21453,22223,14332,13924,4603,5155,249,333,1237,1503,17,33,1015,1275,15266,15083,5033,5736,642,801,1578,1930,57,87,18792,19323,12461,11998,4291,4835,42,33,1181,1422,13,22,804,1013,13195,12913,4630,5300,312,356,1485,1798,41,65,2661,2900,1871,1926,312,320,207,300,56,81,4,11,211,262,2071,2170,403,436,330,445,93,132,16,22
050,24,003,Maryland,Anne Arundel County,5,8,44463,22042,22421,14801,14458,4619,5136,337,237,1261,1415,34,29,990,1146,15696,15492,4999,5649,734,712,1601,1768,81,69,19332,19788,12923,12581,4345,4842,45,44,1222,1384,18,20,779,917,13622,13401,4649,5257,309,374,1529,1703,57,54,2710,2633,1878,1877,274,294,292,193,39,31,16,9,211,229,2074,2091,350,392,425,338,72,65,24,15
050,24,003,Maryland,Anne Arundel County,5,9,41277,20423,20854,13846,13346,4454,5027,258,242,1022,1228,29,37,814,974,14573,14201,4759,5456,623,699,1284,1511,67,73,17819,18406,11945,11641,4161,4720,52,35,993,1199,16,32,652,779,12525,12319,4406,5061,315,359,1230,1453,45,64,2604,2448,1901,1705,293,307,206,207,29,29,13,5,162,195,2048,1882,353,395,308,340,54,58,22,9
050,24,003,Maryland,Anne Arundel County,5,10,34713,16897,17816,11468,11706,3681,4012,196,176,865,1132,31,31,656,759,12055,12376,3922,4324,509,539,1070,1357,53,55,14943,15940,10017,10344,3499,3795,21,36,851,1108,21,11,534,646,10489,10907,3691,4063,254,321,1044,1323,40,33,1954,1876,1451,1362,182,217,175,140,14,24,10,20,122,113,1566,1469,231,261,255,218,26,34,13,22
050,24,003,Maryland,Anne Arundel County,5,11,37336,17983,19353,12709,13170,3636,4141,151,120,921,1189,19,42,547,691,13193,13782,3825,4416,429,470,1083,1381,53,61,16525,17865,11629,12065,3485,3967,49,35,890,1154,16,30,456,614,12030,12607,3642,4216,267,332,1036,1334,43,48,1458,1488,1080,1105,151,174,102,85,31,35,3,12,91,77,1163,1175,183,200,162,138,47,47,10,13
050,24,003,Maryland,Anne Arundel County,5,12,39303,18974,20329,13984,14492,3414,4029,256,150,792,1067,9,23,519,568,14442,14995,3586,4250,545,469,925,1200,28,42,17655,19151,13090,13577,3296,3924,43,72,775,1049,8,13,443,516,13482,14030,3448,4125,278,354,896,1176,21,32,1319,1178,894,915,118,105,213,78,17,18,1,10,76,52,960,965,138,125,267,115,29,24,7,10
050,24,003,Maryland,Anne Arundel County,5,13,38353,18202,20151,13992,14959,2926,3543,100,121,779,954,16,6,389,568,14345,15458,3057,3763,327,449,874,1084,26,30,17372,19284,13380,14314,2853,3451,33,69,764,949,12,6,330,495,13675,14746,2961,3642,224,346,851,1070,20,26,830,867,612,645,73,92,67,52,15,5,4,0,59,73,670,712,96,121,103,103,23,14,6,4
050,24,003,Maryland,Anne Arundel County,5,14,32459,15169,17290,11887,13018,2219,2943,51,75,656,812,10,12,346,430,12197,13388,2324,3114,255,332,743,903,22,22,14616,16647,11449,12506,2165,2894,25,43,646,804,10,12,321,388,11736,12836,2262,3053,211,270,730,890,20,22,553,643,438,512,54,49,26,32,10,8,0,0,25,42,461,552,62,61,44,62,13,13,2,0
050,24,003,Maryland,Anne Arundel County,5,15,25290,11425,13865,9270,10720,1471,2203,54,52,436,606,7,8,187,276,9436,10961,1533,2318,164,216,488,652,14,20,11107,13443,9017,10383,1445,2176,23,31,432,602,7,4,183,247,9179,10598,1506,2282,130,175,484,645,14,15,318,422,253,337,26,27,31,21,4,4,0,4,4,29,257,363,27,36,34,41,4,7,0,5
050,24,003,Maryland,Anne Arundel County,5,16,19649,8657,10992,7318,8920,912,1482,23,21,279,415,2,8,123,146,7429,9049,957,1538,97,108,306,444,7,11,8480,10737,7178,8709,890,1454,12,18,279,411,2,7,119,138,7285,8830,934,1507,83,99,306,439,7,10,177,255,140,211,22,28,11,3,0,4,0,1,4,8,144,219,23,31,14,9,0,5,0,1
050,24,003,Maryland,Anne Arundel County,5,17,12056,5236,6820,4448,5640,556,812,16,14,155,248,0,2,61,104,4499,5729,575,858,48,75,173,268,2,7,5112,6637,4345,5484,544,797,12,9,153,248,0,1,58,98,4393,5567,562,839,43,68,170,266,2,4,124,183,103,156,12,15,4,5,2,0,0,1,3,6,106,162,13,19,5,7,3,2,0,3
050,24,003,Maryland,Anne Arundel County,5,18,10182,3793,6389,3202,5287,408,788,11,14,124,204,0,3,48,93,3244,5370,426,825,37,67,136,225,3,7,3718,6251,3137,5183,405,774,10,8,124,200,0,3,42,83,3175,5256,421,808,32,55,134,220,1,7,75,138,65,104,3,14,1,6,0,4,0,0,6,10,69,114,5,17,5,12,2,5,2,0
050,24,003,Maryland,Anne Arundel County,6,0,601141,295243,305898,202061,204823,58222,63059,3678,3496,14379,16429,345,422,16558,17669,217236,220896,65900,71611,9139,9554,20261,22383,896,1012,260495,271949,178483,181875,54499,59238,557,631,13633,15779,226,242,13097,14184,190429,194693,60533,66079,4334,4982,18729,21003,655,702,34748,33949,23578,22948,3723,3821,3121,2865,746,650,119,180,3461,3485,26807,26203,5367,5532,4805,4572,1532,1380,241,310
050,24,003,Maryland,Anne Arundel County,6,1,34512,17574,16938,10423,10086,3609,3518,394,332,895,820,18,9,2235,2173,12506,12105,4799,4680,865,804,1789,1680,76,65,14015,13604,8246,8124,3247,3142,14,24,838,770,7,6,1663,1538,9793,9548,4117,3946,282,258,1577,1462,48,42,3559,3334,2177,1962,362,376,380,308,57,50,11,3,572,635,2713,2557,682,734,583,546,212,218,28,23
050,24,003,Maryland,Anne Arundel County,6,2,36290,18551,17739,11344,10682,4226,3969,242,324,738,828,18,22,1983,1914,13195,12468,5272,4984,698,747,1505,1573,73,75,15199,14610,9201,8730,3836,3589,19,37,702,744,9,10,1432,1500,10538,10126,4585,4376,267,300,1320,1385,42,50,3352,3129,2143,1952,390,380,223,287,36,84,9,12,551,414,2657,2342,687,608,431,447,185,188,31,25
050,24,003,Maryland,Anne Arundel County,6,3,37418,19041,18377,11636,11023,4313,4229,318,263,780,764,34,82,1960,2016,13448,12883,5334,5308,795,743,1548,1531,95,138,15807,15212,9543,9033,3911,3809,29,22,728,702,21,16,1575,1630,10999,10534,4730,4686,338,341,1394,1374,72,58,3234,3165,2093,1990,402,420,289,241,52,62,13,66,385,386,2449,2349,604,622,457,402,154,157,23,80
050,24,003,Maryland,Anne Arundel County,6,4,36779,19301,17478,12134,10972,4042,3829,422,196,787,672,26,21,1890,1788,13870,12615,5030,4771,918,675,1481,1310,81,84,15953,14373,9929,8827,3695,3477,35,22,738,623,16,14,1540,1410,11338,10117,4512,4228,372,326,1344,1177,61,60,3348,3105,2205,2145,347,352,387,174,49,49,10,7,350,378,2532,2498,518,543,546,349,137,133,20,24
050,24,003,Maryland,Anne Arundel County,6,5,37366,19983,17383,13024,10977,3999,3730,257,365,1149,873,38,25,1516,1413,14431,12263,4721,4454,703,770,1706,1383,90,71,16739,14584,10839,9141,3687,3416,47,44,963,826,26,14,1177,1143,11921,10172,4256,4009,332,322,1438,1272,68,51,3244,2799,2185,1836,312,314,210,321,186,47,12,11,339,270,2510,2091,465,445,371,448,268,111,22,20
050,24,003,Maryland,Anne Arundel County,6,6,37630,19283,18347,12475,11702,4128,3808,311,305,1158,1311,24,31,1187,1190,13568,12798,4681,4386,692,695,1583,1716,63,71,16636,15679,10730,9929,3844,3524,53,34,1070,1244,15,23,924,925,11581,10775,4278,3979,297,288,1444,1595,47,54,2647,2668,1745,1773,284,284,258,271,88,67,9,8,263,265,1987,2023,403,407,395,407,139,121,16,17
050,24,003,Maryland,Anne Arundel County,6,7,42766,21129,21637,13847,13401,4747,4935,258,397,1238,1611,25,37,1014,1256,14775,14545,5181,5518,638,841,1585,2034,66,83,18420,18684,12003,11480,4383,4628,37,39,1174,1501,17,24,806,1012,12738,12398,4724,5099,296,353,1483,1878,49,65,2709,2953,1844,1921,364,307,221,358,64,110,8,13,208,244,2037,2147,457,419,342,488,102,156,17,18
050,24,003,Maryland,Anne Arundel County,6,8,45241,22422,22819,14956,14636,4766,5272,304,268,1373,1485,42,24,981,1134,15852,15659,5153,5782,698,730,1719,1835,86,69,19667,19981,13033,12625,4496,4948,53,42,1292,1453,25,16,768,897,13728,13428,4799,5357,312,361,1599,1773,60,50,2755,2838,1923,2011,270,324,251,226,81,32,17,8,213,237,2124,2231,354,425,386,369,120,62,26,19
050,24,003,Maryland,Anne Arundel County,6,9,41949,20751,21198,13974,13525,4585,5165,271,235,1089,1229,27,29,805,1015,14693,14422,4889,5605,630,694,1351,1535,63,70,18111,18733,12057,11810,4296,4857,40,34,1055,1190,17,24,646,818,12632,12525,4543,5209,296,367,1291,1467,45,54,2640,2465,1917,1715,289,308,231,201,34,39,10,5,159,197,2061,1897,346,396,334,327,60,68,18,16
050,24,003,Maryland,Anne Arundel County,6,10,35776,17525,18251,11815,11931,3920,4201,191,204,880,1130,27,29,692,756,12432,12597,4176,4521,514,569,1104,1354,53,59,15450,16217,10262,10465,3725,3976,15,40,860,1102,20,13,568,621,10760,11006,3936,4241,257,316,1069,1310,43,39,2075,2034,1553,1466,195,225,176,164,20,28,7,16,124,135,1672,1591,240,280,257,253,35,44,10,20
050,24,003,Maryland,Anne Arundel County,6,11,36055,17402,18653,12076,12545,3626,4032,173,137,934,1206,24,39,569,694,12580,13157,3826,4315,464,488,1097,1409,47,66,15834,17123,10948,11403,3460,3868,52,37,904,1176,16,28,454,611,11345,11940,3617,4117,260,329,1055,1367,37,53,1568,1530,1128,1142,166,164,121,100,30,30,8,11,115,83,1235,1217,209,198,204,159,42,42,10,13
050,24,003,Maryland,Anne Arundel County,6,12,37979,18286,19693,13377,13867,3381,3999,211,139,796,1080,8,30,513,578,13833,14380,3559,4229,491,455,924,1224,26,49,16941,18453,12420,12931,3247,3876,52,57,780,1060,7,16,435,513,12805,13384,3399,4080,277,331,899,1196,21,32,1345,1240,957,936,134,123,159,82,16,20,1,14,78,65,1028,996,160,149,214,124,25,28,5,17
050,24,003,Maryland,Anne Arundel County,6,13,38658,18412,20246,14006,14853,3060,3679,146,129,790,978,15,8,395,599,14363,15385,3196,3907,373,464,887,1125,34,38,17515,19309,13379,14156,2980,3577,32,73,777,967,11,8,336,528,13681,14621,3092,3780,220,360,864,1104,24,31,897,937,627,697,80,102,114,56,13,11,4,0,59,71,682,764,104,127,153,104,23,21,10,7
050,24,003,Maryland,Anne Arundel County,6,14,32973,15377,17596,11954,13114,2285,3060,54,85,712,879,9,11,363,447,12273,13504,2392,3240,263,356,814,973,24,19,14791,16927,11492,12580,2230,3015,23,52,700,871,9,11,337,398,11789,12923,2331,3179,214,285,796,961,20,18,586,669,462,534,55,45,31,33,12,8,0,0,26,49,484,581,61,61,49,71,18,12,4,1
050,24,003,Maryland,Anne Arundel County,6,15,26030,11813,14217,9518,10934,1561,2291,73,57,467,618,7,8,187,309,9684,11204,1623,2418,186,234,512,678,11,24,11446,13765,9241,10564,1528,2264,23,36,464,616,7,5,183,280,9403,10807,1588,2380,133,194,509,675,11,19,367,452,277,370,33,27,50,21,3,2,0,3,4,29,281,397,35,38,53,40,3,3,0,5
050,24,003,Maryland,Anne Arundel County,6,16,20431,8924,11507,7493,9218,967,1628,25,26,297,447,2,10,140,178,7614,9375,1016,1698,110,136,328,479,3,16,8727,11222,7337,9000,948,1593,11,14,295,440,2,8,134,167,7452,9146,996,1659,92,116,325,472,3,14,197,285,156,218,19,35,14,12,2,7,0,2,6,11,162,229,20,39,18,20,3,7,0,2
050,24,003,Maryland,Anne Arundel County,6,17,12672,5457,7215,4621,5935,577,882,16,21,169,279,1,5,73,93,4683,6013,603,918,61,75,185,297,3,9,5320,7027,4511,5773,560,867,12,17,166,279,1,4,70,87,4570,5847,585,901,55,68,182,295,3,7,137,188,110,162,17,15,4,4,3,0,0,1,3,6,113,166,18,17,6,7,3,2,0,2
050,24,003,Maryland,Anne Arundel County,6,18,10616,4012,6604,3388,5422,430,832,12,13,127,219,0,2,55,116,3436,5523,449,877,40,78,143,247,2,6,3924,6446,3312,5304,426,812,10,7,127,215,0,2,49,106,3356,5396,445,853,34,67,140,240,1,5,88,158,76,118,4,20,2,6,0,4,0,0,6,10,80,127,4,24,6,11,3,7,1,1
050,24,003,Maryland,Anne Arundel County,7,0,603380,296297,307083,201188,204037,59126,64111,3773,3553,14880,16873,347,432,16983,18077,216755,220458,67036,72852,9297,9690,20973,22932,893,1051,260391,272087,176839,180485,55329,60131,579,626,14104,16183,226,244,13314,14418,188961,193511,61478,67074,4365,4988,19348,21475,636,733,35906,34996,24349,23552,3797,3980,3194,2927,776,690,121,188,3669,3659,27794,26947,5558,5778,4932,4702,1625,1457,257,318
050,24,003,Maryland,Anne Arundel County,7,1,33980,17313,16667,10179,9984,3578,3468,438,322,861,816,18,9,2239,2068,12260,11914,4774,4568,928,776,1752,1641,73,65,13719,13341,8040,7996,3238,3082,19,26,814,749,8,8,1600,1480,9528,9372,4071,3855,283,258,1530,1416,45,48,3594,3326,2139,1988,340,386,419,296,47,67,10,1,639,588,2732,2542,703,713,645,518,222,225,28,17
050,24,003,Maryland,Anne Arundel County,7,2,36247,18476,17771,11191,10533,4178,3932,250,383,813,895,18,20,2026,2008,13077,12404,5251,4997,707,829,1612,1671,76,73,14947,14528,8966,8591,3767,3566,19,32,752,811,8,11,1435,1517,10296,10002,4520,4358,255,295,1386,1469,41,50,3529,3243,2225,1942,411,366,231,351,61,84,10,9,591,491,2781,2402,731,639,452,534,226,202,35,23
050,24,003,Maryland,Anne Arundel County,7,3,37157,18869,18288,11511,10929,4319,4238,276,243,779,803,32,92,1952,1983,13324,12765,5330,5296,748,710,1550,1554,89,147,15628,15056,9349,8920,3944,3797,24,22,732,739,22,11,1557,1567,10789,10366,4748,4637,325,320,1401,1389,68,52,3241,3232,2162,2009,375,441,252,221,47,64,10,81,395,416,2535,2399,582,659,423,390,149,165,21,95
050,24,003,Maryland,Anne Arundel County,7,4,37090,19450,17640,12082,10958,4142,3933,463,203,775,662,28,23,1960,1861,13885,12671,5176,4918,976,682,1491,1326,75,91,15942,14420,9814,8722,3770,3578,38,23,720,612,16,15,1584,1470,11266,10074,4617,4359,381,329,1343,1190,54,67,3508,3220,2268,2236,372,355,425,180,55,50,12,8,376,391,2619,2597,559,559,595,353,148,136,21,24
050,24,003,Maryland,Anne Arundel County,7,5,37007,19887,17120,12852,10801,3981,3683,271,300,1166,839,28,28,1589,1469,14325,12138,4755,4431,720,713,1756,1367,79,81,16588,14290,10582,8894,3671,3347,46,39,1011,805,17,18,1261,1187,11740,9973,4292,3962,350,319,1517,1267,56,59,3299,2830,2270,1907,310,336,225,261,155,34,11,10,328,282,2585,2165,463,469,370,394,239,100,23,22
050,24,003,Maryland,Anne Arundel County,7,6,38253,19714,18539,12573,11656,4320,3951,332,362,1233,1346,33,31,1223,1193,13701,12747,4883,4538,715,737,1669,1750,71,77,16843,15766,10703,9844,4028,3642,53,41,1100,1283,19,25,940,931,11564,10691,4469,4102,292,284,1480,1638,49,60,2871,2773,1870,1812,292,309,279,321,133,63,14,6,283,262,2137,2056,414,436,423,453,189,112,22,17
050,24,003,Maryland,Anne Arundel County,7,7,41889,20727,21162,13464,12871,4693,4875,247,368,1269,1702,26,37,1028,1309,14403,14054,5138,5497,616,821,1631,2142,65,89,18087,18213,11618,10995,4346,4556,49,42,1224,1573,19,22,831,1025,12373,11918,4704,5046,310,344,1545,1958,50,62,2640,2949,1846,1876,347,319,198,326,45,129,7,15,197,284,2030,2136,434,451,306,477,86,184,15,27
050,24,003,Maryland,Anne Arundel County,7,8,45753,22717,23036,15044,14707,4877,5388,295,277,1422,1467,40,27,1039,1170,15992,15762,5300,5923,699,734,1779,1831,84,71,19822,20162,13075,12717,4553,5046,54,30,1327,1424,22,20,791,925,13789,13546,4871,5472,310,343,1645,1750,55,55,2895,2874,1969,1990,324,342,241,247,95,43,18,7,248,245,2203,2216,429,451,389,391,134,81,29,16
050,24,003,Maryland,Anne Arundel County,7,9,42533,20987,21546,14017,13783,4727,5185,221,244,1158,1271,22,24,842,1039,14777,14705,5044,5637,594,706,1441,1585,54,66,18424,18910,12100,11922,4473,4876,33,31,1121,1232,17,21,680,828,12708,12646,4729,5234,298,357,1375,1511,42,56,2563,2636,1917,1861,254,309,188,213,37,39,5,3,162,211,2069,2059,315,403,296,349,66,74,12,10
050,24,003,Maryland,Anne Arundel County,7,10,37100,18232,18868,12182,12191,4147,4456,230,217,919,1174,27,29,727,801,12835,12898,4418,4794,571,596,1149,1403,52,61,15958,16750,10532,10670,3906,4226,27,49,895,1144,16,15,582,646,11044,11235,4121,4500,275,328,1110,1356,35,44,2274,2118,1650,1521,241,230,203,168,24,30,11,14,145,155,1791,1663,297,294,296,268,39,47,17,17
050,24,003,Maryland,Anne Arundel County,7,11,34921,16825,18096,11564,11992,3562,4007,170,157,934,1204,30,36,565,700,12064,12607,3759,4292,447,493,1108,1414,63,62,15170,16458,10351,10797,3400,3809,43,32,905,1180,22,23,449,617,10742,11336,3560,4064,242,314,1060,1377,45,46,1655,1638,1213,1195,162,198,127,125,29,24,8,13,116,83,1322,1271,199,228,205,179,48,37,18,16
050,24,003,Maryland,Anne Arundel County,7,12,37038,17760,19278,12904,13434,3318,4001,175,109,860,1091,9,29,494,614,13340,13974,3488,4240,438,438,996,1245,32,51,16427,18005,11915,12463,3185,3877,50,39,844,1063,8,14,425,549,12289,12944,3336,4090,264,325,969,1211,26,34,1333,1273,989,971,133,124,125,70,16,28,1,15,69,65,1051,1030,152,150,174,113,27,34,6,17
050,24,003,Maryland,Anne Arundel County,7,13,38456,18394,20062,13777,14502,3150,3772,204,147,803,1006,13,13,447,622,14173,15047,3303,4008,459,497,916,1154,30,41,17387,19083,13104,13759,3063,3680,48,87,788,993,10,12,374,552,13435,14240,3185,3893,256,384,891,1132,24,33,1007,979,673,743,87,92,156,60,15,13,3,1,73,70,738,807,118,115,203,113,25,22,6,8
050,24,003,Maryland,Anne Arundel County,7,14,33527,15617,17910,12043,13213,2393,3214,68,94,757,912,13,11,343,466,12344,13616,2500,3401,262,365,851,1012,23,26,14987,17170,11558,12640,2328,3150,23,52,747,904,12,11,319,413,11838,12995,2428,3317,201,284,838,997,21,24,630,740,485,573,65,64,45,42,10,8,1,0,24,53,506,621,72,84,61,81,13,15,2,2
050,24,003,Maryland,Anne Arundel County,7,15,26988,12215,14773,9816,11341,1626,2390,76,60,486,650,6,7,205,325,9997,11619,1698,2520,196,248,544,716,11,20,11826,14280,9534,10939,1589,2360,17,37,483,647,6,5,197,292,9707,11188,1658,2481,131,204,540,707,11,17,389,493,282,402,37,30,59,23,3,3,0,2,8,33,290,431,40,39,65,44,4,9,0,3
050,24,003,Maryland,Anne Arundel County,7,16,21141,9238,11903,7651,9396,1070,1782,27,35,330,476,4,10,156,204,7790,9577,1121,1856,111,165,374,515,8,16,9008,11613,7464,9176,1046,1748,12,21,330,470,4,8,152,190,7599,9345,1096,1819,95,140,371,507,8,13,230,290,187,220,24,34,15,14,0,6,0,2,4,14,191,232,25,37,16,25,3,8,0,3
050,24,003,Maryland,Anne Arundel County,7,17,13227,5654,7573,4791,6168,595,969,17,18,174,303,0,4,77,111,4857,6264,621,1018,60,88,194,321,4,8,5517,7373,4681,6001,577,946,15,15,171,302,0,4,73,105,4743,6092,602,993,55,80,190,320,4,8,137,200,110,167,18,23,2,3,3,1,0,0,4,6,114,172,19,25,5,8,4,1,0,0
050,24,003,Maryland,Anne Arundel County,7,18,11073,4222,6851,3547,5578,450,867,13,14,141,256,0,2,71,134,3611,5696,477,918,50,92,160,285,4,6,4111,6669,3453,5439,445,845,9,8,140,252,0,1,64,124,3511,5548,471,892,42,80,157,280,2,5,111,182,94,139,5,22,4,6,1,4,0,1,7,10,100,148,6,26,8,12,3,5,2,1
050,24,005,Maryland,Baltimore County,1,0,854513,403839,450674,237034,253821,118925,145614,3712,3633,27353,28835,264,256,16551,18515,251666,269927,127648,155750,9931,10931,32023,33853,751,811,372798,420135,216558,233957,114515,140943,977,1021,26899,28400,131,146,13718,15668,228696,247556,121645,149384,5824,6920,30968,32842,504,577,31041,30539,20476,19864,4410,4671,2735,2612,454,435,133,110,2833,2847,22970,22371,6003,6366,4107,4011,1055,1011,247,234
050,24,005,Maryland,Baltimore County,1,1,48550,24589,23961,11827,11243,8377,8304,267,324,1845,1836,17,28,2256,2226,13871,13252,9833,9703,789,838,2525,2554,69,87,21500,21070,10023,9576,7855,7831,46,61,1819,1791,1,21,1756,1790,11619,11196,8983,8941,388,408,2389,2411,44,69,3089,2891,1804,1667,522,473,221,263,26,45,16,7,500,436,2252,2056,850,762,401,430,136,143,25,18
050,24,005,Maryland,Baltimore County,1,2,50898,25954,24944,12336,11817,9236,8884,313,316,1939,1807,15,19,2115,2101,14283,13744,10544,10167,836,872,2563,2436,75,65,22847,21959,10472,10034,8741,8392,51,56,1888,1764,7,9,1688,1704,12029,11590,9790,9437,425,447,2406,2301,51,43,3107,2985,1864,1783,495,492,262,260,51,43,8,10,427,397,2254,2154,754,730,411,425,157,135,24,22
050,24,005,Maryland,Baltimore County,1,3,54357,27772,26585,13339,12749,10235,9741,299,302,1815,1723,17,23,2067,2047,15216,14576,11414,10976,908,920,2450,2336,64,76,24686,23632,11383,10871,9766,9305,54,72,1776,1681,7,7,1700,1696,12937,12401,10739,10320,481,517,2336,2226,45,42,3086,2953,1956,1878,469,436,245,230,39,42,10,16,367,351,2279,2175,675,656,427,403,114,110,19,34
050,24,005,Maryland,Baltimore County,1,4,57605,28961,28644,14473,14166,10425,10312,280,294,1944,1961,12,21,1827,1890,16109,15854,11466,11365,863,888,2481,2533,76,92,26078,25804,12564,12333,10010,9883,66,53,1895,1930,6,10,1537,1595,13947,13765,10901,10768,501,512,2377,2440,58,62,2883,2840,1909,1833,415,429,214,241,49,31,6,11,290,295,2162,2089,565,597,362,376,104,93,18,30
050,24,005,Maryland,Baltimore County,1,5,56680,27962,28718,14549,14044,9565,10529,334,265,2089,2217,27,22,1398,1641,15790,15482,10336,11485,781,792,2512,2693,52,74,25245,26152,12811,12411,9116,10101,80,53,2046,2169,14,9,1178,1409,13849,13643,9775,10919,434,479,2408,2592,30,48,2717,2566,1738,1633,449,428,254,212,43,48,13,13,220,232,1941,1839,561,566,347,313,104,101,22,26
050,24,005,Maryland,Baltimore County,1,6,53793,25983,27810,14025,13766,8274,10188,339,311,2158,2198,24,13,1163,1334,15018,14900,8884,10926,802,826,2490,2559,62,63,23497,25295,12415,12141,7896,9801,81,71,2115,2161,15,8,975,1113,13242,13083,8413,10423,443,475,2400,2478,43,46,2486,2515,1610,1625,378,387,258,240,43,37,9,5,188,221,1776,1817,471,503,359,351,90,81,19,17
050,24,005,Maryland,Baltimore County,1,7,58033,27688,30345,15508,15592,8373,10723,332,333,2358,2435,21,22,1096,1240,16459,16659,8915,11374,835,888,2647,2743,67,64,24971,27661,13702,13876,8009,10287,62,65,2311,2393,13,15,874,1025,14469,14762,8418,10822,437,496,2556,2659,41,45,2717,2684,1806,1716,364,436,270,268,47,42,8,7,222,215,1990,1897,497,552,398,392,91,84,26,19
050,24,005,Maryland,Baltimore County,1,8,56420,26383,30037,15211,15402,7714,10748,353,336,2206,2348,22,17,877,1186,15958,16420,8098,11327,776,931,2453,2659,47,50,23638,27355,13336,13622,7384,10344,57,79,2159,2311,7,11,695,988,13928,14470,7682,10806,355,547,2376,2585,28,37,2745,2682,1875,1780,330,404,296,257,47,37,15,6,182,198,2030,1950,416,521,421,384,77,74,19,13
050,24,005,Maryland,Baltimore County,1,9,50263,23704,26559,13431,13642,7139,9613,311,256,2017,2078,24,16,782,954,14099,14413,7456,10100,740,749,2222,2314,57,53,21382,24450,11809,12213,6852,9324,77,56,1995,2045,10,8,639,804,12357,12859,7098,9722,411,458,2177,2252,37,40,2322,2109,1622,1429,287,289,234,200,22,33,14,8,143,150,1742,1554,358,378,329,291,45,62,20,13
050,24,005,Maryland,Baltimore County,1,10,49621,23247,26374,13192,13714,7225,9426,237,214,1917,2190,21,19,655,811,13735,14423,7505,9793,569,647,2102,2386,51,39,21569,24734,12008,12611,7037,9162,61,71,1895,2165,7,15,561,710,12473,13219,7268,9474,334,449,2065,2348,26,35,1678,1640,1184,1103,188,264,176,143,22,25,14,4,94,101,1262,1204,237,319,235,198,37,38,25,4
050,24,005,Maryland,Baltimore County,1,11,52856,24708,28148,15015,15799,7273,9581,179,172,1676,1859,27,6,538,731,15473,16411,7471,9923,478,590,1818,2005,39,26,23365,26897,14065,14949,7085,9382,70,60,1659,1842,14,5,472,659,14462,15493,7249,9689,327,438,1794,1977,26,24,1343,1251,950,850,188,199,109,112,17,17,13,1,66,72,1011,918,222,234,151,152,24,28,13,2
050,24,005,Maryland,Baltimore County,1,12,57417,26613,30804,17556,19068,6967,9271,157,159,1355,1552,10,17,568,737,18040,19676,7166,9588,496,618,1490,1706,30,40,25685,29768,16887,18336,6861,9122,72,92,1344,1535,10,13,511,670,17324,18890,7030,9394,380,512,1468,1681,26,31,928,1036,669,732,106,149,85,67,11,17,0,4,57,67,716,786,136,194,116,106,22,25,4,9
050,24,005,Maryland,Baltimore County,1,13,57339,26419,30920,18525,20239,6030,8557,112,126,1272,1409,12,10,468,579,18935,20712,6190,8805,400,492,1361,1529,29,27,25693,30127,17973,19628,5941,8460,72,79,1260,1408,9,7,438,545,18356,20073,6085,8682,349,425,1342,1519,24,20,726,793,552,611,89,97,40,47,12,1,3,3,30,34,579,639,105,123,51,67,19,10,5,7
050,24,005,Maryland,Baltimore County,1,14,48419,21911,26508,15867,17737,4623,7165,76,87,1009,1116,4,7,332,396,16160,18053,4743,7356,284,338,1067,1185,9,19,21418,25976,15496,17328,4567,7109,48,62,998,1108,2,6,307,363,15765,17613,4677,7281,239,292,1055,1174,7,18,493,532,371,409,56,56,28,25,11,8,2,1,25,33,395,440,66,75,45,46,12,11,2,1
050,24,005,Maryland,Baltimore County,1,15,39006,17253,21753,12737,15016,3547,5488,66,73,717,868,5,6,181,302,12880,15256,3623,5614,181,273,759,908,12,14,16955,21334,12501,14704,3525,5430,43,49,711,868,4,0,171,283,12637,14926,3594,5550,153,237,749,905,8,7,298,419,236,312,22,58,23,24,6,0,1,6,10,19,243,330,29,64,28,36,10,3,4,7
050,24,005,Maryland,Baltimore County,1,16,25711,10907,14804,8263,10817,2004,3221,28,30,480,562,3,6,129,168,8371,10951,2051,3300,101,136,514,590,6,14,10717,14543,8116,10605,1981,3198,17,17,476,561,3,2,124,160,8222,10733,2025,3269,86,119,506,588,5,7,190,261,147,212,23,23,11,13,4,1,0,4,5,8,149,218,26,31,15,17,8,2,1,7
050,24,005,Maryland,Baltimore County,1,17,17168,6810,10358,5301,7937,1082,1935,5,20,360,372,2,1,60,93,5356,8010,1105,1982,44,81,366,391,3,4,6685,10187,5199,7818,1068,1903,3,13,358,372,2,0,55,81,5249,7880,1086,1946,42,62,363,389,3,2,125,171,102,119,14,32,2,7,2,0,0,1,5,12,107,130,19,36,2,19,3,2,0,2
050,24,005,Maryland,Baltimore County,1,18,20377,6975,13402,5879,11073,836,1928,24,15,196,304,1,3,39,79,5913,11135,848,1966,48,52,203,326,3,4,6867,13191,5798,10901,821,1909,17,12,194,296,0,0,37,73,5831,10960,832,1941,39,47,201,317,2,1,108,211,81,172,15,19,7,3,2,8,1,3,2,6,82,175,16,25,9,5,2,9,1,3
050,24,005,Maryland,Baltimore County,2,0,853350,403175,450175,236075,252839,119165,145948,3726,3666,27307,28857,273,267,16629,18598,250773,269106,127962,156176,9772,10640,32264,34052,726,782,372031,419485,215551,232894,114731,141254,973,1025,26859,28426,134,153,13783,15733,227645,246555,122037,149949,5543,6502,31274,33132,500,573,31144,30690,20524,19945,4434,4694,2753,2641,448,431,139,114,2846,2865,23128,22551,5925,6227,4229,4138,990,920,226,209
050,24,005,Maryland,Baltimore County,2,1,48452,24495,23957,11707,11170,8402,8354,276,342,1813,1825,16,32,2281,2234,13790,13203,9776,9708,798,845,2579,2579,69,87,21380,21004,9900,9470,7873,7870,48,63,1787,1778,1,21,1771,1802,11508,11100,8943,8964,373,385,2437,2435,41,60,3115,2953,1807,1700,529,484,228,279,26,47,15,11,510,432,2282,2103,833,744,425,460,142,144,28,27
050,24,005,Maryland,Baltimore County,2,2,50683,25831,24852,12237,11717,9238,8888,313,321,1919,1798,17,18,2107,2110,14152,13632,10501,10155,846,856,2610,2462,61,68,22731,21875,10374,9935,8740,8403,51,57,1873,1757,8,9,1685,1714,11903,11489,9754,9435,405,424,2468,2346,41,48,3100,2977,1863,1782,498,485,262,264,46,41,9,9,422,396,2249,2143,747,720,441,432,142,116,20,20
050,24,005,Maryland,Baltimore County,2,3,54281,27766,26515,13295,12693,10260,9735,307,298,1821,1715,16,25,2067,2049,15145,14527,11488,10975,887,856,2479,2348,66,73,24641,23551,11317,10815,9788,9294,55,69,1780,1673,5,9,1696,1691,12830,12325,10805,10329,457,469,2359,2235,43,48,3125,2964,1978,1878,472,441,252,229,41,42,11,16,371,358,2315,2202,683,646,430,387,120,113,23,25
050,24,005,Maryland,Baltimore County,2,4,57294,28817,28477,14384,14050,10369,10268,266,298,1932,1939,14,23,1852,1899,16033,15738,11438,11368,817,830,2515,2530,62,78,25944,25636,12482,12227,9958,9832,62,55,1883,1909,8,11,1551,1602,13854,13643,10868,10772,466,450,2402,2446,46,56,2873,2841,1902,1823,411,436,204,243,49,30,6,12,301,297,2179,2095,570,596,351,380,113,84,16,22
050,24,005,Maryland,Baltimore County,2,5,56894,27970,28924,14502,14102,9630,10634,332,265,2078,2244,27,22,1401,1657,15760,15561,10382,11592,774,746,2533,2766,58,70,25264,26347,12770,12463,9180,10208,79,56,2039,2193,14,9,1182,1418,13825,13705,9823,11041,407,416,2451,2670,39,46,2706,2577,1732,1639,450,426,253,209,39,51,13,13,219,239,1935,1856,559,551,367,330,82,96,19,24
050,24,005,Maryland,Baltimore County,2,6,53503,25873,27630,13929,13650,8272,10152,333,302,2163,2182,23,16,1153,1328,14945,14825,8868,10875,747,793,2507,2556,60,56,23410,25153,12334,12039,7892,9772,79,69,2121,2146,14,11,970,1116,13183,13022,8402,10383,386,441,2437,2483,45,46,2463,2477,1595,1611,380,380,254,233,42,36,9,5,183,212,1762,1803,466,492,361,352,70,73,15,10
050,24,005,Maryland,Baltimore County,2,7,57921,27625,30296,15460,15522,8378,10757,332,323,2324,2418,22,22,1109,1254,16433,16614,8904,11398,800,853,2642,2766,65,72,24915,27624,13661,13808,8015,10324,61,63,2275,2382,12,14,891,1033,14438,14704,8434,10853,399,456,2561,2698,47,55,2710,2672,1799,1714,363,433,271,260,49,36,10,8,218,221,1995,1910,470,545,401,397,81,68,18,17
050,24,005,Maryland,Baltimore County,2,8,56479,26441,30038,15222,15395,7763,10755,341,344,2210,2350,24,19,881,1175,15991,16403,8161,11353,742,901,2463,2651,59,57,23714,27333,13364,13617,7429,10346,54,78,2162,2309,9,12,696,971,13963,14439,7746,10844,334,499,2388,2586,37,42,2727,2705,1858,1778,334,409,287,266,48,41,15,7,185,204,2028,1964,415,509,408,402,75,65,22,15
050,24,005,Maryland,Baltimore County,2,9,50504,23797,26707,13476,13706,7187,9675,320,268,2004,2080,25,16,785,962,14154,14518,7534,10164,718,750,2217,2319,49,43,21451,24578,11833,12259,6897,9386,81,60,1983,2050,11,8,646,815,12384,12940,7186,9804,384,446,2175,2272,31,32,2346,2129,1643,1447,290,289,239,208,21,30,14,8,139,147,1770,1578,348,360,334,304,42,47,18,11
050,24,005,Maryland,Baltimore County,2,10,49314,23090,26224,13076,13608,7166,9374,239,215,1938,2190,21,18,650,819,13616,14289,7456,9762,581,638,2114,2391,39,42,21399,24552,11879,12489,6980,9106,59,69,1916,2163,8,14,557,711,12335,13071,7228,9448,338,420,2083,2353,23,34,1691,1672,1197,1119,186,268,180,146,22,27,13,4,93,108,1281,1218,228,314,243,218,31,38,16,8
050,24,005,Maryland,Baltimore County,2,11,52655,24594,28061,14899,15668,7260,9603,184,174,1684,1880,27,6,540,730,15354,16278,7485,9950,491,588,1803,2035,46,27,23219,26794,13931,14811,7066,9397,69,58,1667,1862,12,5,474,661,14326,15358,7264,9712,325,422,1778,2007,30,22,1375,1267,968,857,194,206,115,116,17,18,15,1,66,69,1028,920,221,238,166,166,25,28,16,5
050,24,005,Maryland,Baltimore County,2,12,57094,26462,30632,17359,18870,7002,9293,162,162,1357,1559,12,17,570,731,17832,19476,7234,9626,509,609,1478,1694,31,33,25525,29589,16684,18132,6897,9146,75,91,1346,1543,12,13,511,664,17109,18681,7104,9451,375,494,1462,1672,29,27,937,1043,675,738,105,147,87,71,11,16,0,4,59,67,723,795,130,175,134,115,16,22,2,6
050,24,005,Maryland,Baltimore County,2,13,57271,26393,30878,18417,20142,6102,8601,116,128,1272,1408,12,9,474,590,18817,20625,6290,8872,399,483,1373,1523,25,25,25658,30071,17864,19523,6013,8498,68,83,1262,1406,9,7,442,554,18234,19974,6189,8755,332,413,1356,1516,19,22,735,807,553,619,89,103,48,45,10,2,3,2,32,36,583,651,101,117,67,70,17,7,6,3
050,24,005,Maryland,Baltimore County,2,14,48560,21985,26575,15910,17786,4628,7160,78,88,1025,1129,6,8,338,404,16197,18118,4754,7355,286,346,1097,1196,11,16,21476,26046,15527,17376,4570,7105,49,62,1014,1123,3,6,313,374,15791,17680,4689,7287,240,298,1082,1189,8,14,509,529,383,410,58,55,29,26,11,6,3,2,25,30,406,438,65,68,46,48,15,7,3,2
050,24,005,Maryland,Baltimore County,2,15,39310,17353,21957,12798,15120,3569,5577,66,72,734,881,5,7,181,300,12950,15368,3643,5722,177,260,769,926,12,17,17052,21533,12560,14802,3547,5519,45,50,726,881,3,1,171,280,12703,15031,3616,5656,150,226,760,925,10,9,301,424,238,318,22,58,21,22,8,0,2,6,10,20,247,337,27,66,27,34,9,1,2,8
050,24,005,Maryland,Baltimore County,2,16,25828,10974,14854,8314,10813,2021,3258,32,31,469,565,3,7,135,180,8425,10960,2082,3344,114,145,497,587,6,13,10779,14589,8166,10600,1998,3233,19,18,464,565,3,3,129,170,8272,10737,2054,3315,98,125,491,587,6,9,195,265,148,213,23,25,13,13,5,0,0,4,6,10,153,223,28,29,16,20,6,0,0,4
050,24,005,Maryland,Baltimore County,2,17,17137,6811,10326,5281,7884,1096,1948,5,17,363,383,2,1,64,93,5335,7960,1125,1999,42,76,377,396,3,1,6690,10153,5181,7762,1083,1916,3,10,362,383,2,0,59,82,5230,7828,1108,1963,39,61,375,395,3,0,121,173,100,122,13,32,2,7,1,0,0,1,5,11,105,132,17,36,3,15,2,1,0,1
050,24,005,Maryland,Baltimore County,2,18,20170,6898,13272,5809,10943,822,1916,24,18,201,311,1,1,41,83,5844,11011,841,1958,44,65,211,327,4,4,6783,13057,5724,10766,805,1899,16,14,199,303,0,0,39,75,5757,10828,824,1937,35,57,209,317,2,3,115,215,85,177,17,17,8,4,2,8,1,1,2,8,87,183,17,21,9,8,2,10,2,1
050,24,005,Maryland,Baltimore County,3,0,850038,401480,448558,232484,248986,120388,147532,3793,3839,27427,28954,272,280,17116,18967,247630,265595,129478,157978,9915,10851,32566,34296,765,820,369827,416997,211693,228492,115828,142759,955,1011,26977,28523,126,147,14248,16065,224212,242456,123417,151654,5584,6513,31569,33351,510,590,31653,31561,20791,20494,4560,4773,2838,2828,450,431,146,133,2868,2902,23418,23139,6061,6324,4331,4338,997,945,255,230
050,24,005,Maryland,Baltimore County,3,1,47792,24258,23534,11335,10809,8436,8195,312,444,1755,1757,23,41,2397,2288,13522,12896,9883,9582,835,935,2572,2543,80,93,21080,20387,9550,9047,7869,7698,49,51,1714,1703,3,19,1895,1869,11274,10744,9008,8828,381,381,2413,2394,46,59,3178,3147,1785,1762,567,497,263,393,41,54,20,22,502,419,2248,2152,875,754,454,554,159,149,34,34
050,24,005,Maryland,Baltimore County,3,2,49859,25323,24536,11865,11413,9193,8932,314,310,1864,1755,22,15,2065,2111,13741,13330,10428,10208,821,839,2555,2437,69,63,22267,21515,9982,9586,8724,8448,47,55,1834,1719,8,5,1672,1702,11499,11127,9731,9474,386,410,2434,2316,45,44,3056,3021,1883,1827,469,484,267,255,30,36,14,10,393,409,2242,2203,697,734,435,429,121,121,24,19
050,24,005,Maryland,Baltimore County,3,3,53878,27593,26285,13012,12362,10316,9810,339,309,1855,1724,10,28,2061,2052,14863,14199,11539,11050,906,864,2513,2362,61,78,24363,23226,10983,10466,9819,9333,66,66,1807,1675,0,13,1688,1673,12495,11959,10832,10357,458,450,2389,2235,40,50,3230,3059,2029,1896,497,477,273,243,48,49,10,15,373,379,2368,2240,707,693,448,414,124,127,21,28
050,24,005,Maryland,Baltimore County,3,4,56542,28531,28011,14178,13756,10215,10121,262,303,1898,1875,21,23,1957,1933,15923,15480,11352,11244,837,851,2510,2487,74,79,25581,25123,12245,11878,9789,9693,50,61,1850,1843,13,7,1634,1641,13694,13333,10755,10658,472,468,2393,2397,54,53,2950,2888,1933,1878,426,428,212,242,48,32,8,16,323,292,2229,2147,597,586,365,383,117,90,20,26
050,24,005,Maryland,Baltimore County,3,5,58177,28503,29674,14532,14309,10046,11109,353,280,2078,2257,15,21,1479,1698,15857,15800,10845,12093,807,766,2568,2795,52,71,25772,27018,12764,12594,9605,10691,80,63,2036,2212,9,7,1278,1451,13902,13862,10303,11543,428,426,2486,2705,36,46,2731,2656,1768,1715,441,418,273,217,42,45,6,14,201,247,1955,1938,542,550,379,340,82,90,16,25
050,24,005,Maryland,Baltimore County,3,6,52681,25604,27077,13634,13259,8299,9996,331,293,2171,2156,20,20,1149,1353,14655,14454,8903,10737,735,770,2509,2534,58,61,23185,24650,12048,11671,7924,9627,82,60,2140,2123,12,14,979,1155,12911,12689,8446,10267,389,432,2453,2468,45,48,2419,2427,1586,1588,375,369,249,233,31,33,8,6,170,198,1744,1765,457,470,346,338,56,66,13,13
050,24,005,Maryland,Baltimore County,3,7,57640,27320,30320,15104,15188,8441,11057,289,322,2294,2409,27,19,1165,1325,16127,16347,9005,11732,774,862,2625,2778,73,69,24674,27621,13380,13452,8065,10627,55,61,2238,2380,10,11,926,1090,14187,14399,8511,11188,398,459,2529,2711,46,50,2646,2699,1724,1736,376,430,234,261,56,29,17,8,239,235,1940,1948,494,544,376,403,96,67,27,19
050,24,005,Maryland,Baltimore County,3,8,56360,26497,29863,15104,15311,7902,10708,303,345,2227,2323,21,24,940,1152,15922,16296,8330,11287,732,884,2488,2617,57,59,23813,27133,13304,13548,7550,10292,44,72,2175,2273,11,16,729,932,13928,14336,7887,10770,333,468,2410,2540,36,44,2684,2730,1800,1763,352,416,259,273,52,50,10,8,211,220,1994,1960,443,517,399,416,78,77,21,15
050,24,005,Maryland,Baltimore County,3,9,51567,24150,27417,13614,13996,7360,10024,345,290,1983,2110,24,17,824,980,14321,14815,7733,10521,761,771,2210,2351,60,50,21681,25199,11887,12460,7065,9722,73,66,1968,2090,11,8,677,853,12462,13164,7372,10159,385,458,2174,2314,34,38,2469,2218,1727,1536,295,302,272,224,15,20,13,9,147,127,1859,1651,361,362,376,313,36,37,26,12
050,24,005,Maryland,Baltimore County,3,10,47789,22415,25374,12588,13025,6966,9134,246,217,1968,2173,17,13,630,812,13111,13708,7239,9527,561,635,2144,2376,38,38,20668,23640,11338,11864,6766,8856,61,66,1950,2141,8,10,545,703,11787,12446,7003,9201,319,407,2115,2332,26,33,1747,1734,1250,1161,200,278,185,151,18,32,9,3,85,109,1324,1262,236,326,242,228,29,44,12,5
050,24,005,Maryland,Baltimore County,3,11,52149,24291,27858,14470,15189,7289,9735,190,195,1746,1978,25,8,571,753,14959,15820,7529,10092,512,610,1882,2141,46,29,22835,26506,13463,14300,7085,9509,67,60,1723,1954,3,6,494,677,13881,14863,7293,9832,333,421,1849,2110,20,27,1456,1352,1007,889,204,226,123,135,23,24,22,2,77,76,1078,957,236,260,179,189,33,31,26,2
050,24,005,Maryland,Baltimore County,3,12,55393,25660,29733,16430,17866,7079,9354,174,169,1387,1610,21,19,569,715,16903,18461,7322,9683,510,597,1514,1741,38,39,24643,28652,15698,17096,6954,9205,83,83,1376,1595,20,14,512,659,16118,17642,7172,9510,375,472,1494,1721,34,32,1017,1081,732,770,125,149,91,86,11,15,1,5,57,56,785,819,150,173,135,125,20,20,4,7
050,24,005,Maryland,Baltimore County,3,13,56841,26195,30646,17998,19783,6298,8678,118,130,1274,1407,11,7,496,641,18422,20318,6496,8973,423,516,1376,1532,27,32,25445,29795,17444,19142,6204,8562,60,89,1270,1403,8,7,459,592,17835,19632,6389,8837,338,441,1369,1523,22,30,750,851,554,641,94,116,58,41,4,4,3,0,37,49,587,686,107,136,85,75,7,9,5,2
050,24,005,Maryland,Baltimore County,3,14,49198,22256,26942,16031,17954,4712,7270,87,92,1080,1177,5,8,341,441,16322,18310,4841,7484,292,365,1154,1253,13,19,21690,26372,15604,17493,4649,7225,51,63,1068,1172,2,4,316,415,15871,17826,4768,7428,240,318,1138,1245,9,13,566,570,427,461,63,45,36,29,12,5,3,4,25,26,451,484,73,56,52,47,16,8,4,6
050,24,005,Maryland,Baltimore County,3,15,41025,18029,22996,13222,15654,3764,6044,56,62,783,918,5,8,199,310,13391,15913,3842,6197,178,256,822,962,9,17,17707,22559,12965,15318,3739,5990,42,48,772,917,3,3,186,283,13121,15550,3812,6134,157,223,810,959,7,11,322,437,257,336,25,54,14,14,11,1,2,5,13,27,270,363,30,63,21,33,12,3,2,6
050,24,005,Maryland,Baltimore County,3,16,26386,11212,15174,8442,10899,2111,3425,46,40,454,589,3,7,156,214,8572,11082,2177,3528,140,180,485,621,5,13,11005,14885,8288,10669,2089,3396,28,25,448,589,3,3,149,203,8411,10841,2152,3495,118,157,478,620,5,7,207,289,154,230,22,29,18,15,6,0,0,4,7,11,161,241,25,33,22,23,7,1,0,6
050,24,005,Maryland,Baltimore County,3,17,17290,6949,10341,5326,7811,1163,2012,6,14,377,405,2,2,75,97,5384,7888,1197,2067,50,74,395,418,4,3,6845,10151,5236,7680,1157,1976,4,3,376,405,2,0,70,87,5289,7748,1189,2024,44,58,393,418,4,1,104,190,90,131,6,36,2,11,1,0,0,2,5,10,95,140,8,43,6,16,2,0,0,2
050,24,005,Maryland,Baltimore County,3,18,19471,6694,12777,5599,10402,798,1928,22,24,233,331,0,0,42,92,5635,10478,817,1973,41,76,244,348,1,7,6573,12565,5514,10228,775,1909,13,19,232,329,0,0,39,80,5547,10295,794,1949,30,64,242,343,1,4,121,212,85,174,23,19,9,5,1,2,0,0,3,12,88,183,23,24,11,12,2,5,0,3
050,24,005,Maryland,Baltimore County,4,0,847672,399601,448071,229222,245684,120956,149044,3831,4044,27766,29430,280,283,17546,19586,244765,262838,130333,159913,10023,11165,33070,35013,779,839,366960,415338,207637,224455,116327,144158,940,1005,27318,29008,129,146,14609,16566,220491,238860,124148,153386,5624,6583,32070,34044,531,593,32641,32733,21585,21229,4629,4886,2891,3039,448,422,151,137,2937,3020,24274,23978,6185,6527,4399,4582,1000,969,248,246
050,24,005,Maryland,Baltimore County,4,1,47439,23981,23458,11052,10642,8387,8143,364,485,1751,1732,24,34,2403,2422,13251,12848,9845,9609,891,1012,2578,2582,86,89,20560,20038,9141,8748,7767,7610,45,49,1694,1677,3,14,1910,1940,10883,10508,8919,8777,386,386,2406,2413,50,54,3421,3420,1911,1894,620,533,319,436,57,55,21,20,493,482,2368,2340,926,832,505,626,172,169,36,35
050,24,005,Maryland,Baltimore County,4,2,49129,24807,24322,11545,11187,8984,8930,321,350,1801,1710,18,20,2138,2125,13489,13113,10271,10215,837,863,2523,2400,69,75,21712,21311,9661,9364,8504,8450,45,50,1772,1684,5,9,1725,1754,11227,10952,9542,9512,391,412,2400,2299,46,50,3095,3011,1884,1823,480,480,276,300,29,26,13,11,413,371,2262,2161,729,703,446,451,123,101,23,25
050,24,005,Maryland,Baltimore County,4,3,53041,27113,25928,12622,11994,10214,9744,310,308,1906,1769,13,26,2048,2087,14469,13869,11429,11010,865,860,2566,2426,66,71,23887,22846,10576,10089,9704,9279,68,59,1868,1717,3,14,1668,1688,12076,11600,10704,10313,444,435,2451,2288,45,53,3226,3082,2046,1905,510,465,242,249,38,52,10,12,380,399,2393,2269,725,697,421,425,115,138,21,18
050,24,005,Maryland,Baltimore County,4,4,56365,28517,27848,14071,13609,10218,10053,260,311,1911,1874,29,21,2028,1980,15888,15378,11410,11221,836,859,2543,2500,81,79,25458,24871,12007,11641,9806,9632,48,62,1869,1837,14,5,1714,1694,13536,13146,10827,10642,478,474,2434,2405,56,51,3059,2977,2064,1968,412,421,212,249,42,37,15,16,314,286,2352,2232,583,579,358,385,109,95,25,28
050,24,005,Maryland,Baltimore County,4,5,57797,28212,29585,14215,13917,10057,11272,332,305,2033,2292,19,26,1556,1773,15610,15475,10911,12312,813,807,2541,2845,52,72,25442,26815,12404,12177,9657,10794,70,66,1989,2253,10,9,1312,1516,13573,13504,10384,11693,424,447,2448,2758,37,46,2770,2770,1811,1740,400,478,262,239,44,39,9,17,244,257,2037,1971,527,619,389,360,93,87,15,26
050,24,005,Maryland,Baltimore County,4,6,52484,25453,27031,13432,13016,8287,10037,303,316,2225,2267,18,17,1188,1378,14482,14240,8922,10802,701,806,2593,2664,58,68,23041,24417,11822,11332,7911,9623,81,65,2197,2233,9,8,1021,1156,12717,12355,8468,10272,388,432,2536,2588,42,45,2412,2614,1610,1684,376,414,222,251,28,34,9,9,167,222,1765,1885,454,530,313,374,57,76,16,23
050,24,005,Maryland,Baltimore County,4,7,56900,26769,30131,14655,14900,8387,11044,293,294,2223,2426,21,23,1190,1444,15692,16165,8969,11793,780,853,2565,2829,62,75,24182,27456,12957,13135,8025,10652,52,57,2178,2394,12,15,958,1203,13786,14182,8491,11284,403,477,2485,2760,45,62,2587,2675,1698,1765,362,392,241,237,45,32,9,8,232,241,1906,1983,478,509,377,376,80,69,17,13
050,24,005,Maryland,Baltimore County,4,8,56568,26717,29851,15214,15218,7944,10774,321,341,2276,2304,25,25,937,1189,16030,16241,8374,11383,733,878,2546,2609,58,63,23881,27132,13279,13432,7567,10381,54,72,2221,2266,11,15,749,966,13925,14253,7912,10885,344,464,2465,2546,38,45,2836,2719,1935,1786,377,393,267,269,55,38,14,10,188,223,2105,1988,462,498,389,414,81,63,20,18
050,24,005,Maryland,Baltimore County,4,9,52431,24564,27867,13917,14176,7456,10250,322,321,1988,2118,20,14,861,988,14660,15006,7845,10758,747,797,2228,2369,49,46,22007,25528,12105,12575,7163,9926,69,69,1964,2096,9,7,697,855,12698,13285,7483,10368,380,458,2179,2329,29,31,2557,2339,1812,1601,293,324,253,252,24,22,11,7,164,133,1962,1721,362,390,367,339,49,40,20,15
050,24,005,Maryland,Baltimore County,4,10,47153,22087,25066,12255,12721,6960,9031,279,248,1936,2183,17,9,640,874,12796,13446,7246,9460,606,696,2107,2396,36,38,20223,23203,10950,11511,6741,8745,62,53,1921,2154,9,8,540,732,11399,12110,6982,9106,321,402,2083,2356,24,32,1864,1863,1305,1210,219,286,217,195,15,29,8,1,100,142,1397,1336,264,354,285,294,24,40,12,6
050,24,005,Maryland,Baltimore County,4,11,51493,23982,27511,13908,14660,7354,9830,201,208,1880,2087,28,15,611,711,14422,15257,7614,10164,534,591,2029,2257,53,37,22420,26110,12836,13718,7143,9603,63,71,1856,2060,5,10,517,648,13267,14258,7363,9908,329,410,1992,2222,26,29,1562,1401,1072,942,211,227,138,137,24,27,23,5,94,63,1155,999,251,256,205,181,37,35,27,8
050,24,005,Maryland,Baltimore County,4,12,53816,25019,28797,15691,16957,7118,9324,174,163,1460,1642,22,20,554,691,16161,17534,7349,9647,493,568,1582,1775,40,39,23927,27683,14879,16154,7001,9169,82,70,1447,1629,20,15,498,646,15299,16691,7211,9470,363,445,1565,1756,34,32,1092,1114,812,803,117,155,92,93,13,13,2,5,56,45,862,843,138,177,130,123,17,19,6,7
050,24,005,Maryland,Baltimore County,4,13,55943,25747,30196,17360,19127,6451,8815,124,131,1297,1421,11,9,504,693,17784,19703,6653,9135,423,544,1402,1561,30,31,24983,29301,16804,18473,6349,8696,56,86,1293,1412,9,8,472,626,17198,18987,6538,8988,335,455,1395,1545,26,26,764,895,556,654,102,119,68,45,4,9,2,1,32,67,586,716,115,147,88,89,7,16,4,5
050,24,005,Maryland,Baltimore County,4,14,49931,22441,27490,15979,18091,4867,7621,95,103,1118,1225,5,7,377,443,16299,18444,5012,7842,325,377,1197,1299,13,12,21852,26820,15543,17550,4801,7560,54,68,1106,1220,2,3,346,419,15834,17882,4934,7771,262,326,1183,1292,9,8,589,670,436,541,66,61,41,35,12,5,3,4,31,24,465,562,78,71,63,51,14,7,4,4
050,24,005,Maryland,Baltimore County,4,15,40746,17938,22808,12995,15228,3859,6248,51,63,819,949,2,3,212,317,13175,15487,3944,6407,183,263,866,992,8,12,17594,22372,12720,14889,3825,6192,40,54,809,946,1,3,199,288,12888,15121,3906,6338,163,235,853,986,7,12,344,436,275,339,34,56,11,9,10,3,1,0,13,29,287,366,38,69,20,28,13,6,1,0
050,24,005,Maryland,Baltimore County,4,16,28884,12199,16685,9166,11954,2309,3772,44,58,506,632,6,9,168,260,9303,12174,2376,3890,145,225,539,670,9,17,11992,16353,9004,11697,2292,3741,31,33,500,632,5,3,160,247,9134,11904,2356,3856,125,191,533,668,8,10,207,332,162,257,17,31,13,25,6,0,1,6,8,13,169,270,20,34,20,34,6,2,1,7
050,24,005,Maryland,Baltimore County,4,17,18035,7267,10768,5548,8032,1250,2179,14,17,372,431,2,5,81,104,5614,8114,1287,2233,61,81,391,450,8,9,7144,10572,5445,7900,1243,2143,6,4,370,431,2,0,78,94,5508,7974,1279,2193,51,61,389,447,8,2,123,196,103,132,7,36,8,13,2,0,0,5,3,10,106,140,8,40,10,20,2,3,0,7
050,24,005,Maryland,Baltimore County,4,18,19517,6788,12729,5597,10255,854,1977,23,22,264,368,0,0,50,107,5640,10344,876,2032,50,85,274,389,1,6,6655,12510,5504,10070,828,1962,14,17,264,367,0,0,45,94,5543,10148,849,2010,37,73,273,386,1,5,133,219,93,185,26,15,9,5,0,1,0,0,5,13,97,196,27,22,13,12,1,3,0,1
050,24,005,Maryland,Baltimore County,5,0,846378,398571,447807,226530,243147,121471,150213,4032,4404,28013,29715,275,303,18250,20025,242717,260711,131239,161348,10385,11663,33577,35499,799,857,364403,413446,204172,221093,116583,145074,926,1017,27543,29273,115,162,15064,16827,217441,235743,124638,154458,5694,6633,32477,34444,523,606,34168,34361,22358,22054,4888,5139,3106,3387,470,442,160,141,3186,3198,25276,24968,6601,6890,4691,5030,1100,1055,276,251
050,24,005,Maryland,Baltimore County,5,1,47093,23874,23219,10856,10547,8289,8062,411,571,1756,1618,24,40,2538,2381,13172,12724,9816,9498,962,1091,2636,2456,90,92,20095,19476,8801,8505,7590,7437,39,44,1677,1565,4,15,1984,1910,10612,10242,8774,8580,390,372,2429,2289,50,53,3779,3743,2055,2042,699,625,372,527,79,53,20,25,554,471,2560,2482,1042,918,572,719,207,167,40,39
050,24,005,Maryland,Baltimore County,5,2,48733,24639,24094,11389,10974,8874,8910,354,377,1748,1648,21,23,2253,2162,13438,12939,10230,10213,885,895,2507,2371,75,72,21315,21017,9412,9143,8359,8442,43,57,1719,1615,4,13,1778,1747,11024,10727,9429,9493,385,405,2361,2244,39,53,3324,3077,1977,1831,515,468,311,320,29,33,17,10,475,415,2414,2212,801,720,500,490,146,127,36,19
050,24,005,Maryland,Baltimore County,5,3,51800,26437,25363,12127,11590,10067,9544,327,342,1896,1734,14,25,2006,2128,13932,13497,11256,10836,857,902,2546,2415,61,72,23274,22237,10137,9707,9588,9079,66,55,1863,1678,8,14,1612,1704,11587,11229,10549,10124,418,432,2427,2270,46,50,3163,3126,1990,1883,479,465,261,287,33,56,6,11,394,424,2345,2268,707,712,439,470,119,145,15,22
050,24,005,Maryland,Baltimore County,5,4,56628,28534,28094,13963,13536,10345,10209,285,383,1899,1920,31,20,2011,2026,15765,15347,11531,11410,844,935,2531,2566,89,73,25230,24859,11794,11444,9835,9763,54,65,1853,1884,12,6,1682,1697,13293,12952,10839,10780,463,465,2412,2463,58,49,3304,3235,2169,2092,510,446,231,318,46,36,19,14,329,329,2472,2395,692,630,381,470,119,103,31,24
050,24,005,Maryland,Baltimore County,5,5,56819,27765,29054,13816,13709,9897,11025,320,292,1992,2222,9,25,1731,1781,15366,15277,10852,12080,856,801,2557,2789,49,80,24933,26157,11932,11846,9520,10529,71,68,1957,2183,4,8,1449,1523,13219,13178,10328,11437,464,450,2467,2697,35,49,2832,2897,1884,1863,377,496,249,224,35,39,5,17,282,258,2147,2099,524,643,392,351,90,92,14,31
050,24,005,Maryland,Baltimore County,5,6,52888,25573,27315,13394,13030,8365,10119,288,333,2269,2419,23,18,1234,1396,14484,14276,9026,10897,695,808,2647,2821,59,62,23032,24588,11718,11282,7962,9699,55,59,2232,2380,8,7,1057,1161,12646,12317,8537,10353,365,407,2581,2738,38,44,2541,2727,1676,1748,403,420,233,274,37,39,15,11,177,235,1838,1959,489,544,330,401,66,83,21,18
050,24,005,Maryland,Baltimore County,5,7,56273,26523,29750,14308,14445,8447,11126,321,287,2204,2371,15,28,1228,1493,15391,15757,9060,11921,806,853,2557,2806,58,80,24018,27101,12656,12707,8095,10710,66,67,2170,2336,7,19,1024,1262,13553,13807,8606,11388,434,502,2492,2727,41,61,2505,2649,1652,1738,352,416,255,220,34,35,8,9,204,231,1838,1950,454,533,372,351,65,79,17,19
050,24,005,Maryland,Baltimore County,5,8,56615,26513,30102,15016,15222,7928,10925,308,382,2242,2319,26,33,993,1221,15882,16275,8389,11561,729,921,2534,2637,66,75,23739,27324,13136,13426,7550,10528,59,66,2196,2290,10,25,788,989,13816,14268,7918,11048,353,455,2460,2578,44,57,2774,2778,1880,1796,378,397,249,316,46,29,16,8,205,232,2066,2007,471,513,376,466,74,59,22,18
050,24,005,Maryland,Baltimore County,5,9,53707,25218,28489,14370,14477,7502,10486,345,318,2063,2147,13,11,925,1050,15172,15356,7925,11024,795,826,2319,2414,44,48,22427,26012,12403,12777,7191,10154,63,78,2031,2115,5,7,734,881,13030,13509,7528,10608,385,471,2258,2358,31,37,2791,2477,1967,1700,311,332,282,240,32,32,8,4,191,169,2142,1847,397,416,410,355,61,56,13,11
050,24,005,Maryland,Baltimore County,5,10,47421,22156,25265,12207,12682,7039,9199,315,308,1938,2156,20,12,637,908,12748,13447,7325,9643,628,763,2111,2386,39,39,20125,23257,10799,11410,6783,8866,75,60,1917,2136,7,6,544,779,11255,12057,7025,9252,328,427,2083,2354,24,30,2031,2008,1408,1272,256,333,240,248,21,20,13,6,93,129,1493,1390,300,391,300,336,28,32,15,9
050,24,005,Maryland,Baltimore County,5,11,50354,23473,26881,13410,14068,7272,9680,217,219,1920,2186,27,17,627,711,13941,14663,7543,10019,557,597,2078,2356,52,36,21819,25348,12285,13046,7053,9428,55,69,1894,2157,6,11,526,637,12723,13576,7281,9735,323,395,2036,2314,27,28,1654,1533,1125,1022,219,252,162,150,26,29,21,6,101,74,1218,1087,262,284,234,202,42,42,25,8
050,24,005,Maryland,Baltimore County,5,12,52340,24302,28038,14907,16138,7109,9287,165,164,1539,1709,21,15,561,725,15381,16743,7341,9627,489,588,1666,1849,37,33,23170,26861,14069,15310,6992,9127,74,56,1524,1692,16,12,495,664,14483,15861,7199,9439,351,437,1643,1826,29,29,1132,1177,838,828,117,160,91,108,15,17,5,3,66,61,898,882,142,188,138,151,23,23,8,4
050,24,005,Maryland,Baltimore County,5,13,54834,25286,29548,16767,18440,6511,8815,129,147,1338,1450,9,13,532,683,17224,19013,6727,9133,450,556,1459,1586,23,38,24449,28563,16173,17732,6401,8687,46,87,1331,1435,9,10,489,612,16588,18241,6598,8973,338,447,1443,1562,19,29,837,985,594,708,110,128,83,60,7,15,0,3,43,71,636,772,129,160,112,109,16,24,4,9
050,24,005,Maryland,Baltimore County,5,14,50615,22752,27863,15937,18155,5173,7837,102,106,1123,1288,12,6,405,471,16279,18538,5325,8067,348,400,1213,1372,25,15,22141,27161,15479,17590,5103,7775,65,63,1113,1287,8,2,373,444,15792,17948,5243,7993,288,338,1198,1367,17,10,611,702,458,565,70,62,37,43,10,1,4,4,32,27,487,590,82,74,60,62,15,5,8,5
050,24,005,Maryland,Baltimore County,5,15,41031,18018,23013,12999,15169,3858,6399,51,73,869,998,2,4,239,370,13200,15471,3954,6583,198,302,924,1058,9,11,17627,22557,12699,14818,3816,6342,34,65,858,991,1,4,219,337,12882,15091,3904,6515,168,274,911,1046,8,10,391,456,300,351,42,57,17,8,11,7,1,0,20,33,318,380,50,68,30,28,13,12,1,1
050,24,005,Maryland,Baltimore County,5,16,30335,12816,17519,9524,12409,2518,4106,51,60,550,663,6,8,167,273,9663,12635,2590,4228,155,233,585,706,11,15,12594,17153,9354,12128,2501,4065,34,34,545,663,4,2,156,261,9483,12343,2569,4185,129,197,577,706,8,8,222,366,170,281,17,41,17,26,5,0,2,6,11,12,180,292,21,43,26,36,8,0,3,7
050,24,005,Maryland,Baltimore County,5,17,19022,7676,11346,5851,8364,1335,2396,18,19,370,451,1,5,101,111,5935,8452,1377,2454,74,88,394,469,4,10,7539,11149,5736,8220,1329,2370,10,7,366,451,1,1,97,100,5816,8298,1369,2423,65,71,389,466,4,4,137,197,115,144,6,26,8,12,4,0,0,4,4,11,119,154,8,31,9,17,5,3,0,6
050,24,005,Maryland,Baltimore County,5,18,19870,7016,12854,5689,10192,942,2088,25,23,297,416,1,0,62,135,5744,10301,972,2154,57,104,313,442,8,6,6876,12626,5589,10002,915,2073,17,17,297,415,1,0,57,119,5639,10099,942,2132,47,88,310,439,5,5,140,228,100,190,27,15,8,6,0,1,0,0,5,16,105,202,30,22,10,16,3,3,3,1
050,24,005,Maryland,Baltimore County,6,0,848438,399173,449265,225082,241739,122396,151546,4308,4844,28582,30392,272,308,18533,20436,241523,259689,132335,162922,10689,12151,34285,36310,787,906,363217,412842,201535,218504,117252,146067,927,1035,28088,29927,112,158,15303,17151,215024,233454,125456,155631,5696,6693,33151,35242,528,634,35956,36423,23547,23235,5144,5479,3381,3809,494,465,160,150,3230,3285,26499,26235,6879,7291,4993,5458,1134,1068,259,272
050,24,005,Maryland,Baltimore County,6,1,46941,23758,23183,10838,10552,8123,8002,548,623,1746,1595,21,38,2482,2373,13101,12704,9617,9434,1087,1120,2611,2432,73,94,19612,19114,8578,8306,7381,7303,40,36,1652,1541,0,10,1961,1918,10364,10043,8552,8451,389,359,2397,2272,40,54,4146,4069,2260,2246,742,699,508,587,94,54,21,28,521,455,2737,2661,1065,983,698,761,214,160,33,40
050,24,005,Maryland,Baltimore County,6,2,48564,24588,23976,11366,10864,8839,8865,348,448,1746,1646,22,23,2267,2130,13426,12806,10207,10145,872,935,2517,2355,71,74,21136,20787,9288,9011,8292,8362,45,51,1710,1596,4,16,1797,1751,10921,10602,9370,9409,382,389,2371,2226,41,55,3452,3189,2078,1853,547,503,303,397,36,50,18,7,470,379,2505,2204,837,736,490,546,146,129,30,19
050,24,005,Maryland,Baltimore County,6,3,51302,26092,25210,11906,11545,9853,9392,353,413,1949,1706,17,27,2014,2127,13727,13460,11050,10680,883,971,2608,2375,66,76,22827,21829,9858,9538,9373,8916,63,55,1912,1665,10,15,1611,1640,11310,11008,10332,9920,410,404,2484,2231,48,49,3265,3381,2048,2007,480,476,290,358,37,41,7,12,403,487,2417,2452,718,760,473,567,124,144,18,27
050,24,005,Maryland,Baltimore County,6,4,56949,28782,28167,13938,13259,10520,10475,329,421,1923,1930,25,20,2047,2062,15771,15107,11741,11703,891,972,2570,2578,79,79,25212,24832,11635,11145,9941,10010,54,71,1880,1886,9,5,1693,1715,13147,12672,10961,11040,456,460,2451,2464,53,50,3570,3335,2303,2114,579,465,275,350,43,44,16,15,354,347,2624,2435,780,663,435,512,119,114,26,29
050,24,005,Maryland,Baltimore County,6,5,55945,27399,28546,13444,13401,9821,10674,307,341,2030,2239,16,31,1781,1860,15041,15042,10805,11780,848,878,2609,2826,52,87,24449,25331,11428,11371,9457,10134,69,64,1987,2201,5,8,1503,1553,12768,12732,10300,11062,473,450,2513,2721,34,49,2950,3215,2016,2030,364,540,238,277,43,38,11,23,278,307,2273,2310,505,718,375,428,96,105,18,38
050,24,005,Maryland,Baltimore County,6,6,54115,26036,28079,13460,13349,8686,10265,301,400,2309,2647,24,13,1256,1405,14583,14609,9367,11056,708,862,2703,3057,61,61,23396,25139,11715,11465,8273,9803,64,67,2276,2608,5,7,1063,1189,12658,12525,8858,10478,369,416,2636,2982,35,47,2640,2940,1745,1884,413,462,237,333,33,39,19,6,193,216,1925,2084,509,578,339,446,67,75,26,14
050,24,005,Maryland,Baltimore County,6,7,55637,26230,29407,13948,14165,8426,11040,346,317,2215,2350,17,23,1278,1512,15073,15499,9073,11858,832,867,2596,2794,63,77,23679,26653,12303,12354,8046,10619,61,67,2190,2308,7,14,1072,1291,13241,13486,8587,11323,431,497,2537,2716,44,60,2551,2754,1645,1811,380,421,285,250,25,42,10,9,206,221,1832,2013,486,535,401,370,59,78,19,17
050,24,005,Maryland,Baltimore County,6,8,57279,26876,30403,14976,15291,8236,11068,285,376,2310,2404,24,29,1045,1235,15897,16354,8729,11717,716,895,2631,2737,68,70,24187,27548,13160,13410,7858,10663,52,65,2267,2374,13,23,837,1013,13888,14276,8255,11204,352,445,2555,2681,50,56,2689,2855,1816,1881,378,405,233,311,43,30,11,6,208,222,2009,2078,474,513,364,450,76,56,18,14
050,24,005,Maryland,Baltimore County,6,9,54589,25607,28982,14801,14646,7456,10733,327,309,2089,2175,20,18,914,1101,15596,15573,7870,11295,759,827,2344,2465,55,51,22576,26479,12597,12925,7139,10391,57,80,2043,2148,7,11,733,924,13226,13692,7473,10861,369,486,2271,2413,34,36,3031,2503,2204,1721,317,342,270,229,46,27,13,7,181,177,2370,1881,397,434,390,341,73,52,21,15
050,24,005,Maryland,Baltimore County,6,10,48472,22598,25874,12441,13009,7164,9443,339,332,1959,2165,17,14,678,911,13013,13772,7468,9898,672,793,2149,2398,39,51,20388,23685,10941,11641,6878,9071,68,60,1939,2141,6,5,556,767,11403,12275,7128,9458,323,423,2113,2359,24,36,2210,2189,1500,1368,286,372,271,272,20,24,11,9,122,144,1610,1497,340,440,349,370,36,39,15,15
050,24,005,Maryland,Baltimore County,6,11,49057,22819,26238,12919,13469,7128,9481,236,197,1906,2282,16,20,614,789,13437,14132,7388,9860,558,615,2065,2479,38,43,21084,24652,11721,12408,6901,9217,60,63,1889,2253,6,12,507,699,12143,12991,7119,9556,306,416,2032,2440,26,33,1735,1586,1198,1061,227,264,176,134,17,29,10,8,107,90,1294,1141,269,304,252,199,33,39,12,10
050,24,005,Maryland,Baltimore County,6,12,50783,23545,27238,14089,15284,7054,9238,162,185,1653,1804,22,12,565,715,14563,15888,7289,9574,482,588,1785,1960,39,29,22358,26000,13225,14424,6906,9068,69,60,1636,1783,16,10,506,655,13647,14972,7118,9377,346,425,1757,1931,32,26,1187,1238,864,860,148,170,93,125,17,21,6,2,59,60,916,916,171,197,136,163,28,29,7,3
050,24,005,Maryland,Baltimore County,6,13,53935,24778,29157,16162,17890,6548,8935,157,162,1361,1453,10,14,540,703,16621,18485,6767,9257,483,578,1473,1600,25,44,23898,28106,15545,17137,6444,8800,53,90,1354,1438,10,10,492,631,15960,17664,6642,9092,345,455,1460,1577,24,35,880,1051,617,753,104,135,104,72,7,15,0,4,48,72,661,821,125,165,138,123,13,23,1,9
050,24,005,Maryland,Baltimore County,6,14,51246,23116,28130,15947,18077,5457,8047,97,118,1179,1336,10,6,426,546,16305,18521,5614,8310,351,454,1279,1435,27,18,22457,27367,15448,17472,5381,7974,66,69,1165,1333,7,3,390,516,15774,17889,5527,8226,295,384,1259,1428,19,13,659,763,499,605,76,73,31,49,14,3,3,3,36,30,531,632,87,84,56,70,20,7,8,5
050,24,005,Maryland,Baltimore County,6,15,41717,18313,23404,13100,15371,3943,6552,69,79,917,1017,3,7,281,378,13340,15685,4056,6738,240,308,978,1074,12,18,17869,22915,12769,14994,3896,6496,38,62,908,1011,1,6,257,346,12986,15277,4000,6670,192,271,964,1066,8,16,444,489,331,377,47,56,31,17,9,6,2,1,24,32,354,408,56,68,48,37,14,8,4,2
050,24,005,Maryland,Baltimore County,6,16,32041,13568,18473,10070,12846,2693,4534,51,70,591,726,4,7,159,290,10202,13092,2761,4667,148,254,625,775,6,16,13319,18078,9875,12554,2676,4481,33,45,585,725,2,1,148,272,9996,12783,2741,4610,123,217,616,772,4,8,249,395,195,292,17,53,18,25,6,1,2,6,11,18,206,309,20,57,25,37,9,3,2,8
050,24,005,Maryland,Baltimore County,6,17,19743,7911,11832,5968,8610,1433,2588,28,23,365,465,2,6,115,140,6057,8718,1487,2661,98,110,390,486,7,11,7762,11606,5848,8435,1421,2564,17,10,363,465,2,2,111,130,5933,8536,1474,2631,84,93,388,484,7,6,149,226,120,175,12,24,11,13,2,0,0,4,4,10,124,182,13,30,14,17,2,2,0,5
050,24,005,Maryland,Baltimore County,6,18,20123,7157,12966,5709,10111,1016,2214,25,30,334,452,2,0,71,159,5770,10242,1046,2289,61,124,352,484,6,7,7008,12721,5601,9914,989,2195,18,20,332,451,2,0,66,141,5659,10031,1019,2263,51,103,347,479,5,5,149,245,108,197,27,19,7,10,2,1,0,0,5,18,111,211,27,26,10,21,5,5,1,2
050,24,005,Maryland,Baltimore County,7,0,847650,398519,449131,223193,240013,122614,151835,4524,5105,28997,30821,277,327,18914,21030,239972,258473,132797,163589,10961,12508,34864,36908,777,927,361190,411258,198904,215843,117225,146236,914,1055,28477,30339,110,165,15560,17620,212610,231205,125584,156100,5696,6784,33687,35812,495,646,37329,37873,24289,24170,5389,5599,3610,4050,520,482,167,162,3354,3410,27362,27268,7213,7489,5265,5724,1177,1096,282,281
050,24,005,Maryland,Baltimore County,7,1,46453,23380,23073,10599,10667,7882,7770,623,698,1723,1581,28,30,2525,2327,12898,12785,9404,9170,1171,1197,2606,2402,82,88,19048,18720,8293,8241,7110,7050,33,42,1613,1506,0,4,1999,1877,10117,9944,8299,8172,392,366,2376,2227,41,47,4332,4353,2306,2426,772,720,590,656,110,75,28,26,526,450,2781,2841,1105,998,779,831,230,175,41,41
050,24,005,Maryland,Baltimore County,7,2,48316,24463,23853,11380,10739,8669,8645,370,469,1740,1674,18,35,2286,2291,13461,12833,10045,10021,882,986,2530,2452,69,92,20872,20510,9208,8794,8106,8137,51,50,1704,1628,3,23,1800,1878,10841,10507,9186,9256,377,410,2379,2323,36,68,3591,3343,2172,1945,563,508,319,419,36,46,15,12,486,413,2620,2326,859,765,505,576,151,129,33,24
050,24,005,Maryland,Baltimore County,7,3,50577,25687,24890,11763,11369,9640,9173,347,443,1915,1739,22,22,2000,2144,13577,13304,10820,10475,857,994,2587,2415,68,71,22341,21540,9667,9390,9135,8715,50,56,1874,1706,10,15,1605,1658,11114,10883,10083,9731,390,401,2458,2281,44,50,3346,3350,2096,1979,505,458,297,387,41,33,12,7,395,486,2463,2421,737,744,467,593,129,134,24,21
050,24,005,Maryland,Baltimore County,7,4,56547,28654,27893,13716,13030,10594,10393,327,425,1933,1871,21,24,2063,2150,15563,14955,11828,11683,883,986,2585,2541,69,80,25005,24455,11377,10891,9982,9914,53,69,1887,1819,9,6,1697,1756,12889,12458,11008,10977,443,460,2458,2412,46,51,3649,3438,2339,2139,612,479,274,356,46,52,12,18,366,394,2674,2497,820,706,440,526,127,129,23,29
050,24,005,Maryland,Baltimore County,7,5,54581,26822,27759,13036,12863,9587,10368,305,384,2011,2211,20,33,1863,1900,14708,14536,10629,11492,863,925,2616,2805,62,85,23743,24452,10942,10761,9218,9868,57,67,1970,2170,7,11,1549,1575,12321,12142,10092,10810,462,456,2511,2699,36,52,3079,3307,2094,2102,369,500,248,317,41,41,13,22,314,325,2387,2394,537,682,401,469,105,106,26,33
050,24,005,Maryland,Baltimore County,7,6,55108,26462,28646,13429,13519,8946,10609,341,405,2392,2615,24,20,1330,1478,14614,14837,9666,11446,764,870,2807,3055,64,71,23663,25587,11610,11572,8508,10090,64,67,2357,2589,7,7,1117,1262,12599,12696,9125,10810,373,423,2734,2995,39,49,2799,3059,1819,1947,438,519,277,338,35,26,17,13,213,216,2015,2141,541,636,391,447,73,60,25,22
050,24,005,Maryland,Baltimore County,7,7,54516,25820,28696,13588,13858,8354,10592,336,364,2229,2392,13,21,1300,1469,14732,15141,9020,11404,822,882,2622,2831,57,73,23239,25815,11912,11924,7979,10192,64,81,2195,2348,6,16,1083,1254,12858,13014,8531,10890,428,479,2552,2746,41,57,2581,2881,1676,1934,375,400,272,283,34,44,7,5,217,215,1874,2127,489,514,394,403,70,85,16,16
050,24,005,Maryland,Baltimore County,7,8,57961,27123,30838,14992,15249,8320,11413,303,338,2404,2485,26,27,1078,1326,15933,16398,8839,12126,732,868,2736,2844,64,73,24462,28004,13215,13376,7946,10971,48,65,2362,2461,7,13,884,1118,13982,14339,8371,11577,359,472,2666,2795,41,50,2661,2834,1777,1873,374,442,255,273,42,24,19,14,194,208,1951,2059,468,549,373,396,70,49,23,23
050,24,005,Maryland,Baltimore County,7,9,54700,25591,29109,14831,14815,7354,10705,355,304,2108,2201,27,24,916,1060,15633,15720,7773,11247,790,795,2367,2471,57,60,22489,26514,12619,13033,7022,10365,56,71,2063,2166,17,19,712,860,13229,13755,7346,10806,354,437,2289,2411,38,45,3102,2595,2212,1782,332,340,299,233,45,35,10,5,204,200,2404,1965,427,441,436,358,78,60,19,15
050,24,005,Maryland,Baltimore County,7,10,49368,23039,26329,12818,13274,7209,9579,342,351,1940,2159,11,20,719,946,13432,14068,7539,10054,697,813,2134,2396,32,50,20661,24026,11171,11804,6905,9209,72,71,1921,2134,6,7,586,801,11662,12467,7174,9613,340,440,2105,2355,25,35,2378,2303,1647,1470,304,370,270,280,19,25,5,13,133,145,1770,1601,365,441,357,373,29,41,7,15
050,24,005,Maryland,Baltimore County,7,11,47782,22190,25592,12344,12951,7069,9265,246,201,1916,2307,20,20,595,848,12843,13663,7326,9675,561,633,2075,2520,43,46,20433,23906,11155,11843,6812,8980,62,50,1904,2277,6,12,494,744,11566,12462,7030,9347,306,414,2049,2476,23,36,1757,1686,1189,1108,257,285,184,151,12,30,14,8,101,104,1277,1201,296,328,255,219,26,44,20,10
050,24,005,Maryland,Baltimore County,7,12,50117,23267,26850,13668,14707,7083,9282,172,204,1755,1917,20,6,569,734,14145,15320,7325,9627,486,621,1887,2076,39,28,21936,25524,12723,13817,6901,9083,65,58,1735,1897,13,5,499,664,13135,14367,7116,9399,331,427,1859,2048,29,24,1331,1326,945,890,182,199,107,146,20,20,7,1,70,70,1010,953,209,228,155,194,28,28,10,4
050,24,005,Maryland,Baltimore County,7,13,52845,24189,28656,15523,17305,6624,8956,163,175,1346,1506,13,17,520,697,15964,17887,6843,9280,470,578,1461,1645,28,43,23268,27513,14875,16475,6513,8816,62,87,1339,1488,12,12,467,635,15268,17000,6707,9110,333,443,1447,1620,23,32,921,1143,648,830,111,140,101,88,7,18,1,5,53,62,696,887,136,170,137,135,14,25,5,11
050,24,005,Maryland,Baltimore County,7,14,51386,23293,28093,15785,17757,5696,8280,98,109,1247,1352,3,8,464,587,16174,18234,5878,8566,377,465,1353,1460,12,19,22576,27316,15232,17147,5620,8201,60,71,1236,1348,1,6,427,543,15592,17585,5785,8469,311,396,1336,1449,10,14,717,777,553,610,76,79,38,38,11,4,2,2,37,44,582,649,93,97,66,69,17,11,2,5
050,24,005,Maryland,Baltimore County,7,15,42758,18747,24011,13357,15743,4061,6708,78,92,946,1057,4,7,301,404,13613,16069,4180,6906,263,333,1015,1125,11,20,18266,23467,13005,15331,4002,6647,44,58,937,1051,1,5,277,375,13238,15632,4113,6834,213,281,1003,1114,7,18,481,544,352,412,59,61,34,34,9,6,3,2,24,29,375,437,67,72,50,52,12,11,4,2
050,24,005,Maryland,Baltimore County,7,16,33636,14294,19342,10480,13201,2927,4974,58,81,654,761,4,7,171,318,10620,13468,2994,5121,163,284,693,815,9,14,14015,18936,10256,12895,2912,4925,39,57,647,759,2,1,159,299,10385,13144,2976,5066,135,247,683,811,7,8,279,406,224,306,15,49,19,24,7,2,2,6,12,19,235,324,18,55,28,37,10,4,2,6
050,24,005,Maryland,Baltimore County,7,17,20557,8256,12301,6232,8887,1491,2716,36,26,365,494,1,6,131,172,6340,9028,1545,2806,115,134,397,523,5,10,8086,12049,6107,8687,1473,2691,16,14,362,494,1,3,127,160,6211,8816,1526,2776,92,116,393,521,5,6,170,252,125,200,18,25,20,12,3,0,0,3,4,12,129,212,19,30,23,18,4,2,0,4
050,24,005,Maryland,Baltimore County,7,18,20442,7242,13200,5652,10079,1108,2407,24,36,373,499,2,0,83,179,5722,10227,1143,2490,65,144,393,532,6,4,7087,12924,5537,9862,1081,2382,18,21,371,498,2,0,78,161,5603,9994,1116,2457,57,116,389,529,4,4,155,276,115,217,27,25,6,15,2,1,0,0,5,18,119,233,27,33,8,28,4,3,2,0
050,24,009,Maryland,Calvert County,1,0,92791,45584,47207,36141,36812,6020,6484,196,210,647,981,40,32,2540,2688,38524,39330,7136,7656,1251,1312,1272,1682,152,134,43580,45034,34637,35238,5832,6271,116,113,628,941,36,28,2331,2443,36836,37525,6842,7300,1060,1109,1203,1594,136,123,2004,2173,1504,1574,188,213,80,97,19,40,4,4,209,245,1688,1805,294,356,191,203,69,88,16,11
050,24,009,Maryland,Calvert County,1,1,4973,2571,2402,1936,1789,268,258,7,20,36,18,2,3,322,314,2240,2091,461,422,79,109,117,101,14,21,2393,2214,1826,1665,247,244,1,4,34,14,0,1,285,286,2094,1943,424,387,53,86,106,93,12,17,178,188,110,124,21,14,6,16,2,4,2,2,37,28,146,148,37,35,26,23,11,8,2,4
050,24,009,Maryland,Calvert County,1,2,6047,3119,2928,2355,2149,345,382,14,13,57,46,10,3,338,335,2672,2459,539,570,112,107,137,132,30,12,2893,2684,2200,2008,332,346,6,5,52,40,8,3,295,282,2482,2271,501,499,86,84,122,115,23,8,226,244,155,141,13,36,8,8,5,6,2,0,43,53,190,188,38,71,26,23,15,17,7,4
050,24,009,Maryland,Calvert County,1,3,6606,3360,3246,2448,2370,446,427,10,20,59,64,12,2,385,363,2815,2714,648,609,125,118,169,177,29,11,3097,3010,2263,2204,426,399,6,8,51,59,12,2,339,338,2589,2523,600,573,102,96,153,160,25,11,263,236,185,166,20,28,4,12,8,5,0,0,46,25,226,191,48,36,23,22,16,17,4,0
050,24,009,Maryland,Calvert County,1,4,6582,3369,3213,2522,2382,460,437,18,23,47,70,4,1,318,300,2823,2666,610,602,131,88,128,171,22,20,3148,2999,2353,2225,433,413,9,15,47,69,4,0,302,277,2639,2488,576,559,110,77,125,164,21,18,221,214,169,157,27,24,9,8,0,1,0,1,16,23,184,178,34,43,21,11,3,7,1,2
050,24,009,Maryland,Calvert County,1,5,4864,2534,2330,1909,1736,374,349,14,6,42,39,3,0,192,200,2082,1926,466,454,90,79,95,92,5,2,2402,2192,1806,1629,360,342,10,6,42,36,3,0,181,179,1971,1799,448,430,85,71,84,83,4,2,132,138,103,107,14,7,4,0,0,3,0,0,11,21,111,127,18,24,5,8,11,9,1,0
050,24,009,Maryland,Calvert County,1,6,4819,2471,2348,1907,1869,382,291,9,12,24,40,0,1,149,135,2046,1999,453,355,84,57,59,81,3,5,2346,2207,1819,1771,363,274,1,5,22,33,0,1,141,123,1955,1889,427,331,68,45,55,72,3,5,125,141,88,98,19,17,8,7,2,7,0,0,8,12,91,110,26,24,16,12,4,9,0,0
050,24,009,Maryland,Calvert County,1,7,5579,2773,2806,2232,2205,357,364,12,12,32,65,2,3,138,157,2369,2355,401,419,70,80,72,107,12,12,2623,2652,2113,2086,340,346,7,6,32,65,2,3,129,146,2241,2226,382,395,61,68,67,107,12,12,150,154,119,119,17,18,5,6,0,0,0,0,9,11,128,129,19,24,9,12,5,0,0,0
050,24,009,Maryland,Calvert County,1,8,5966,2879,3087,2359,2461,348,373,21,22,31,84,0,7,120,140,2469,2589,395,414,84,107,57,110,5,10,2740,2903,2253,2320,330,354,15,11,31,84,0,7,111,127,2354,2435,371,392,73,87,57,109,5,10,139,184,106,141,18,19,6,11,0,0,0,0,9,13,115,154,24,22,11,20,0,1,0,0
050,24,009,Maryland,Calvert County,1,9,5459,2707,2752,2196,2136,343,390,19,12,57,90,1,0,91,124,2284,2252,357,427,83,78,74,129,6,10,2563,2636,2080,2050,335,380,10,7,57,86,1,0,80,113,2158,2155,348,409,63,66,73,123,5,10,144,116,116,86,8,10,9,5,0,4,0,0,11,11,126,97,9,18,20,12,1,6,1,0
050,24,009,Maryland,Calvert County,1,10,5673,2676,2997,2103,2327,385,435,19,20,69,96,0,3,100,116,2196,2435,417,471,78,87,94,119,3,9,2589,2878,2038,2232,380,426,11,16,68,93,0,3,92,108,2123,2332,405,459,65,78,93,115,3,9,87,119,65,95,5,9,8,4,1,3,0,0,8,8,73,103,12,12,13,9,1,4,0,0
050,24,009,Maryland,Calvert County,1,11,6954,3345,3609,2704,2842,483,537,18,13,47,92,0,1,93,124,2793,2963,498,564,62,84,76,122,12,6,3250,3490,2617,2754,480,525,16,6,46,91,0,0,91,114,2704,2865,495,551,58,67,75,120,12,5,95,119,87,88,3,12,2,7,1,1,0,1,2,10,89,98,3,13,4,17,1,2,0,1
050,24,009,Maryland,Calvert County,1,12,7916,3812,4104,3120,3282,526,603,12,12,40,89,0,5,114,113,3225,3389,553,628,91,100,57,104,2,5,3731,3985,3058,3187,518,591,10,8,40,89,0,5,105,105,3155,3286,542,614,83,89,56,103,2,5,81,119,62,95,8,12,2,4,0,0,0,0,9,8,70,103,11,14,8,11,1,1,0,0
050,24,009,Maryland,Calvert County,1,13,6609,3224,3385,2685,2729,403,500,10,7,43,52,5,0,78,97,2753,2815,416,527,71,72,58,75,5,4,3159,3304,2631,2667,398,496,4,3,43,52,5,0,78,86,2699,2742,411,515,65,61,58,75,5,4,65,81,54,62,5,4,6,4,0,0,0,0,0,11,54,73,5,12,6,11,0,0,0,0
050,24,009,Maryland,Calvert County,1,14,5054,2423,2631,2001,2102,356,401,5,4,20,54,0,0,41,70,2038,2166,368,409,38,58,25,70,0,2,2392,2587,1974,2068,352,400,5,4,20,51,0,0,41,64,2011,2126,364,407,38,52,25,66,0,2,31,44,27,34,4,1,0,0,0,3,0,0,0,6,27,40,4,2,0,6,0,4,0,0
050,24,009,Maryland,Calvert County,1,15,3824,1833,1991,1546,1620,245,285,0,4,16,27,0,0,26,55,1570,1661,247,315,22,46,20,28,0,2,1805,1961,1521,1594,242,283,0,4,16,25,0,0,26,55,1545,1635,244,313,22,46,20,26,0,2,28,30,25,26,3,2,0,0,0,2,0,0,0,0,25,26,3,2,0,0,0,2,0,0
050,24,009,Maryland,Calvert County,1,16,2678,1258,1420,1061,1186,164,185,3,4,11,19,1,1,18,25,1075,1204,171,196,17,22,11,24,4,1,1241,1404,1050,1173,161,185,0,4,11,19,1,1,18,22,1064,1188,168,193,14,22,11,24,4,1,17,16,11,13,3,0,3,0,0,0,0,0,0,3,11,16,3,3,3,0,0,0,0,0
050,24,009,Maryland,Calvert County,1,17,1596,681,915,593,754,70,132,5,0,9,14,0,2,4,13,597,766,70,136,5,10,13,17,0,2,667,901,579,740,70,132,5,0,9,14,0,2,4,13,583,752,70,136,5,10,13,17,0,2,14,14,14,14,0,0,0,0,0,0,0,0,0,0,14,14,0,0,0,0,0,0,0,0
050,24,009,Maryland,Calvert County,1,18,1592,549,1043,464,873,65,135,0,6,7,22,0,0,13,7,477,880,66,138,9,10,10,23,0,0,541,1027,456,865,65,135,0,1,7,21,0,0,13,5,469,870,66,137,9,4,10,22,0,0,8,16,8,8,0,0,0,5,0,1,0,0,0,2,8,10,0,1,0,6,0,1,0,0
050,24,009,Maryland,Calvert County,2,0,92922,45661,47261,36154,36809,6056,6521,202,220,651,983,41,35,2557,2693,38521,39277,7180,7753,1127,1239,1399,1709,148,144,43632,45040,34634,35213,5863,6300,120,115,634,943,36,30,2345,2439,36814,37451,6900,7423,937,1002,1339,1635,133,123,2029,2221,1520,1596,193,221,82,105,17,40,5,5,212,254,1707,1826,280,330,190,237,60,74,15,21
050,24,009,Maryland,Calvert County,2,1,5001,2578,2423,1941,1794,265,266,6,24,36,20,3,4,327,315,2249,2084,438,442,76,93,150,122,16,15,2400,2219,1831,1667,245,250,1,4,34,15,0,1,289,282,2104,1929,401,406,55,57,138,113,13,10,178,204,110,127,20,16,5,20,2,5,3,3,38,33,145,155,37,36,21,36,12,9,3,5
050,24,009,Maryland,Calvert County,2,2,6029,3110,2919,2344,2139,350,386,12,14,56,43,10,2,338,335,2663,2459,528,556,94,100,164,141,18,14,2881,2674,2190,1998,333,350,5,5,51,37,8,2,294,282,2471,2266,489,497,71,68,148,128,15,11,229,245,154,141,17,36,7,9,5,6,2,0,44,53,192,193,39,59,23,32,16,13,3,3
050,24,009,Maryland,Calvert County,2,3,6627,3380,3247,2465,2366,452,434,11,19,58,64,11,2,383,362,2821,2705,653,631,113,113,175,176,24,17,3118,3009,2278,2200,431,404,7,7,51,60,11,2,340,336,2597,2518,614,586,90,90,159,168,21,15,262,238,187,166,21,30,4,12,7,4,0,0,43,26,224,187,39,45,23,23,16,8,3,2
050,24,009,Maryland,Calvert County,2,4,6562,3366,3196,2513,2370,461,434,18,23,46,68,5,1,323,300,2811,2649,621,587,113,105,142,155,17,16,3135,2982,2338,2212,434,411,8,14,46,67,5,0,304,278,2619,2473,585,553,93,87,141,150,15,13,231,214,175,158,27,23,10,9,0,1,0,1,19,22,192,176,36,34,20,18,1,5,2,3
050,24,009,Maryland,Calvert County,2,5,4914,2561,2353,1920,1756,380,351,16,7,45,40,3,0,197,199,2103,1943,473,445,84,75,107,100,11,7,2427,2210,1817,1645,366,345,12,7,45,37,3,0,184,176,1989,1810,455,432,73,63,103,93,11,5,134,143,103,111,14,6,4,0,0,3,0,0,13,23,114,133,18,13,11,12,4,7,0,2
050,24,009,Maryland,Calvert County,2,6,4801,2456,2345,1901,1853,376,298,10,11,25,42,0,1,144,140,2035,1982,435,361,61,58,73,80,7,11,2331,2201,1812,1755,358,279,1,5,24,35,0,1,136,126,1938,1871,414,335,48,47,71,71,7,10,125,144,89,98,18,19,9,6,1,7,0,0,8,14,97,111,21,26,13,11,2,9,0,1
050,24,009,Maryland,Calvert County,2,7,5584,2776,2808,2228,2212,365,360,11,14,30,63,2,3,140,156,2358,2355,417,422,68,79,68,109,10,11,2628,2654,2109,2094,348,342,7,7,30,63,2,3,132,145,2231,2227,398,401,59,67,67,107,10,9,148,154,119,118,17,18,4,7,0,0,0,0,8,11,127,128,19,21,9,12,1,2,0,2
050,24,009,Maryland,Calvert County,2,8,5993,2893,3100,2367,2464,350,381,21,21,33,83,0,9,122,142,2478,2593,392,436,74,85,68,121,9,14,2755,2910,2259,2320,334,359,14,10,33,83,0,9,115,129,2364,2436,374,411,63,67,67,119,8,13,138,190,108,144,16,22,7,11,0,0,0,0,7,13,114,157,18,25,11,18,1,2,1,1
050,24,009,Maryland,Calvert County,2,9,5530,2737,2793,2222,2165,348,395,18,14,55,92,1,0,93,127,2307,2281,378,441,65,78,80,123,7,3,2588,2673,2104,2077,336,384,9,9,55,88,1,0,83,115,2181,2182,364,426,49,66,77,117,6,3,149,120,118,88,12,11,9,5,0,4,0,0,10,12,126,99,14,15,16,12,3,6,1,0
050,24,009,Maryland,Calvert County,2,10,5635,2677,2958,2097,2290,393,436,21,21,68,93,0,3,98,115,2183,2391,421,479,76,81,92,120,6,6,2584,2831,2028,2188,388,427,13,16,67,91,0,3,88,106,2106,2281,413,466,59,70,91,117,6,5,93,127,69,102,5,9,8,5,1,2,0,0,10,9,77,110,8,13,17,11,1,3,0,1
050,24,009,Maryland,Calvert County,2,11,6873,3301,3572,2664,2806,472,535,20,14,50,94,0,1,95,122,2750,2913,499,581,78,86,67,118,3,5,3205,3455,2579,2722,469,523,16,6,49,92,0,0,92,112,2662,2820,495,564,72,71,66,116,3,4,96,117,85,84,3,12,4,8,1,2,0,1,3,10,88,93,4,17,6,15,1,2,0,1
050,24,009,Maryland,Calvert County,2,12,7874,3790,4084,3097,3269,527,601,14,12,40,90,0,5,112,107,3198,3361,563,631,88,82,64,112,7,9,3708,3965,3033,3174,520,588,12,8,40,90,0,5,103,100,3126,3259,552,618,77,72,62,111,5,9,82,119,64,95,7,13,2,4,0,0,0,0,9,7,72,102,11,13,11,10,2,1,2,0
050,24,009,Maryland,Calvert County,2,13,6643,3229,3414,2675,2749,412,508,11,8,44,51,5,0,82,98,2752,2832,431,540,61,73,60,67,8,5,3166,3330,2624,2683,406,504,5,4,44,51,5,0,82,88,2701,2758,425,534,55,59,60,67,8,5,63,84,51,66,6,4,6,4,0,0,0,0,0,10,51,74,6,6,6,14,0,0,0,0
050,24,009,Maryland,Calvert County,2,14,5092,2444,2648,2023,2111,354,403,4,4,20,57,0,0,43,73,2063,2175,362,429,33,53,29,68,0,2,2414,2608,1996,2081,351,402,4,4,20,54,0,0,43,67,2036,2140,359,425,33,48,29,64,0,2,30,40,27,30,3,1,0,0,0,3,0,0,0,6,27,35,3,4,0,5,0,4,0,0
050,24,009,Maryland,Calvert County,2,15,3866,1849,2017,1554,1640,251,293,1,3,18,27,0,0,25,54,1576,1688,258,312,13,37,24,35,3,4,1819,1983,1528,1609,247,292,1,3,18,25,0,0,25,54,1550,1657,254,311,13,37,24,33,3,4,30,34,26,31,4,1,0,0,0,2,0,0,0,0,26,31,4,1,0,0,0,2,0,0
050,24,009,Maryland,Calvert County,2,16,2704,1273,1431,1079,1201,162,178,3,5,11,20,1,1,17,26,1094,1223,167,189,15,21,15,24,1,1,1256,1415,1068,1187,159,178,0,5,11,20,1,1,17,24,1083,1207,164,188,12,20,15,24,1,1,17,16,11,14,3,0,3,0,0,0,0,0,0,2,11,16,3,1,3,1,0,0,0,0
050,24,009,Maryland,Calvert County,2,17,1603,691,912,600,754,72,130,5,0,9,13,0,3,5,12,604,764,74,137,9,8,10,13,0,3,676,896,585,739,72,130,5,0,9,13,0,3,5,11,589,748,74,136,9,8,10,13,0,3,15,16,15,15,0,0,0,0,0,0,0,0,0,1,15,16,0,1,0,0,0,0,0,0
050,24,009,Maryland,Calvert County,2,18,1591,550,1041,464,870,66,132,0,6,7,23,0,0,13,10,476,879,70,134,6,12,11,25,1,1,541,1025,455,862,66,132,0,1,7,22,0,0,13,8,467,869,70,134,6,5,11,24,1,1,9,16,9,8,0,0,0,5,0,1,0,0,0,2,9,10,0,0,0,7,0,1,0,0
050,24,009,Maryland,Calvert County,3,0,94273,46259,48014,36445,37198,6263,6714,231,247,682,997,44,42,2594,2816,38863,39791,7402,7995,1142,1302,1424,1769,166,175,44043,45595,34811,35485,6051,6481,123,108,661,957,39,35,2358,2529,37010,37818,7093,7639,915,1016,1362,1675,150,154,2216,2419,1634,1713,212,233,108,139,21,40,5,7,236,287,1853,1973,309,356,227,286,62,94,16,21
050,24,009,Maryland,Calvert County,3,1,5107,2594,2513,1943,1870,292,270,9,22,38,30,2,4,310,317,2237,2167,455,443,69,86,144,136,13,16,2409,2315,1829,1754,267,257,4,3,36,25,0,1,273,275,2088,2013,411,407,50,52,134,124,10,10,185,198,114,116,25,13,5,19,2,5,2,3,37,42,149,154,44,36,19,34,10,12,3,6
050,24,009,Maryland,Calvert County,3,2,6115,3109,3006,2321,2181,358,411,12,30,61,42,11,2,346,340,2647,2500,539,591,96,113,169,152,21,11,2866,2739,2168,2034,336,373,6,6,54,36,8,2,294,288,2445,2307,493,526,67,67,152,133,17,11,243,267,153,147,22,38,6,24,7,6,3,0,52,52,202,193,46,65,29,46,17,19,4,0
050,24,009,Maryland,Calvert County,3,3,6742,3481,3261,2538,2347,482,462,20,20,59,58,9,2,373,372,2886,2699,676,657,115,117,176,173,28,15,3213,3023,2352,2186,455,428,8,6,53,55,9,2,336,346,2667,2514,633,610,85,89,162,166,25,14,268,238,186,161,27,34,12,14,6,3,0,0,37,26,219,185,43,47,30,28,14,7,3,1
050,24,009,Maryland,Calvert County,3,4,6537,3349,3188,2482,2358,458,426,16,25,46,61,7,2,340,316,2799,2656,630,582,116,116,148,160,17,17,3082,2960,2286,2190,430,404,6,7,45,60,7,1,308,298,2573,2471,588,550,92,91,140,156,16,15,267,228,196,168,28,22,10,18,1,1,0,1,32,18,226,185,42,32,24,25,8,4,1,2
050,24,009,Maryland,Calvert County,3,5,5148,2676,2472,1991,1824,412,374,12,8,50,35,3,1,208,230,2188,2036,507,488,79,86,108,101,13,14,2535,2309,1881,1705,399,365,7,8,48,31,3,1,197,199,2067,1888,491,465,68,70,104,91,13,12,141,163,110,119,13,9,5,0,2,4,0,0,11,31,121,148,16,23,11,16,4,10,0,2
050,24,009,Maryland,Calvert County,3,6,4813,2446,2367,1904,1835,358,329,15,5,36,53,0,1,133,144,2028,1968,417,394,61,55,76,89,7,9,2306,2208,1803,1731,340,303,3,3,35,46,0,1,125,124,1919,1846,396,360,45,43,74,79,7,8,140,159,101,104,18,26,12,2,1,7,0,0,8,20,109,122,21,34,16,12,2,10,0,1
050,24,009,Maryland,Calvert County,3,7,5709,2833,2876,2253,2288,402,358,13,22,19,57,1,1,145,150,2387,2423,456,417,71,83,57,100,13,11,2688,2701,2143,2158,385,344,8,8,19,57,1,1,132,133,2266,2280,435,398,58,61,56,94,11,9,145,175,110,130,17,14,5,14,0,0,0,0,13,17,121,143,21,19,13,22,1,6,2,2
050,24,009,Maryland,Calvert County,3,8,6253,3048,3205,2456,2535,370,404,26,14,50,85,2,10,144,157,2585,2678,421,462,88,87,87,124,14,20,2877,2969,2319,2356,359,374,11,3,50,85,2,10,136,141,2441,2483,407,430,67,66,87,122,13,18,171,236,137,179,11,30,15,11,0,0,0,0,8,16,144,195,14,32,21,21,0,2,1,2
050,24,009,Maryland,Calvert County,3,9,5907,2881,3026,2355,2341,368,421,17,20,47,100,1,2,93,142,2441,2468,399,474,59,90,71,129,7,11,2712,2883,2224,2230,347,411,7,15,47,97,1,1,86,129,2304,2346,374,461,47,77,70,123,6,9,169,143,131,111,21,10,10,5,0,3,0,1,7,13,137,122,25,13,12,13,1,6,1,2
050,24,009,Maryland,Calvert County,3,10,5432,2655,2777,2074,2134,402,428,22,17,64,86,2,3,91,109,2155,2233,426,466,66,74,90,116,10,11,2544,2639,1991,2019,397,418,14,13,63,85,2,3,77,101,2059,2110,418,453,49,64,87,114,9,10,111,138,83,115,5,10,8,4,1,1,0,0,14,8,96,123,8,13,17,10,3,2,1,1
050,24,009,Maryland,Calvert County,3,11,6609,3165,3444,2528,2666,450,542,24,16,53,97,0,2,110,121,2631,2775,480,585,91,84,75,123,5,9,3063,3339,2444,2590,449,536,16,8,52,93,0,2,102,110,2540,2689,477,576,76,69,74,117,5,9,102,105,84,76,1,6,8,8,1,4,0,0,8,11,91,86,3,9,15,15,1,6,0,0
050,24,009,Maryland,Calvert County,3,12,7719,3723,3996,3011,3183,546,585,23,18,39,95,0,6,104,109,3107,3277,573,622,86,82,62,116,4,12,3636,3860,2941,3082,541,568,20,11,39,95,0,5,95,99,3028,3167,566,602,75,68,61,114,4,11,87,136,70,101,5,17,3,7,0,0,0,1,9,10,79,110,7,20,11,14,1,2,0,1
050,24,009,Maryland,Calvert County,3,13,6767,3274,3493,2692,2799,433,523,11,9,50,48,5,2,83,112,2770,2901,457,563,66,79,66,67,11,6,3202,3396,2634,2718,425,522,5,4,50,48,5,1,83,103,2712,2812,449,558,60,67,66,67,11,5,72,97,58,81,8,1,6,5,0,0,0,1,0,9,58,89,8,5,6,12,0,0,0,1
050,24,009,Maryland,Calvert County,3,14,5218,2471,2747,2057,2190,344,410,0,4,21,67,0,0,49,76,2104,2257,357,433,30,53,31,81,0,3,2434,2707,2022,2162,342,408,0,4,21,64,0,0,49,69,2069,2222,355,430,30,48,31,76,0,3,37,40,35,28,2,2,0,0,0,3,0,0,0,7,35,35,2,3,0,5,0,5,0,0
050,24,009,Maryland,Calvert County,3,15,4072,1924,2148,1601,1731,274,327,3,1,21,29,0,0,25,60,1624,1785,281,349,19,40,26,39,0,3,1888,2104,1571,1692,268,326,3,1,21,27,0,0,25,58,1594,1744,275,348,19,38,26,37,0,3,36,44,30,39,6,1,0,0,0,2,0,0,0,2,30,41,6,1,0,2,0,2,0,0
050,24,009,Maryland,Calvert County,3,16,2827,1315,1512,1111,1278,170,172,3,10,12,17,1,1,18,34,1126,1308,175,184,14,32,16,24,2,4,1299,1497,1101,1266,167,172,0,7,12,17,1,1,18,34,1116,1296,172,184,11,29,16,24,2,4,16,15,10,12,3,0,3,3,0,0,0,0,0,0,10,12,3,0,3,3,0,0,0,0
050,24,009,Maryland,Calvert County,3,17,1688,744,944,650,780,74,139,5,0,8,12,0,3,7,10,656,787,77,145,10,7,10,13,1,3,727,923,633,762,74,139,5,0,8,12,0,3,7,7,639,767,77,142,10,5,10,13,1,3,17,21,17,18,0,0,0,0,0,0,0,0,0,3,17,20,0,3,0,2,0,0,0,0
050,24,009,Maryland,Calvert County,3,18,1610,571,1039,478,858,70,133,0,6,8,25,0,0,15,17,492,873,76,140,6,18,12,26,0,0,562,1023,469,850,70,133,0,1,8,24,0,0,15,15,483,863,76,139,6,12,12,25,0,0,9,16,9,8,0,0,0,5,0,1,0,0,0,2,9,10,0,1,0,6,0,1,0,0
050,24,009,Maryland,Calvert County,4,0,94655,46413,48242,36219,37038,6430,6927,237,252,757,1058,54,49,2716,2918,38734,39706,7636,8290,1221,1357,1531,1852,175,175,44013,45626,34488,35222,6194,6665,134,107,735,1013,41,38,2421,2581,36735,37585,7273,7879,965,1023,1465,1749,145,148,2400,2616,1731,1816,236,262,103,145,22,45,13,11,295,337,1999,2121,363,411,256,334,66,103,30,27
050,24,009,Maryland,Calvert County,4,1,5103,2631,2472,1939,1827,323,289,8,18,49,27,2,6,310,305,2234,2114,488,457,75,82,151,134,18,17,2418,2265,1814,1708,290,274,4,2,46,21,2,2,262,258,2063,1951,431,416,52,45,140,121,15,11,213,207,125,119,33,15,4,16,3,6,0,4,48,47,171,163,57,41,23,37,11,13,3,6
050,24,009,Maryland,Calvert County,4,2,6150,3121,3029,2285,2191,381,410,10,30,71,48,12,3,362,347,2623,2518,571,598,104,114,187,158,25,17,2871,2761,2134,2050,357,365,3,4,65,42,8,2,304,298,2422,2332,519,527,71,67,169,141,20,14,250,268,151,141,24,45,7,26,6,6,4,1,58,49,201,186,52,71,33,47,18,17,5,3
050,24,009,Maryland,Calvert County,4,3,6715,3428,3287,2487,2321,466,489,24,23,57,70,11,3,383,381,2849,2677,662,692,120,119,177,185,30,14,3165,3016,2305,2149,446,454,12,8,50,68,9,1,343,336,2630,2463,624,637,89,82,165,175,25,12,263,271,182,172,20,35,12,15,7,2,2,2,40,45,219,214,38,55,31,37,12,10,5,2
050,24,009,Maryland,Calvert County,4,4,6427,3293,3134,2417,2281,449,432,12,26,56,56,6,0,353,339,2749,2602,628,611,118,127,153,156,19,14,3003,2873,2223,2099,412,403,6,5,55,54,4,0,303,312,2508,2394,570,569,89,90,145,151,14,12,290,261,194,182,37,29,6,21,1,2,2,0,50,27,241,208,58,42,29,37,8,5,5,2
050,24,009,Maryland,Calvert County,4,5,5252,2721,2531,2001,1824,421,402,16,6,58,39,4,3,221,257,2208,2062,526,532,84,88,126,115,8,15,2563,2348,1872,1695,408,386,8,6,56,36,4,2,215,223,2073,1902,510,500,74,73,123,103,8,12,158,183,129,129,13,16,8,0,2,3,0,1,6,34,135,160,16,32,10,15,3,12,0,3
050,24,009,Maryland,Calvert County,4,6,4830,2453,2377,1889,1796,368,347,10,3,47,69,1,2,138,160,2018,1945,429,420,57,64,92,119,11,14,2315,2229,1783,1702,352,325,7,3,46,59,0,2,127,138,1901,1832,410,389,48,51,90,103,9,11,138,148,106,94,16,22,3,0,1,10,1,0,11,22,117,113,19,31,9,13,2,16,2,3
050,24,009,Maryland,Calvert County,4,7,5707,2821,2886,2193,2271,441,381,19,25,20,63,3,1,145,145,2325,2404,496,438,81,85,58,98,8,11,2664,2690,2083,2133,419,365,9,8,20,63,3,1,130,120,2202,2244,468,414,62,53,56,92,8,11,157,196,110,138,22,16,10,17,0,0,0,0,15,25,123,160,28,24,19,32,2,6,0,0
050,24,009,Maryland,Calvert County,4,8,6422,3160,3262,2523,2580,398,417,18,19,59,84,5,9,157,153,2662,2719,455,483,86,89,104,120,16,15,2959,3010,2365,2380,385,391,7,5,59,84,3,9,140,141,2489,2509,436,453,62,66,102,120,12,14,201,252,158,200,13,26,11,14,0,0,2,0,17,12,173,210,19,30,24,23,2,0,4,1
050,24,009,Maryland,Calvert County,4,9,6163,3022,3141,2457,2432,388,426,25,20,44,107,3,4,105,152,2549,2564,424,486,78,96,77,144,9,12,2818,2974,2306,2306,362,406,11,16,44,107,1,4,94,135,2389,2422,394,460,55,80,75,141,6,10,204,167,151,126,26,20,14,4,0,0,2,0,11,17,160,142,30,26,23,16,2,3,3,2
050,24,009,Maryland,Calvert County,4,10,5322,2621,2701,2035,2034,398,435,15,15,75,99,0,3,98,115,2122,2133,433,474,69,77,97,128,5,11,2496,2555,1937,1921,393,423,9,9,74,95,0,2,83,105,2011,2012,422,461,51,62,95,123,4,9,125,146,98,113,5,12,6,6,1,4,0,1,15,10,111,121,11,13,18,15,2,5,1,2
050,24,009,Maryland,Calvert County,4,11,6354,3006,3348,2378,2590,451,541,32,18,50,81,2,3,93,115,2458,2691,480,583,82,83,74,107,8,6,2899,3226,2292,2496,448,535,23,11,49,77,2,3,85,104,2366,2588,475,571,68,68,71,103,7,6,107,122,86,94,3,6,9,7,1,4,0,0,8,11,92,103,5,12,14,15,3,4,1,0
050,24,009,Maryland,Calvert County,4,12,7431,3582,3849,2862,3034,521,569,21,14,47,99,0,6,131,127,2982,3145,558,616,100,93,70,120,8,12,3497,3722,2794,2939,518,556,18,11,47,97,0,5,120,114,2904,3039,551,598,90,79,69,116,7,11,85,127,68,95,3,13,3,3,0,2,0,1,11,13,78,106,7,18,10,14,1,4,1,1
050,24,009,Maryland,Calvert County,4,13,6833,3334,3499,2730,2770,451,551,16,11,43,47,4,2,90,118,2813,2874,477,589,75,85,59,68,5,6,3241,3400,2659,2688,441,549,9,4,43,47,4,1,85,111,2737,2785,465,584,65,73,59,68,5,5,93,99,71,82,10,2,7,7,0,0,0,1,5,7,76,89,12,5,10,12,0,0,0,1
050,24,009,Maryland,Calvert County,4,14,5414,2513,2901,2076,2329,356,415,0,6,32,73,0,0,49,78,2121,2395,368,445,30,53,42,85,1,1,2470,2840,2035,2283,354,412,0,5,32,71,0,0,49,69,2080,2341,366,438,30,46,42,83,1,1,43,61,41,46,2,3,0,1,0,2,0,0,0,9,41,54,2,7,0,7,0,2,0,0
050,24,009,Maryland,Calvert County,4,15,3993,1909,2084,1571,1653,284,341,3,2,15,39,0,0,36,49,1604,1693,292,358,28,35,22,45,1,2,1881,2041,1549,1616,278,340,3,2,15,36,0,0,36,47,1582,1655,286,356,28,34,22,41,1,2,28,43,22,37,6,1,0,0,0,3,0,0,0,2,22,38,6,2,0,1,0,4,0,0
050,24,009,Maryland,Calvert County,4,16,3062,1394,1668,1178,1403,179,195,3,7,15,15,0,1,19,47,1196,1442,183,211,14,39,19,23,1,3,1373,1651,1163,1387,176,194,0,7,15,15,0,1,19,47,1181,1426,180,210,11,39,19,23,1,3,21,17,15,16,3,1,3,0,0,0,0,0,0,0,15,16,3,1,3,0,0,0,0,0
050,24,009,Maryland,Calvert County,4,17,1793,778,1015,667,829,83,155,4,3,12,15,1,3,11,10,676,838,89,158,10,10,13,16,2,4,766,988,655,810,83,155,4,0,12,15,1,3,11,5,664,814,89,157,10,3,13,16,2,4,12,27,12,19,0,0,0,3,0,0,0,0,0,5,12,24,0,1,0,7,0,0,0,0
050,24,009,Maryland,Calvert County,4,18,1684,626,1058,531,873,72,132,1,6,7,27,0,0,15,20,545,890,77,139,10,18,10,31,0,1,614,1037,519,860,72,132,1,1,7,26,0,0,15,18,533,876,77,139,10,12,10,29,0,0,12,21,12,13,0,0,0,5,0,1,0,0,0,2,12,14,0,0,0,6,0,2,0,1
050,24,009,Maryland,Calvert County,5,0,94753,46450,48303,36028,36859,6574,6998,252,276,746,1085,53,51,2797,3034,38612,39664,7816,8401,1238,1417,1560,1907,182,168,43882,45527,34211,34964,6309,6720,132,116,724,1035,40,40,2466,2652,36494,37419,7413,7957,957,1049,1471,1794,145,149,2568,2776,1817,1895,265,278,120,160,22,50,13,11,331,382,2118,2245,403,444,281,368,89,113,37,19
050,24,009,Maryland,Calvert County,5,1,5142,2650,2492,1927,1812,339,305,15,16,45,32,0,5,324,322,2229,2116,511,476,79,89,154,136,16,15,2437,2267,1802,1694,306,285,6,4,42,23,0,3,281,258,2066,1940,454,423,56,47,144,114,12,12,213,225,125,118,33,20,9,12,3,9,0,2,43,64,163,176,57,53,23,42,10,22,4,3
050,24,009,Maryland,Calvert County,5,2,6047,3106,2941,2228,2129,394,411,8,37,73,47,12,4,391,313,2599,2425,599,577,99,111,196,149,26,17,2845,2661,2071,1980,369,368,2,7,71,43,9,1,323,262,2379,2228,543,508,66,60,177,136,20,13,261,280,157,149,25,43,6,30,2,4,3,3,68,51,220,197,56,69,33,51,19,13,6,4
050,24,009,Maryland,Calvert County,5,3,6658,3404,3254,2497,2268,451,476,25,13,51,81,12,3,368,413,2841,2655,641,702,122,120,165,209,26,14,3120,2972,2314,2097,422,433,13,5,42,78,9,1,320,358,2617,2432,589,631,85,85,147,196,20,11,284,282,183,171,29,43,12,8,9,3,3,2,48,55,224,223,52,71,37,35,18,13,6,3
050,24,009,Maryland,Calvert County,5,4,6423,3271,3152,2341,2253,485,454,8,34,64,53,7,1,366,357,2683,2591,672,640,115,132,170,163,26,12,2966,2878,2136,2062,452,427,4,8,59,49,5,1,310,331,2425,2377,615,604,84,91,153,154,19,11,305,274,205,191,33,27,4,26,5,4,2,0,56,26,258,214,57,36,31,41,17,9,7,1
050,24,009,Maryland,Calvert County,5,5,5275,2730,2545,2000,1841,423,396,17,9,61,40,4,3,225,256,2208,2079,530,524,88,91,131,114,15,14,2543,2339,1856,1695,400,370,8,7,61,39,4,2,214,226,2054,1906,503,485,73,73,130,108,14,13,187,206,144,146,23,26,9,2,0,1,0,1,11,30,154,173,27,39,15,18,1,6,1,1
050,24,009,Maryland,Calvert County,5,6,4838,2495,2343,1894,1742,383,352,17,3,32,76,1,1,168,169,2051,1900,457,434,73,60,84,126,5,8,2325,2204,1764,1652,370,333,5,3,31,66,0,1,155,149,1908,1791,440,408,54,51,80,111,4,8,170,139,130,90,13,19,12,0,1,10,1,0,13,20,143,109,17,26,19,9,4,15,1,0
050,24,009,Maryland,Calvert County,5,7,5560,2751,2809,2106,2204,452,375,28,29,19,59,3,2,143,140,2237,2336,509,434,84,87,60,95,11,7,2593,2605,2008,2066,426,356,8,9,19,56,3,2,129,116,2126,2174,479,407,56,53,57,89,10,7,158,204,98,138,26,19,20,20,0,3,0,0,14,24,111,162,30,27,28,34,3,6,1,0
050,24,009,Maryland,Calvert County,5,8,6484,3178,3306,2534,2586,423,421,18,23,54,87,4,5,145,184,2662,2750,475,501,79,104,97,132,12,14,2951,3056,2367,2395,402,400,7,6,54,87,2,5,119,163,2472,2541,446,471,53,74,92,130,9,14,227,250,167,191,21,21,11,17,0,0,2,0,26,21,190,209,29,30,26,30,5,2,3,0
050,24,009,Maryland,Calvert County,5,9,6381,3091,3290,2506,2532,411,467,27,20,39,101,3,8,105,162,2599,2672,446,527,75,105,68,140,14,17,2875,3078,2344,2369,385,447,13,18,39,101,1,8,93,135,2428,2489,415,498,55,84,67,135,9,16,216,212,162,163,26,20,14,2,0,0,2,0,12,27,171,183,31,29,20,21,1,5,5,1
050,24,009,Maryland,Calvert County,5,10,5302,2603,2699,2053,2036,375,428,9,15,76,99,0,1,90,120,2137,2145,403,471,53,72,101,128,2,7,2473,2548,1945,1920,368,417,8,6,75,95,0,0,77,110,2016,2019,390,456,45,58,100,123,2,6,130,151,108,116,7,11,1,9,1,4,0,1,13,10,121,126,13,15,8,14,1,5,0,1
050,24,009,Maryland,Calvert County,5,11,6050,2902,3148,2264,2434,451,497,30,19,60,73,2,4,95,121,2350,2545,477,538,84,87,85,97,8,9,2796,3024,2181,2343,447,491,21,11,60,69,2,4,85,106,2257,2440,472,527,67,67,81,92,8,8,106,124,83,91,4,6,9,8,0,4,0,0,10,15,93,105,5,11,17,20,4,5,0,1
050,24,009,Maryland,Calvert County,5,12,7096,3411,3685,2714,2889,500,551,17,18,49,93,0,6,131,128,2832,3007,538,594,96,96,74,118,6,14,3327,3563,2645,2800,497,540,15,8,48,93,0,5,122,117,2754,2907,534,579,88,79,72,116,5,11,84,122,69,89,3,11,2,10,1,0,0,1,9,11,78,100,4,15,8,17,2,2,1,3
050,24,009,Maryland,Calvert County,5,13,6996,3379,3617,2748,2848,469,561,20,10,34,69,3,3,105,126,2842,2962,499,602,88,90,59,89,6,9,3289,3506,2680,2761,462,553,13,5,34,67,3,2,97,118,2768,2868,489,591,76,78,55,86,4,8,90,111,68,87,7,8,7,5,0,2,0,1,8,8,74,94,10,11,12,12,4,3,2,1
050,24,009,Maryland,Calvert County,5,14,5486,2561,2925,2102,2325,366,432,2,12,34,64,1,0,56,92,2152,2407,380,463,39,73,44,76,3,1,2509,2851,2056,2268,361,429,1,9,34,64,1,0,56,81,2106,2339,375,457,38,62,44,76,3,1,52,74,46,57,5,3,1,3,0,0,0,0,0,11,46,68,5,6,1,11,0,0,0,0
050,24,009,Maryland,Calvert County,5,15,4164,1988,2176,1640,1726,287,357,3,2,17,46,0,0,41,45,1675,1764,299,374,29,29,26,54,2,2,1961,2136,1619,1692,281,357,3,2,17,42,0,0,41,43,1654,1729,293,373,29,27,26,50,2,2,27,40,21,34,6,0,0,0,0,4,0,0,0,2,21,35,6,1,0,2,0,4,0,0
050,24,009,Maryland,Calvert County,5,16,3154,1429,1725,1202,1428,193,219,2,6,19,19,0,0,13,53,1214,1474,199,236,12,41,20,28,0,1,1399,1695,1178,1400,189,218,0,6,19,18,0,0,13,53,1190,1446,195,235,10,41,20,27,0,1,30,30,24,28,4,1,2,0,0,1,0,0,0,0,24,28,4,1,2,0,0,1,0,0
050,24,009,Maryland,Calvert County,5,17,1950,850,1100,720,904,97,164,4,4,10,14,1,4,18,10,736,914,103,167,14,9,15,17,3,4,838,1076,709,888,97,164,3,1,10,14,1,4,18,5,725,893,103,164,13,4,15,16,3,4,12,24,11,16,0,0,1,3,0,0,0,0,0,5,11,21,0,3,1,5,0,1,0,0
050,24,009,Maryland,Calvert County,5,18,1747,651,1096,552,902,75,132,2,6,9,32,0,1,13,23,565,922,78,141,9,21,11,36,1,3,635,1068,536,882,75,132,2,1,9,31,0,1,13,21,549,900,78,140,9,15,11,35,1,3,16,28,16,20,0,0,0,5,0,1,0,0,0,2,16,22,0,1,0,6,0,1,0,0
050,24,009,Maryland,Calvert County,6,0,94621,46454,48167,35855,36648,6639,7034,278,262,788,1124,54,54,2840,3045,38495,39454,7907,8442,1265,1386,1623,1973,172,190,43813,45385,34010,34746,6355,6755,136,108,761,1060,41,43,2510,2673,36350,37207,7478,8006,953,1040,1547,1850,146,159,2641,2782,1845,1902,284,279,142,154,27,64,13,11,330,372,2145,2247,429,436,312,346,76,123,26,31
050,24,009,Maryland,Calvert County,6,1,5071,2598,2473,1854,1753,333,324,20,9,38,37,0,3,353,347,2188,2074,523,515,97,82,157,151,8,17,2374,2248,1727,1637,299,298,7,4,35,26,0,3,306,280,2018,1895,466,457,64,52,147,126,6,13,224,225,127,116,34,26,13,5,3,11,0,0,47,67,170,179,57,58,33,30,10,25,2,4
050,24,009,Maryland,Calvert County,6,2,5908,3060,2848,2203,2093,392,362,8,40,79,41,8,5,370,307,2552,2384,588,528,92,109,199,138,20,19,2828,2583,2060,1946,369,337,2,5,78,38,5,1,314,256,2360,2189,536,475,62,56,188,126,16,11,232,265,143,147,23,25,6,35,1,3,3,4,56,51,192,195,52,53,30,53,11,12,4,8
050,24,009,Maryland,Calvert County,6,3,6541,3335,3206,2445,2248,445,484,21,7,65,89,13,5,346,373,2767,2597,625,686,112,101,171,208,26,15,3049,2947,2260,2091,419,434,12,2,56,83,10,2,292,335,2533,2405,575,618,76,78,154,196,20,10,286,259,185,157,26,50,9,5,9,6,3,3,54,38,234,192,50,68,36,23,17,12,6,5
050,24,009,Maryland,Calvert County,6,4,6338,3283,3055,2315,2180,493,444,11,20,65,50,10,1,389,360,2680,2518,694,633,117,122,182,151,26,16,2977,2797,2107,2002,458,416,4,9,58,46,8,1,342,323,2430,2306,637,588,88,90,167,145,22,14,306,258,208,178,35,28,7,11,7,4,2,0,47,37,250,212,57,45,29,32,15,6,4,2
050,24,009,Maryland,Calvert County,6,5,5354,2742,2612,2000,1864,438,406,19,20,56,58,3,2,226,262,2208,2106,550,534,94,99,121,138,10,17,2527,2401,1843,1718,409,382,8,9,56,55,3,1,208,236,2036,1936,512,500,73,74,119,127,9,12,215,211,157,146,29,24,11,11,0,3,0,1,18,26,172,170,38,34,21,25,2,11,1,5
050,24,009,Maryland,Calvert County,6,6,4772,2476,2296,1879,1692,370,351,17,7,36,71,2,4,172,171,2043,1852,448,429,70,65,93,122,11,11,2302,2149,1753,1594,348,344,5,4,36,57,1,4,159,146,1904,1729,421,412,50,50,92,105,10,11,174,147,126,98,22,7,12,3,0,14,1,0,13,25,139,123,27,17,20,15,1,17,1,0
050,24,009,Maryland,Calvert County,6,7,5437,2710,2727,2040,2109,457,375,36,22,30,75,1,1,146,145,2177,2246,515,437,88,79,77,116,8,7,2544,2520,1946,1969,428,347,6,4,29,66,1,1,134,133,2072,2096,480,405,53,54,74,104,8,7,166,207,94,140,29,28,30,18,1,9,0,0,12,12,105,150,35,32,35,25,3,12,0,0
050,24,009,Maryland,Calvert County,6,8,6506,3194,3312,2547,2585,417,432,10,26,61,87,7,5,152,177,2688,2742,467,507,76,106,105,137,17,13,2971,3082,2383,2411,399,412,4,10,57,87,5,5,123,157,2497,2549,440,481,51,78,96,135,13,12,223,230,164,174,18,20,6,16,4,0,2,0,29,20,191,193,27,26,25,28,9,2,4,1
050,24,009,Maryland,Calvert County,6,9,6555,3209,3346,2552,2594,461,476,38,18,52,95,2,9,104,154,2647,2731,494,533,83,91,84,133,12,21,2984,3098,2389,2403,430,456,20,9,52,95,0,9,93,126,2474,2516,460,502,58,64,81,128,9,20,225,248,163,191,31,20,18,9,0,0,2,0,11,28,173,215,34,31,25,27,3,5,3,1
050,24,009,Maryland,Calvert County,6,10,5423,2656,2767,2124,2092,363,421,13,14,61,100,1,1,94,139,2206,2216,395,472,56,85,87,132,8,10,2511,2609,2002,1972,358,409,10,7,60,96,1,0,80,125,2070,2083,386,457,45,68,85,127,7,8,145,158,122,120,5,12,3,7,1,4,0,1,14,14,136,133,9,15,11,17,2,5,1,2
050,24,009,Maryland,Calvert County,6,11,5767,2779,2988,2136,2280,438,494,32,19,76,76,2,4,95,115,2223,2384,469,534,82,86,97,104,6,9,2668,2862,2056,2189,429,479,18,15,76,73,2,4,87,102,2136,2281,456,517,62,71,97,100,6,9,111,126,80,91,9,15,14,4,0,3,0,0,8,13,87,103,13,17,20,15,0,4,0,0
050,24,009,Maryland,Calvert County,6,12,6726,3213,3513,2538,2725,494,537,19,23,42,97,0,5,120,126,2646,2839,529,579,92,94,68,130,6,11,3120,3384,2456,2631,493,527,17,9,41,96,0,4,113,117,2557,2736,527,565,86,77,65,126,6,10,93,129,82,94,1,10,2,14,1,1,0,1,7,9,89,103,2,14,6,17,3,4,0,1
050,24,009,Maryland,Calvert County,6,13,7146,3429,3717,2803,2940,472,566,15,9,31,79,0,4,108,119,2901,3048,504,603,83,79,51,101,2,10,3345,3604,2740,2850,465,557,13,5,31,79,0,3,96,110,2827,2949,492,592,72,69,51,100,2,8,84,113,63,90,7,9,2,4,0,0,0,1,12,9,74,99,12,11,11,10,0,1,0,2
050,24,009,Maryland,Calvert County,6,14,5626,2678,2948,2186,2340,375,451,8,9,38,47,4,0,67,101,2249,2428,389,489,51,71,51,64,7,4,2614,2869,2133,2280,370,448,2,5,38,47,4,0,67,89,2196,2358,384,480,45,58,51,64,7,4,64,79,53,60,5,3,6,4,0,0,0,0,0,12,53,70,5,9,6,13,0,0,0,0
050,24,009,Maryland,Calvert County,6,15,4299,2010,2289,1660,1818,278,364,3,2,20,52,0,0,49,53,1704,1867,291,383,34,37,30,58,2,1,1985,2243,1639,1779,274,364,3,2,20,49,0,0,49,49,1683,1824,287,382,34,34,30,55,2,1,25,46,21,39,4,0,0,0,0,3,0,0,0,4,21,43,4,1,0,3,0,3,0,0
050,24,009,Maryland,Calvert County,6,16,3266,1492,1774,1237,1434,224,253,1,5,16,24,0,0,14,58,1249,1487,227,273,11,44,19,36,0,3,1457,1747,1208,1410,219,252,0,5,16,22,0,0,14,58,1220,1463,222,272,10,44,19,34,0,3,35,27,29,24,5,1,1,0,0,2,0,0,0,0,29,24,5,1,1,0,0,2,0,0
050,24,009,Maryland,Calvert County,6,17,2093,913,1180,764,986,116,154,2,6,9,14,1,3,21,17,782,1000,122,159,16,17,14,18,2,4,901,1155,757,970,115,153,0,3,9,14,1,3,19,12,773,980,120,156,13,10,14,17,2,4,12,25,7,16,1,1,2,3,0,0,0,0,2,5,9,20,2,3,3,7,0,1,0,0
050,24,009,Maryland,Calvert County,6,18,1793,677,1116,572,915,73,140,5,6,13,32,0,2,14,21,585,935,77,148,11,19,17,36,1,2,656,1087,551,894,73,140,5,1,13,31,0,2,14,19,564,912,77,147,11,13,17,35,1,2,21,29,21,21,0,0,0,5,0,1,0,0,0,2,21,23,0,1,0,6,0,1,0,0
050,24,009,Maryland,Calvert County,7,0,94484,46361,48123,35633,36469,6712,7098,290,282,798,1147,54,56,2874,3071,38287,39296,8002,8523,1291,1380,1661,1983,161,194,43618,45261,33731,34527,6399,6816,134,117,770,1078,42,44,2542,2679,36086,36997,7544,8073,958,1020,1577,1848,135,160,2743,2862,1902,1942,313,282,156,165,28,69,12,12,332,392,2201,2299,458,450,333,360,84,135,26,34
050,24,009,Maryland,Calvert County,7,1,4957,2581,2376,1825,1682,356,304,25,4,29,39,0,5,346,342,2149,2005,537,488,99,76,147,156,13,20,2339,2139,1675,1554,327,276,10,4,26,32,0,5,301,268,1961,1809,485,421,65,51,136,130,10,17,242,237,150,128,29,28,15,0,3,7,0,0,45,74,188,196,52,67,34,25,11,26,3,3
050,24,009,Maryland,Calvert County,7,2,5779,2985,2794,2164,2017,381,363,7,36,80,49,7,5,346,324,2487,2322,564,535,80,112,200,153,20,16,2770,2533,2039,1876,350,344,2,8,78,41,4,1,297,263,2320,2124,507,485,55,60,186,135,14,9,215,261,125,141,31,19,5,28,2,8,3,4,49,61,167,198,57,50,25,52,14,18,6,7
050,24,009,Maryland,Calvert County,7,3,6509,3312,3197,2428,2273,437,479,20,25,72,77,11,4,344,339,2748,2592,616,662,103,102,186,180,26,20,3027,2923,2236,2120,405,426,10,4,65,71,9,2,302,300,2518,2404,561,592,75,64,172,169,22,14,285,274,192,153,32,53,10,21,7,6,2,2,42,39,230,188,55,70,28,38,14,11,4,6
050,24,009,Maryland,Calvert County,7,4,6239,3241,2998,2272,2096,497,442,15,20,57,57,16,3,384,380,2626,2451,698,642,120,122,172,168,27,18,2961,2752,2083,1930,468,411,5,9,50,53,13,2,342,347,2401,2257,651,597,88,93,157,160,23,15,280,246,189,166,29,31,10,11,7,4,3,1,42,33,225,194,47,45,32,29,15,8,4,3
050,24,009,Maryland,Calvert County,7,5,5272,2692,2580,1939,1854,424,384,25,21,48,61,1,2,255,258,2175,2091,552,515,108,93,125,139,6,14,2438,2367,1756,1701,392,362,12,9,46,59,1,1,231,235,1970,1918,510,483,80,71,119,130,6,11,254,213,183,153,32,22,13,12,2,2,0,1,24,23,205,173,42,32,28,22,6,9,0,3
050,24,009,Maryland,Calvert County,7,6,4969,2597,2372,1928,1726,406,393,13,7,55,64,3,2,192,180,2105,1893,495,474,77,69,113,116,11,12,2421,2203,1805,1617,382,378,5,4,53,49,3,1,173,154,1965,1760,464,450,57,51,109,95,10,10,176,169,123,109,24,15,8,3,2,15,0,1,19,26,140,133,31,24,20,18,4,21,1,2
050,24,009,Maryland,Calvert County,7,7,5302,2629,2673,1995,2069,419,362,29,14,41,84,0,2,145,142,2129,2196,478,428,84,65,88,126,5,10,2449,2482,1894,1927,388,348,3,5,40,71,0,2,124,129,2008,2045,437,406,47,48,82,110,5,8,180,191,101,142,31,14,26,9,1,13,0,0,21,13,121,151,41,22,37,17,6,16,0,2
050,24,009,Maryland,Calvert County,7,8,6509,3201,3308,2523,2566,466,441,20,33,51,87,6,2,135,179,2649,2732,516,518,74,112,90,132,12,10,2969,3068,2363,2393,439,414,5,10,49,87,4,2,109,162,2465,2543,480,484,43,78,85,131,9,10,232,240,160,173,27,27,15,23,2,0,2,0,26,17,184,189,36,34,31,34,5,1,3,0
050,24,009,Maryland,Calvert County,7,9,6549,3219,3330,2546,2575,454,467,29,24,64,101,3,11,123,152,2658,2715,494,524,86,95,99,134,9,18,2996,3080,2381,2382,428,450,12,11,64,101,1,11,110,125,2480,2495,465,497,60,66,97,133,6,17,223,250,165,193,26,17,17,13,0,0,2,0,13,27,178,220,29,27,26,29,2,1,3,1
050,24,009,Maryland,Calvert County,7,10,5608,2725,2883,2185,2188,378,451,19,7,46,91,1,2,96,144,2275,2317,410,506,68,76,69,125,6,12,2555,2715,2053,2062,365,438,10,4,46,87,1,1,80,123,2127,2172,391,486,49,61,69,119,6,9,170,168,132,126,13,13,9,3,0,4,0,1,16,21,148,145,19,20,19,15,0,6,0,3
050,24,009,Maryland,Calvert County,7,11,5501,2653,2848,2021,2145,425,477,26,26,76,85,2,4,103,111,2116,2246,459,518,83,82,108,107,5,9,2533,2716,1938,2045,412,462,13,18,75,83,2,4,93,104,2024,2139,444,501,62,70,105,105,5,8,120,132,83,100,13,15,13,8,1,2,0,0,10,7,92,107,15,17,21,12,3,2,0,1
050,24,009,Maryland,Calvert County,7,12,6424,3029,3395,2386,2582,470,555,24,25,40,95,0,2,109,136,2484,2705,503,600,88,103,59,127,5,7,2934,3261,2303,2490,469,547,20,7,39,93,0,1,103,123,2395,2601,501,588,79,77,58,122,5,6,95,134,83,92,1,8,4,18,1,2,0,1,6,13,89,104,2,12,9,26,1,5,0,1
050,24,009,Maryland,Calvert County,7,13,7112,3419,3693,2769,2919,479,559,16,12,39,85,0,5,116,113,2871,3020,514,596,87,79,62,105,6,13,3329,3568,2704,2825,470,545,14,8,39,85,0,5,102,100,2793,2916,501,577,78,65,60,103,4,12,90,125,65,94,9,14,2,4,0,0,0,0,14,13,78,104,13,19,9,14,2,2,2,1
050,24,009,Maryland,Calvert County,7,14,5782,2756,3026,2246,2415,376,458,11,7,42,47,4,2,77,97,2316,2498,394,492,58,66,60,61,7,6,2684,2936,2187,2342,371,456,5,3,42,47,4,1,75,87,2255,2415,388,488,50,54,60,61,7,5,72,90,59,73,5,2,6,4,0,0,0,1,2,10,61,83,6,4,8,12,0,0,0,1
050,24,009,Maryland,Calvert County,7,15,4541,2102,2439,1740,1922,301,389,2,4,17,50,0,0,42,74,1778,1986,312,416,29,50,28,61,2,3,2066,2394,1707,1889,298,388,2,4,17,47,0,0,42,66,1745,1945,309,414,29,45,28,56,2,3,36,45,33,33,3,1,0,0,0,3,0,0,0,8,33,41,3,2,0,5,0,5,0,0
050,24,009,Maryland,Calvert County,7,16,3346,1562,1784,1274,1427,240,274,1,3,20,27,0,0,27,53,1299,1473,245,293,18,36,26,36,1,1,1528,1752,1246,1398,234,273,1,3,20,25,0,0,27,53,1271,1444,239,292,18,36,26,34,1,1,34,32,28,29,6,1,0,0,0,2,0,0,0,0,28,29,6,1,0,0,0,2,0,0
050,24,009,Maryland,Calvert County,7,17,2223,967,1256,813,1058,122,148,3,8,9,16,0,1,20,25,831,1078,129,158,17,23,13,21,0,1,949,1237,803,1045,120,147,0,5,9,16,0,1,17,23,818,1063,125,156,11,19,12,21,0,1,18,19,10,13,2,1,3,3,0,0,0,0,3,2,13,15,4,2,6,4,1,0,0,0
050,24,009,Maryland,Calvert County,7,18,1862,691,1171,579,955,81,152,5,6,12,32,0,4,14,22,591,976,86,158,12,19,16,36,0,4,670,1135,558,931,81,151,5,1,12,31,0,4,14,17,570,947,86,156,12,11,16,34,0,4,21,36,21,24,0,1,0,5,0,1,0,0,0,5,21,29,0,2,0,8,0,2,0,0
050,24,011,Maryland,Caroline County,1,0,33296,16200,17096,12784,13490,2281,2470,224,181,191,186,14,19,706,750,13446,14209,2664,2846,523,524,296,292,24,40,14711,15758,11810,12573,2107,2342,34,34,167,178,4,7,589,624,12361,13183,2430,2650,280,313,246,254,11,18,1489,1338,974,917,174,128,190,147,24,8,10,12,117,126,1085,1026,234,196,243,211,50,38,13,22
050,24,011,Maryland,Caroline County,1,1,2063,1051,1012,722,742,174,174,34,12,21,5,0,0,100,79,818,820,243,231,66,29,31,23,4,4,876,861,629,642,151,153,4,2,18,5,0,0,74,59,701,700,208,197,22,12,24,15,2,4,175,151,93,100,23,21,30,10,3,0,0,0,26,20,117,120,35,34,44,17,7,8,2,0
050,24,011,Maryland,Caroline County,1,2,2213,1122,1091,790,788,182,149,6,26,27,19,1,0,116,109,900,889,261,227,33,53,52,32,1,5,976,914,684,681,165,138,0,3,21,15,0,0,106,77,784,755,240,197,21,20,43,19,0,0,146,177,106,107,17,11,6,23,6,4,1,0,10,32,116,134,21,30,12,33,9,13,1,5
050,24,011,Maryland,Caroline County,1,3,2384,1197,1187,872,852,193,188,30,16,8,22,0,4,94,105,961,953,247,259,56,47,28,38,1,4,1009,1032,746,743,172,171,3,1,8,21,0,0,80,96,821,835,217,233,27,29,23,34,1,0,188,155,126,109,21,17,27,15,0,1,0,4,14,9,140,118,30,26,29,18,5,4,0,4
050,24,011,Maryland,Caroline County,1,4,2169,1088,1081,775,814,184,174,21,8,23,7,3,4,82,74,856,882,241,223,49,37,32,12,3,7,952,966,698,723,166,165,0,3,22,6,0,0,66,69,763,789,213,213,20,29,26,9,0,1,136,115,77,91,18,9,21,5,1,1,3,4,16,5,93,93,28,10,29,8,6,3,3,6
050,24,011,Maryland,Caroline County,1,5,1744,915,829,690,636,146,129,15,11,14,5,0,0,50,48,736,684,169,161,35,27,28,11,1,2,778,722,602,551,123,120,2,4,12,5,0,0,39,42,640,593,141,148,17,18,20,9,0,0,137,107,88,85,23,9,13,7,2,0,0,0,11,6,96,91,28,13,18,9,8,2,1,2
050,24,011,Maryland,Caroline County,1,6,1954,937,1017,753,797,123,150,14,18,9,5,0,0,38,47,782,844,144,167,34,42,15,13,0,0,827,901,680,719,103,143,0,0,9,5,0,0,35,34,707,753,123,154,18,19,14,11,0,0,110,116,73,78,20,7,14,18,0,0,0,0,3,13,75,91,21,13,16,23,1,2,0,0
050,24,011,Maryland,Caroline County,1,7,2144,1044,1100,846,851,134,172,23,10,10,14,1,4,30,49,872,895,148,193,41,38,12,19,3,5,925,995,760,782,124,155,4,1,10,13,0,4,27,40,783,822,135,171,22,22,12,16,2,5,119,105,86,69,10,17,19,9,0,1,1,0,3,9,89,73,13,22,19,16,0,3,1,0
050,24,011,Maryland,Caroline County,1,8,2027,986,1041,766,829,141,141,25,17,13,25,1,0,40,29,806,856,154,149,45,37,20,28,1,3,849,937,676,755,128,130,0,3,13,25,0,0,32,24,708,779,141,136,13,18,19,28,0,3,137,104,90,74,13,11,25,14,0,0,1,0,8,5,98,77,13,13,32,19,1,0,1,0
050,24,011,Maryland,Caroline County,1,9,1925,914,1011,738,800,117,142,16,12,11,28,1,1,31,28,766,828,130,145,33,36,15,29,2,1,811,917,663,731,110,135,5,0,9,27,1,0,23,24,683,755,122,138,15,20,13,28,2,0,103,94,75,69,7,7,11,12,2,1,0,1,8,4,83,73,8,7,18,16,2,1,0,1
050,24,011,Maryland,Caroline County,1,10,1882,905,977,744,793,106,129,21,19,6,6,3,0,25,30,767,822,116,135,38,40,8,11,3,2,835,910,702,752,102,123,6,3,6,6,2,0,17,26,717,777,107,125,21,23,7,11,2,1,70,67,42,41,4,6,15,16,0,0,1,0,8,4,50,45,9,10,17,17,1,0,1,1
050,24,011,Maryland,Caroline County,1,11,2201,1077,1124,874,899,151,159,6,4,16,13,0,2,30,47,900,943,159,173,29,40,19,21,1,2,1010,1077,826,871,143,154,0,0,12,13,0,0,29,39,851,909,150,163,23,28,15,21,1,0,67,47,48,28,8,5,6,4,4,0,0,2,1,8,49,34,9,10,6,12,4,0,0,2
050,24,011,Maryland,Caroline County,1,12,2506,1234,1272,1033,1056,153,175,8,8,11,5,3,1,26,27,1058,1083,160,177,29,32,11,6,3,1,1185,1248,997,1042,148,174,8,5,7,5,0,0,25,22,1021,1064,154,176,29,24,7,6,0,0,49,24,36,14,5,1,0,3,4,0,3,1,1,5,37,19,6,1,0,8,4,0,3,1
050,24,011,Maryland,Caroline County,1,13,2325,1116,1209,951,1006,139,168,3,8,1,3,1,0,21,24,972,1030,142,174,21,21,1,8,1,1,1098,1177,940,979,137,167,0,6,1,3,1,0,19,22,959,1001,138,173,18,17,1,8,1,1,18,32,11,27,2,1,3,2,0,0,0,0,2,2,13,29,4,1,3,4,0,0,0,0
050,24,011,Maryland,Caroline County,1,14,1917,914,1003,776,799,121,167,1,7,7,10,0,3,9,17,785,816,129,171,5,18,7,14,0,3,902,981,767,787,121,166,1,1,7,10,0,3,6,14,773,801,126,170,5,11,7,12,0,3,12,22,9,12,0,1,0,6,0,0,0,0,3,3,12,15,3,1,0,7,0,2,0,0
050,24,011,Maryland,Caroline County,1,15,1558,733,825,628,704,88,90,0,1,12,10,0,0,5,20,632,724,91,94,3,11,12,16,0,0,718,823,620,703,85,90,0,0,10,10,0,0,3,20,622,723,86,94,3,10,10,16,0,0,15,2,8,1,3,0,0,1,2,0,0,0,2,0,10,1,5,0,0,1,2,0,0,0
050,24,011,Maryland,Caroline County,1,16,1062,467,595,399,514,62,64,0,2,1,7,0,0,5,8,404,522,63,65,4,8,1,8,0,0,463,585,396,511,62,60,0,0,1,7,0,0,4,7,400,518,62,61,4,5,1,8,0,0,4,10,3,3,0,4,0,2,0,0,0,0,1,1,4,4,1,4,0,3,0,0,0,0
050,24,011,Maryland,Caroline County,1,17,661,306,355,268,300,38,54,0,0,0,1,0,0,0,0,268,300,38,54,0,0,0,1,0,0,303,348,265,293,38,54,0,0,0,1,0,0,0,0,265,293,38,54,0,0,0,1,0,0,3,7,3,7,0,0,0,0,0,0,0,0,0,0,3,7,0,0,0,0,0,0,0,0
050,24,011,Maryland,Caroline County,1,18,561,194,367,159,310,29,45,1,2,1,1,0,0,4,9,163,318,29,48,2,8,4,2,0,0,194,364,159,308,29,44,1,2,1,1,0,0,4,9,163,316,29,47,2,8,4,2,0,0,0,3,0,2,0,1,0,0,0,0,0,0,0,0,0,2,0,1,0,0,0,0,0,0
050,24,011,Maryland,Caroline County,2,0,33274,16203,17071,12762,13461,2288,2464,235,183,191,189,14,20,713,754,13432,14151,2660,2850,489,481,307,315,45,54,14690,15736,11780,12550,2109,2335,34,35,167,181,4,8,596,627,12342,13126,2429,2659,233,269,265,289,30,35,1513,1335,982,911,179,129,201,148,24,8,10,12,117,127,1090,1025,231,191,256,212,42,26,15,19
050,24,011,Maryland,Caroline County,2,1,2058,1054,1004,719,731,174,174,39,13,21,5,0,0,101,81,814,804,239,231,62,34,41,16,5,5,866,852,618,632,151,154,4,3,18,5,0,0,75,58,688,687,201,194,17,13,35,14,3,4,188,152,101,99,23,20,35,10,3,0,0,0,26,23,126,117,38,37,45,21,6,2,2,1
050,24,011,Maryland,Caroline County,2,2,2185,1104,1081,775,779,182,154,9,25,25,18,1,0,112,105,883,881,251,213,38,56,46,34,2,3,956,908,670,675,163,141,0,3,20,14,0,0,103,75,770,748,227,188,25,20,40,26,1,2,148,173,105,104,19,13,9,22,5,4,1,0,9,30,113,133,24,25,13,36,6,8,1,1
050,24,011,Maryland,Caroline County,2,3,2374,1203,1171,871,845,193,181,31,16,10,22,0,4,98,103,964,941,252,247,55,40,25,40,5,10,1017,1017,746,736,174,167,4,1,9,21,0,0,84,92,826,824,227,225,23,22,21,36,4,5,186,154,125,109,19,14,27,15,1,1,0,4,14,11,138,117,25,22,32,18,4,4,1,5
050,24,011,Maryland,Caroline County,2,4,2161,1088,1073,775,811,184,166,20,7,22,9,2,3,85,77,855,884,231,208,47,30,37,23,3,7,951,958,697,718,165,157,0,3,21,8,0,0,68,72,763,786,202,196,18,24,35,21,1,4,137,115,78,93,19,9,20,4,1,1,2,3,17,5,92,98,29,12,29,6,2,2,2,3
050,24,011,Maryland,Caroline County,2,5,1779,926,853,688,644,152,138,18,12,14,5,1,1,53,53,736,694,178,165,38,28,25,16,3,6,788,749,604,565,129,129,2,4,12,5,0,0,41,46,640,609,151,154,17,18,20,13,2,2,138,104,84,79,23,9,16,8,2,0,1,1,12,7,96,85,27,11,21,10,5,3,1,4
050,24,011,Maryland,Caroline County,2,6,1936,935,1001,753,783,125,146,15,20,9,4,0,0,33,48,781,830,143,172,29,37,14,10,2,1,823,882,680,704,104,139,0,0,9,4,0,0,30,35,705,739,121,157,12,11,14,10,2,1,112,119,73,79,21,7,15,20,0,0,0,0,3,13,76,91,22,15,17,26,0,0,0,0
050,24,011,Maryland,Caroline County,2,7,2133,1036,1097,843,850,132,174,20,10,11,14,1,4,29,45,870,888,148,197,31,31,13,24,3,5,916,993,756,782,121,156,2,1,11,13,0,4,26,37,780,813,135,175,12,17,13,22,2,5,120,104,87,68,11,18,18,9,0,1,1,0,3,8,90,75,13,22,19,14,0,2,1,0
050,24,011,Maryland,Caroline County,2,8,2045,996,1049,771,835,144,140,25,17,12,25,1,1,43,31,812,864,161,154,44,29,19,32,4,1,861,945,683,759,130,131,0,3,12,25,0,1,36,26,717,783,145,144,16,12,18,31,2,1,135,104,88,76,14,9,25,14,0,0,1,0,7,5,95,81,16,10,28,17,1,1,2,0
050,24,011,Maryland,Caroline County,2,9,1928,918,1010,736,801,122,142,17,12,9,26,1,1,33,28,767,826,132,152,34,29,15,31,4,1,813,914,660,733,115,133,4,0,8,25,1,0,25,23,684,753,125,142,16,14,11,29,3,0,105,96,76,68,7,9,13,12,1,1,0,1,8,5,83,73,7,10,18,15,4,2,1,1
050,24,011,Maryland,Caroline County,2,10,1866,894,972,735,782,101,132,20,19,10,10,3,0,25,29,757,808,110,147,33,34,14,14,5,2,825,902,692,740,96,125,8,2,9,10,2,0,18,25,708,763,104,137,15,15,12,13,4,1,69,70,43,42,5,7,12,17,1,0,1,0,7,4,49,45,6,10,18,19,2,1,1,1
050,24,011,Maryland,Caroline County,2,11,2181,1055,1126,863,900,143,156,6,5,15,13,0,1,28,51,891,947,153,175,20,35,17,19,2,2,988,1083,813,874,136,151,0,1,12,13,0,0,27,44,840,914,145,167,14,27,14,18,2,1,67,43,50,26,7,5,6,4,3,0,0,1,1,7,51,33,8,8,6,8,3,1,0,1
050,24,011,Maryland,Caroline County,2,12,2507,1237,1270,1034,1056,155,173,9,8,10,5,3,2,26,26,1057,1076,165,181,26,25,12,11,6,4,1186,1245,998,1040,149,172,8,5,6,5,0,0,25,23,1020,1057,158,180,24,19,8,11,3,2,51,25,36,16,6,1,1,3,4,0,3,2,1,3,37,19,7,1,2,6,4,0,3,2
050,24,011,Maryland,Caroline County,2,13,2332,1130,1202,957,1007,144,162,3,7,3,4,1,0,22,22,979,1023,151,169,16,23,5,7,1,2,1109,1170,945,979,142,161,0,6,2,4,1,0,19,20,964,993,148,168,11,20,4,7,1,2,21,32,12,28,2,1,3,1,1,0,0,0,3,2,15,30,3,1,5,3,1,0,0,0
050,24,011,Maryland,Caroline County,2,14,1926,921,1005,785,798,117,170,2,7,6,9,0,3,11,18,796,815,119,172,10,21,7,12,0,3,907,983,775,786,117,169,1,1,6,9,0,3,8,15,783,800,118,171,7,12,7,12,0,3,14,22,10,12,0,1,1,6,0,0,0,0,3,3,13,15,1,1,3,9,0,0,0,0
050,24,011,Maryland,Caroline County,2,15,1568,735,833,630,712,91,91,0,1,10,9,0,0,4,20,633,728,94,97,0,14,12,13,0,1,721,831,622,711,89,91,0,0,8,9,0,0,2,20,624,727,91,97,0,13,8,13,0,1,14,2,8,1,2,0,0,1,2,0,0,0,2,0,9,1,3,0,0,1,4,0,0,0
050,24,011,Maryland,Caroline County,2,16,1068,466,602,396,517,61,67,0,2,3,8,0,0,6,8,402,524,63,69,3,7,4,9,0,1,462,592,394,515,60,62,0,0,3,8,0,0,5,7,399,521,61,64,3,4,4,9,0,1,4,10,2,2,1,5,0,2,0,0,0,0,1,1,3,3,2,5,0,3,0,0,0,0
050,24,011,Maryland,Caroline County,2,17,660,307,353,268,298,39,53,0,0,0,2,0,0,0,0,268,298,39,53,0,0,0,2,0,0,303,346,264,291,39,53,0,0,0,2,0,0,0,0,264,291,39,53,0,0,0,2,0,0,4,7,4,7,0,0,0,0,0,0,0,0,0,0,4,7,0,0,0,0,0,0,0,0
050,24,011,Maryland,Caroline County,2,18,567,198,369,163,312,29,45,1,2,1,1,0,0,4,9,167,320,31,48,3,8,1,2,0,0,198,366,163,310,29,44,1,2,1,1,0,0,4,9,167,318,31,47,3,8,1,2,0,0,0,3,0,2,0,1,0,0,0,0,0,0,0,0,0,2,0,1,0,0,0,0,0,0
050,24,011,Maryland,Caroline County,3,0,33444,16243,17201,12770,13523,2277,2486,241,190,199,194,16,21,740,787,13470,14250,2654,2901,503,498,315,319,51,56,14685,15812,11773,12586,2087,2347,33,42,172,185,5,9,615,643,12351,13180,2414,2692,236,279,272,286,35,36,1558,1389,997,937,190,139,208,148,27,9,11,12,125,144,1119,1070,240,209,267,219,43,33,16,20
050,24,011,Maryland,Caroline County,3,1,2070,1053,1017,723,735,168,170,28,12,15,10,1,0,118,90,839,820,240,226,53,34,35,24,5,5,862,836,614,617,146,153,2,3,12,9,0,0,88,54,700,668,200,188,17,14,30,18,3,3,191,181,109,118,22,17,26,9,3,1,1,0,30,36,139,152,40,38,36,20,5,6,2,2
050,24,011,Maryland,Caroline County,3,2,2163,1078,1085,740,757,188,180,23,21,25,17,0,0,102,110,837,860,251,251,47,48,43,41,3,5,930,927,644,661,167,159,3,5,22,13,0,0,94,89,733,745,227,217,23,22,39,33,3,4,148,158,96,96,21,21,20,16,3,4,0,0,8,21,104,115,24,34,24,26,4,8,0,1
050,24,011,Maryland,Caroline County,3,3,2382,1206,1176,860,845,204,181,29,23,17,16,1,3,95,108,950,949,261,246,56,53,33,36,3,6,1018,1006,735,734,184,167,2,1,14,16,0,0,83,88,813,819,237,221,22,22,29,32,2,2,188,170,125,111,20,14,27,22,3,0,1,3,12,20,137,130,24,25,34,31,4,4,1,4
050,24,011,Maryland,Caroline County,3,4,2126,1074,1052,780,787,170,150,17,6,19,15,1,1,87,93,865,873,216,201,47,33,31,35,3,6,928,936,697,692,146,140,1,3,18,14,0,0,66,87,761,772,183,188,21,28,27,33,2,5,146,116,83,95,24,10,16,3,1,1,1,1,21,6,104,101,33,13,26,5,4,2,1,1
050,24,011,Maryland,Caroline County,3,5,1903,962,941,686,693,165,172,26,11,16,7,2,5,67,53,749,740,199,205,50,30,26,17,5,9,818,838,606,621,143,161,2,5,12,6,0,1,55,44,658,659,172,191,19,18,21,13,3,3,144,103,80,72,22,11,24,6,4,1,2,4,12,9,91,81,27,14,31,12,5,4,2,6
050,24,011,Maryland,Caroline County,3,6,1894,965,929,773,730,136,122,15,21,13,7,0,0,28,49,797,776,150,148,26,41,17,12,4,2,850,816,698,657,115,116,0,0,13,7,0,0,24,36,718,693,128,136,10,13,16,10,3,1,115,113,75,73,21,6,15,21,0,0,0,0,4,13,79,83,22,12,16,28,1,2,1,1
050,24,011,Maryland,Caroline County,3,7,2173,1038,1135,851,906,123,178,19,8,14,11,1,2,30,30,879,931,139,194,27,22,20,17,3,3,915,1024,762,828,110,161,2,1,14,10,0,2,27,22,787,846,125,174,9,10,19,14,2,3,123,111,89,78,13,17,17,7,0,1,1,0,3,8,92,85,14,20,18,12,1,3,1,0
050,24,011,Maryland,Caroline County,3,8,2107,1031,1076,816,840,139,146,22,19,5,24,1,3,48,44,861,881,160,166,42,40,12,29,5,4,895,968,723,761,124,137,0,3,5,24,0,3,43,40,763,798,143,156,18,22,12,28,3,4,136,108,93,79,15,9,22,16,0,0,1,0,5,4,98,83,17,10,24,18,0,1,2,0
050,24,011,Maryland,Caroline County,3,9,1965,941,1024,744,826,132,142,18,14,11,13,1,1,35,28,777,854,142,152,36,29,15,15,6,2,833,915,669,755,124,127,2,0,11,12,1,0,26,21,694,776,132,135,14,11,14,13,5,1,108,109,75,71,8,15,16,14,0,1,0,1,9,7,83,78,10,17,22,18,1,2,1,1
050,24,011,Maryland,Caroline County,3,10,1813,861,952,713,760,91,129,19,17,13,22,2,0,23,24,732,780,98,140,31,31,19,24,4,2,783,880,661,714,84,123,9,1,11,22,2,0,16,20,674,730,90,132,17,13,15,24,3,2,78,72,52,46,7,6,10,16,2,0,0,0,7,4,58,50,8,8,14,18,4,0,1,0
050,24,011,Maryland,Caroline County,3,11,2074,989,1085,816,876,126,145,9,7,13,10,2,0,23,47,837,919,136,161,22,35,17,15,2,3,928,1048,770,854,122,141,1,2,13,10,1,0,21,41,789,892,132,155,14,25,15,15,1,3,61,37,46,22,4,4,8,5,0,0,1,0,2,6,48,27,4,6,8,10,2,0,1,0
050,24,011,Maryland,Caroline County,3,12,2487,1225,1262,1026,1053,149,166,10,8,10,6,2,2,28,27,1051,1077,159,177,28,22,12,11,3,2,1169,1231,990,1031,140,164,7,5,5,6,0,0,27,25,1014,1053,150,174,24,18,7,11,1,0,56,31,36,22,9,2,3,3,5,0,2,2,1,2,37,24,9,3,4,4,5,0,2,2
050,24,011,Maryland,Caroline County,3,13,2398,1175,1223,974,1020,166,162,2,7,8,6,2,1,23,27,995,1045,172,171,18,25,10,8,4,3,1153,1189,962,991,165,162,1,7,4,6,1,0,20,23,980,1013,170,169,15,22,6,7,3,1,22,34,12,29,1,0,1,0,4,0,1,1,3,4,15,32,2,2,3,3,4,1,1,2
050,24,011,Maryland,Caroline County,3,14,1947,926,1021,803,807,100,180,4,9,6,7,0,2,13,16,816,821,105,186,11,19,7,9,0,2,910,1001,792,794,100,180,1,4,6,7,0,2,11,14,803,806,104,186,7,12,7,9,0,2,16,20,11,13,0,0,3,5,0,0,0,0,2,2,13,15,1,0,4,7,0,0,0,0
050,24,011,Maryland,Caroline County,3,15,1621,741,880,633,745,96,101,0,3,3,9,0,1,9,21,642,765,98,107,4,16,5,11,1,2,724,874,623,744,96,100,0,0,1,9,0,1,4,20,627,763,96,106,1,12,3,11,1,2,17,6,10,1,0,1,0,3,2,0,0,0,5,1,15,2,2,1,3,4,2,0,0,0
050,24,011,Maryland,Caroline County,3,16,1083,468,615,398,522,53,73,0,2,10,8,0,0,7,10,405,531,55,77,4,10,11,8,0,0,464,608,398,522,50,69,0,0,10,8,0,0,6,9,404,530,52,73,4,7,10,8,0,0,4,7,0,0,3,4,0,2,0,0,0,0,1,1,1,1,3,4,0,3,1,0,0,0
050,24,011,Maryland,Caroline County,3,17,667,305,362,263,310,42,46,0,0,0,5,0,0,0,1,263,310,42,47,0,1,0,5,0,0,300,353,258,302,42,45,0,0,0,5,0,0,0,1,258,302,42,46,0,1,0,5,0,0,5,9,5,8,0,1,0,0,0,0,0,0,0,0,5,8,0,1,0,0,0,0,0,0
050,24,011,Maryland,Caroline County,3,18,571,205,366,171,311,29,43,0,2,1,1,0,0,4,9,175,318,31,46,1,9,2,2,0,0,205,362,171,308,29,42,0,2,1,1,0,0,4,9,175,315,31,45,1,9,2,2,0,0,0,4,0,3,0,1,0,0,0,0,0,0,0,0,0,3,0,1,0,0,0,0,0,0
050,24,011,Maryland,Caroline County,4,0,33528,16276,17252,12765,13560,2240,2445,285,216,200,209,19,20,767,802,13476,14297,2643,2887,560,515,332,337,53,57,14590,15751,11703,12546,2042,2294,35,47,172,201,5,8,633,655,12288,13149,2382,2659,245,279,288,306,31,40,1686,1501,1062,1014,198,151,250,169,28,8,14,12,134,147,1188,1148,261,228,315,236,44,31,22,17
050,24,011,Maryland,Caroline County,4,1,2138,1092,1046,774,767,146,153,27,15,12,12,1,0,132,99,902,858,228,217,57,39,36,33,8,3,871,836,641,617,125,139,1,4,8,11,0,0,96,65,733,676,187,184,19,16,27,26,3,2,221,210,133,150,21,14,26,11,4,1,1,0,36,34,169,182,41,33,38,23,9,7,5,1
050,24,011,Maryland,Caroline County,4,2,2120,1056,1064,741,765,172,178,27,18,28,12,0,0,88,91,820,851,229,234,49,42,44,29,6,6,882,900,628,662,147,151,4,5,25,9,0,0,78,73,697,732,198,197,21,21,40,22,6,4,174,164,113,103,25,27,23,13,3,3,0,0,10,18,123,119,31,37,28,21,4,7,0,2
050,24,011,Maryland,Caroline County,4,3,2363,1181,1182,801,830,214,172,44,36,15,20,2,3,105,121,902,945,278,248,70,67,34,37,6,9,985,981,686,714,194,152,2,2,12,19,0,0,91,94,775,804,250,214,22,21,29,34,3,5,196,201,115,116,20,20,42,34,3,1,2,3,14,27,127,141,28,34,48,46,5,3,3,4
050,24,011,Maryland,Caroline County,4,4,2157,1097,1060,796,761,170,178,24,12,16,15,2,1,89,93,880,849,222,237,48,37,32,31,5,2,932,941,695,668,149,167,1,3,15,15,0,0,72,88,763,751,193,223,18,26,29,31,2,1,165,119,101,93,21,11,23,9,1,0,2,1,17,5,117,98,29,14,30,11,3,0,3,1
050,24,011,Maryland,Caroline County,4,5,1903,944,959,664,724,153,149,36,11,13,11,3,4,75,60,734,779,192,186,63,30,27,22,4,7,801,845,592,641,133,139,1,6,13,10,0,0,62,49,650,686,167,170,22,21,24,17,1,2,143,114,72,83,20,10,35,5,0,1,3,4,13,11,84,93,25,16,41,9,3,5,3,5
050,24,011,Maryland,Caroline County,4,6,1854,959,895,761,713,138,110,16,15,21,6,0,0,23,51,781,760,151,141,26,33,23,14,2,2,836,787,687,639,114,102,2,0,17,6,0,0,16,40,700,677,124,126,9,12,19,13,1,2,123,108,74,74,24,8,14,15,4,0,0,0,7,11,81,83,27,15,17,21,4,1,1,0
050,24,011,Maryland,Caroline County,4,7,2225,1069,1156,863,929,133,170,22,14,14,11,1,2,36,30,897,958,150,182,36,27,20,15,2,5,938,1041,776,844,115,163,1,1,14,10,0,2,32,21,806,864,131,172,13,10,19,12,1,5,131,115,87,85,18,7,21,13,0,1,1,0,4,9,91,94,19,10,23,17,1,3,1,0
050,24,011,Maryland,Caroline County,4,8,2143,1051,1092,854,839,125,157,24,18,5,30,1,3,42,45,893,882,142,180,43,36,12,36,3,4,906,984,747,765,114,140,1,4,5,30,0,3,39,42,783,805,130,161,18,21,12,36,2,4,145,108,107,74,11,17,23,14,0,0,1,0,3,3,110,77,12,19,25,15,0,0,1,0
050,24,011,Maryland,Caroline County,4,9,1964,940,1024,736,827,130,138,13,18,13,11,1,1,47,29,776,849,148,151,40,31,21,18,3,6,843,906,668,754,119,121,1,1,13,10,1,0,41,20,703,769,136,130,23,8,21,16,2,5,97,118,68,73,11,17,12,17,0,1,0,1,6,9,73,80,12,21,17,23,0,2,1,1
050,24,011,Maryland,Caroline County,4,10,1844,853,991,704,798,94,125,21,14,11,29,2,0,21,25,721,819,104,134,31,28,16,35,3,2,758,908,641,737,87,120,7,1,9,29,2,0,12,21,650,755,93,128,11,13,13,33,3,2,95,83,63,61,7,5,14,13,2,0,0,0,9,4,71,64,11,6,20,15,3,2,0,0
050,24,011,Maryland,Caroline County,4,11,2034,997,1037,819,841,129,133,13,13,14,8,2,0,20,42,836,881,136,152,25,36,16,12,4,1,935,987,772,812,127,129,4,2,14,8,1,0,17,36,787,846,133,145,13,21,16,12,3,1,62,50,47,29,2,4,9,11,0,0,1,0,3,6,49,35,3,7,12,15,0,0,1,0
050,24,011,Maryland,Caroline County,4,12,2379,1171,1208,979,1005,145,155,6,8,11,10,0,2,30,28,1006,1027,154,168,25,26,14,11,2,4,1111,1175,940,984,133,151,2,4,6,10,0,0,30,26,967,1005,142,162,21,21,9,11,2,2,60,33,39,21,12,4,4,4,5,0,0,2,0,2,39,22,12,6,4,5,5,0,0,2
050,24,011,Maryland,Caroline County,4,13,2401,1165,1236,967,1025,162,172,7,6,8,3,3,1,18,29,984,1051,168,181,17,27,11,5,3,2,1137,1210,954,1004,159,172,6,6,4,3,0,0,14,25,967,1026,162,180,15,25,7,4,0,1,28,26,13,21,3,0,1,0,4,0,3,1,4,4,17,25,6,1,2,2,4,1,3,1
050,24,011,Maryland,Caroline County,4,14,2022,977,1045,835,834,113,185,4,9,4,5,1,0,20,12,855,846,119,188,15,16,6,7,2,0,963,1024,825,816,113,185,1,6,4,5,1,0,19,12,844,828,119,188,11,13,6,7,2,0,14,21,10,18,0,0,3,3,0,0,0,0,1,0,11,18,0,0,4,3,0,0,0,0
050,24,011,Maryland,Caroline County,4,15,1566,717,849,605,706,99,98,0,5,3,12,0,3,10,25,613,728,100,109,8,21,6,15,0,3,697,837,591,703,99,97,0,0,3,12,0,3,4,22,594,722,99,106,3,14,5,15,0,3,20,12,14,3,0,1,0,5,0,0,0,0,6,3,19,6,1,3,5,7,1,0,0,0
050,24,011,Maryland,Caroline County,4,16,1155,496,659,427,563,51,77,0,2,11,7,0,0,7,10,433,571,55,80,4,10,12,8,0,0,489,654,426,563,48,75,0,0,9,7,0,0,6,9,431,570,51,78,3,7,10,8,0,0,7,5,1,0,3,2,0,2,2,0,0,0,1,1,2,1,4,2,1,3,2,0,0,0
050,24,011,Maryland,Caroline County,4,17,670,297,373,257,316,39,48,1,0,0,6,0,0,0,3,257,319,39,49,1,1,0,6,0,1,294,367,254,313,39,45,1,0,0,6,0,0,0,3,254,316,39,46,1,1,0,6,0,1,3,6,3,3,0,3,0,0,0,0,0,0,0,0,3,3,0,3,0,0,0,0,0,0
050,24,011,Maryland,Caroline County,4,18,590,214,376,182,317,27,47,0,2,1,1,0,0,4,9,186,324,28,50,2,8,2,3,0,0,212,368,180,310,27,46,0,2,1,1,0,0,4,9,184,317,28,49,2,8,2,3,0,0,2,8,2,7,0,1,0,0,0,0,0,0,0,0,2,7,0,1,0,0,0,0,0,0
050,24,011,Maryland,Caroline County,5,0,33768,16424,17344,12867,13625,2238,2448,310,230,211,222,19,20,779,799,13578,14378,2653,2855,584,550,354,342,48,50,14678,15799,11777,12587,2039,2285,39,49,186,213,6,8,631,657,12356,13202,2376,2633,247,293,308,317,32,34,1746,1545,1090,1038,199,163,271,181,25,9,13,12,148,142,1222,1176,277,222,337,257,46,25,16,16
050,24,011,Maryland,Caroline County,5,1,2162,1100,1062,789,800,143,157,25,22,13,13,1,0,129,70,910,868,223,200,58,43,33,22,6,1,851,827,626,622,123,142,1,4,10,11,0,0,91,48,712,669,181,173,19,15,28,17,3,1,249,235,163,178,20,15,24,18,3,2,1,0,38,22,198,199,42,27,39,28,5,5,3,0
050,24,011,Maryland,Caroline County,5,2,2121,1097,1024,782,742,164,167,29,10,25,8,0,0,97,97,876,836,223,227,49,35,43,24,3,3,914,859,667,633,139,138,3,2,21,8,0,0,84,78,749,708,191,189,20,19,36,22,2,3,183,165,115,109,25,29,26,8,4,0,0,0,13,19,127,128,32,38,29,16,7,2,1,0
050,24,011,Maryland,Caroline County,5,3,2345,1181,1164,820,831,198,157,53,33,24,25,1,1,85,117,897,943,250,228,76,65,41,45,3,4,979,967,702,717,181,135,4,6,20,21,0,0,72,88,769,800,224,190,19,25,37,39,2,3,202,197,118,114,17,22,49,27,4,4,1,1,13,29,128,143,26,38,57,40,4,6,1,1
050,24,011,Maryland,Caroline County,5,4,2201,1100,1101,793,773,162,191,33,28,13,17,0,3,99,89,883,857,224,244,61,52,30,36,2,5,930,955,689,680,146,173,1,2,13,17,0,0,81,83,764,759,198,225,21,24,27,34,2,0,170,146,104,93,16,18,32,26,0,0,0,3,18,6,119,98,26,19,40,28,3,2,0,5
050,24,011,Maryland,Caroline County,5,5,1934,976,958,673,719,157,147,46,12,17,11,5,4,78,65,744,780,199,185,73,31,32,22,10,8,819,843,603,632,136,136,2,7,16,10,0,0,62,58,660,686,170,171,21,22,29,20,5,3,157,115,70,87,21,11,44,5,1,1,5,4,16,7,84,94,29,14,52,9,3,2,5,5
050,24,011,Maryland,Caroline County,5,6,1847,929,918,739,721,129,125,12,13,19,10,0,0,30,49,764,766,149,151,21,31,24,19,2,3,821,814,672,651,107,114,3,1,19,10,0,0,20,38,689,685,119,137,9,12,22,17,2,3,108,104,67,70,22,11,9,12,0,0,0,0,10,11,75,81,30,14,12,19,2,2,0,0
050,24,011,Maryland,Caroline County,5,7,2173,1046,1127,846,904,130,168,15,15,17,5,1,1,37,34,879,936,149,182,28,32,25,10,2,2,928,1003,767,810,109,164,1,1,17,4,0,1,34,23,797,831,127,174,13,11,24,8,1,2,118,124,79,94,21,4,14,14,0,1,1,0,3,11,82,105,22,8,15,21,1,2,1,0
050,24,011,Maryland,Caroline County,5,8,2213,1093,1120,893,866,122,155,29,19,7,34,2,4,40,42,927,907,140,178,44,38,17,38,5,5,948,1020,795,808,107,134,2,3,7,34,1,4,36,37,825,844,124,154,14,20,17,38,4,5,145,100,98,58,15,21,27,16,0,0,1,0,4,5,102,63,16,24,30,18,0,0,1,0
050,24,011,Maryland,Caroline County,5,9,2034,997,1037,769,836,155,132,12,16,12,19,1,1,48,33,813,867,172,142,35,37,22,24,5,1,892,931,692,769,145,119,0,1,12,18,1,0,42,24,731,792,160,127,19,15,21,22,5,0,105,106,77,67,10,13,12,15,0,1,0,1,6,9,82,75,12,15,16,22,1,2,0,1
050,24,011,Maryland,Caroline County,5,10,1830,842,988,689,784,98,137,22,13,9,23,2,0,22,31,710,812,105,151,33,31,14,26,2,1,736,902,623,721,89,130,5,1,7,23,2,0,10,27,632,745,91,143,11,16,10,26,2,1,106,86,66,63,9,7,17,12,2,0,0,0,12,4,78,67,14,8,22,15,4,0,0,0
050,24,011,Maryland,Caroline County,5,11,2030,995,1035,816,846,132,118,14,14,10,11,2,0,21,46,834,891,141,133,26,37,12,17,3,3,931,978,767,810,127,115,7,3,10,11,1,0,19,39,783,848,135,128,19,22,11,16,2,3,64,57,49,36,5,3,7,11,0,0,1,0,2,7,51,43,6,5,7,15,1,1,1,0
050,24,011,Maryland,Caroline County,5,12,2288,1099,1189,913,981,135,157,7,10,16,9,0,2,28,30,938,1007,146,170,23,28,19,12,1,4,1040,1153,876,959,124,156,1,3,12,9,0,0,27,26,900,981,135,167,16,18,15,12,1,2,59,36,37,22,11,1,6,7,4,0,0,2,1,4,38,26,11,3,7,10,4,0,0,2
050,24,011,Maryland,Caroline County,5,13,2380,1162,1218,963,1002,154,179,8,4,10,4,3,1,24,28,984,1029,160,186,25,22,15,6,3,4,1128,1197,945,987,150,178,7,4,6,4,0,0,20,24,962,1010,155,185,21,19,10,6,0,2,34,21,18,15,4,1,1,0,4,0,3,1,4,4,22,19,5,1,4,3,5,0,3,2
050,24,011,Maryland,Caroline County,5,14,2102,1025,1077,858,872,140,167,4,12,3,6,1,0,19,20,875,889,146,175,18,27,5,7,1,0,1011,1055,849,853,140,167,1,9,2,6,1,0,18,20,865,870,146,175,15,24,3,7,1,0,14,22,9,19,0,0,3,3,1,0,0,0,1,0,10,19,0,0,3,3,2,0,0,0
050,24,011,Maryland,Caroline County,5,15,1593,730,863,617,701,99,121,0,5,4,13,0,3,10,20,625,718,102,126,7,17,7,17,0,5,716,846,608,693,99,120,0,0,4,13,0,3,5,17,612,708,101,124,3,10,6,16,0,5,14,17,9,8,0,1,0,5,0,0,0,0,5,3,13,10,1,2,4,7,1,1,0,0
050,24,011,Maryland,Caroline County,5,16,1197,524,673,457,575,49,74,0,2,11,7,0,0,7,15,464,589,52,78,3,12,13,8,0,1,510,670,450,575,46,74,0,0,9,7,0,0,5,14,455,588,47,78,3,9,10,8,0,1,14,3,7,0,3,0,0,2,2,0,0,0,2,1,9,1,5,0,0,3,3,0,0,0
050,24,011,Maryland,Caroline County,5,17,712,291,421,251,360,38,51,1,0,0,6,0,0,1,4,252,364,38,51,1,3,1,7,0,0,288,413,248,357,38,46,1,0,0,6,0,0,1,4,249,361,38,46,1,3,1,7,0,0,3,8,3,3,0,5,0,0,0,0,0,0,0,0,3,3,0,5,0,0,0,0,0,0
050,24,011,Maryland,Caroline County,5,18,606,237,369,199,312,33,45,0,2,1,1,0,0,4,9,203,319,34,48,3,9,1,2,0,0,236,366,198,310,33,44,0,2,1,1,0,0,4,9,202,317,34,47,3,9,1,2,0,0,1,3,1,2,0,1,0,0,0,0,0,0,0,0,1,2,0,1,0,0,0,0,0,0
050,24,011,Maryland,Caroline County,6,0,34059,16584,17475,12924,13669,2220,2484,383,254,229,231,20,22,808,815,13676,14429,2655,2919,682,572,354,347,47,56,14708,15803,11782,12555,2016,2313,42,49,204,217,6,8,658,661,12392,13167,2378,2674,264,290,320,317,29,36,1876,1672,1142,1114,204,171,341,205,25,14,14,14,150,154,1284,1262,277,245,418,282,34,30,18,20
050,24,011,Maryland,Caroline County,6,1,2170,1105,1065,797,800,141,158,32,14,14,16,2,1,119,76,912,867,218,211,64,34,33,25,3,5,829,805,606,597,124,139,0,2,12,11,0,0,87,56,689,647,182,180,19,15,30,17,0,3,276,260,191,203,17,19,32,12,2,5,2,1,32,20,223,220,36,31,45,19,3,8,3,2
050,24,011,Maryland,Caroline County,6,2,2151,1099,1052,780,789,163,162,32,14,21,7,0,0,103,80,879,867,229,211,57,32,36,22,3,4,895,874,659,667,134,139,4,2,18,7,0,0,80,59,736,724,186,175,19,12,32,19,3,4,204,178,121,122,29,23,28,12,3,0,0,0,23,21,143,143,43,36,38,20,4,3,0,0
050,24,011,Maryland,Caroline County,6,3,2353,1199,1154,821,798,188,166,52,33,32,24,2,0,104,133,917,925,253,247,79,70,49,46,7,6,991,962,696,692,172,144,3,6,26,20,0,0,94,100,782,786,233,207,25,29,43,40,4,3,208,192,125,106,16,22,49,27,6,4,2,0,10,33,135,139,20,40,54,41,6,6,3,3
050,24,011,Maryland,Caroline County,6,4,2314,1155,1159,807,782,172,207,60,49,9,19,0,4,107,98,908,872,236,270,91,76,27,37,4,7,944,968,692,674,156,182,2,3,9,19,0,0,85,90,774,758,208,239,22,25,26,37,3,2,211,191,115,108,16,25,58,46,0,0,0,4,22,8,134,114,28,31,69,51,1,0,1,5
050,24,011,Maryland,Caroline County,6,5,1971,1032,939,695,700,150,154,77,14,25,8,4,4,81,59,768,756,196,188,106,30,40,18,5,8,847,820,622,616,131,142,2,5,24,5,0,0,68,52,684,665,171,173,24,17,37,14,1,3,185,119,73,84,19,12,75,9,1,3,4,4,13,7,84,91,25,15,82,13,3,4,4,5
050,24,011,Maryland,Caroline County,6,6,1897,961,936,757,755,138,113,14,10,21,12,0,1,31,45,783,798,156,137,28,29,26,15,0,2,852,821,690,665,116,108,3,2,21,12,0,0,22,34,708,697,130,128,12,15,25,14,0,1,109,115,67,90,22,5,11,8,0,0,0,1,9,11,75,101,26,9,16,14,1,1,0,1
050,24,011,Maryland,Caroline County,6,7,2115,1005,1110,813,871,131,160,10,22,15,7,0,0,36,50,847,920,148,182,22,44,21,13,3,1,901,980,742,784,109,152,1,2,15,7,0,0,34,35,774,818,124,168,13,17,21,11,3,1,104,130,71,87,22,8,9,20,0,0,0,0,2,15,73,102,24,14,9,27,0,2,0,0
050,24,011,Maryland,Caroline County,6,8,2228,1097,1131,906,876,118,159,27,18,9,32,1,5,36,41,941,911,132,178,42,36,16,40,2,7,957,1022,810,810,103,139,2,3,9,31,0,5,33,34,842,838,116,156,15,18,16,37,1,7,140,109,96,66,15,20,25,15,0,1,1,0,3,7,99,73,16,22,27,18,0,3,1,0
050,24,011,Maryland,Caroline County,6,9,2080,1009,1071,776,855,147,149,21,11,21,24,3,1,41,31,814,884,163,162,43,25,26,28,5,4,886,972,697,784,131,139,1,2,21,24,2,0,34,23,728,806,146,149,18,10,25,27,4,3,123,99,79,71,16,10,20,9,0,0,1,1,7,8,86,78,17,13,25,15,1,1,1,1
050,24,011,Maryland,Caroline County,6,10,1858,853,1005,698,779,93,147,20,18,9,27,2,0,31,34,727,809,103,161,37,39,13,29,4,1,749,913,633,721,84,135,5,1,7,26,2,0,18,30,650,747,91,148,13,19,10,28,3,1,104,92,65,58,9,12,15,17,2,1,0,0,13,4,77,62,12,13,24,20,3,1,1,0
050,24,011,Maryland,Caroline County,6,11,1963,963,1000,797,810,122,127,16,16,11,8,2,0,15,39,811,846,130,143,21,41,13,11,3,1,894,929,746,764,117,121,7,3,11,8,1,0,12,33,757,794,122,136,12,22,13,11,2,1,69,71,51,46,5,6,9,13,0,0,1,0,3,6,54,52,8,7,9,19,0,0,1,0
050,24,011,Maryland,Caroline County,6,12,2161,1030,1131,845,939,129,143,9,8,11,9,0,2,36,30,876,968,141,154,34,26,14,14,2,3,975,1101,808,923,122,142,3,2,7,9,0,0,35,25,838,947,134,151,28,18,9,13,2,1,55,30,37,16,7,1,6,6,4,0,0,2,1,5,38,21,7,3,6,8,5,1,0,2
050,24,011,Maryland,Caroline County,6,13,2411,1189,1222,997,1006,145,182,8,4,12,5,3,1,24,24,1019,1029,154,188,25,19,14,9,3,1,1146,1196,972,988,138,181,7,3,8,5,0,0,21,19,991,1006,145,186,22,14,10,9,0,0,43,26,25,18,7,1,1,1,4,0,3,1,3,5,28,23,9,2,3,5,4,0,3,1
050,24,011,Maryland,Caroline County,6,14,2140,1030,1110,860,923,147,147,4,11,1,4,1,0,17,25,876,946,151,158,15,26,4,6,1,0,1016,1086,852,901,146,147,1,9,0,4,1,0,16,25,867,924,150,158,11,24,3,6,1,0,14,24,8,22,1,0,3,2,1,0,0,0,1,0,9,22,1,0,4,2,1,0,0,0
050,24,011,Maryland,Caroline County,6,15,1644,766,878,643,698,104,136,0,8,6,14,0,3,13,19,653,715,108,144,10,19,7,15,1,4,754,856,636,686,104,135,0,2,6,14,0,3,8,16,641,700,108,141,5,12,7,15,1,4,12,22,7,12,0,1,0,6,0,0,0,0,5,3,12,15,0,3,5,7,0,0,0,0
050,24,011,Maryland,Caroline County,6,16,1234,539,695,458,594,63,77,0,1,11,7,0,0,7,16,464,609,66,82,4,12,13,9,0,1,524,692,451,593,60,77,0,0,9,7,0,0,4,15,454,607,61,82,2,10,11,9,0,1,15,3,7,1,3,0,0,1,2,0,0,0,3,1,10,2,5,0,2,2,2,0,0,0
050,24,011,Maryland,Caroline County,6,17,755,308,447,270,385,34,48,1,1,0,7,0,0,3,6,273,390,34,50,2,5,1,8,1,0,305,438,267,382,34,43,1,0,0,7,0,0,3,6,270,387,34,45,2,4,1,8,1,0,3,9,3,3,0,5,0,1,0,0,0,0,0,0,3,3,0,5,0,1,0,0,0,0
050,24,011,Maryland,Caroline County,6,18,614,244,370,204,309,35,49,0,2,1,1,0,0,4,9,208,317,37,53,2,9,1,2,0,1,243,368,203,308,35,48,0,2,1,1,0,0,4,9,207,316,37,52,2,9,1,2,0,1,1,2,1,1,0,1,0,0,0,0,0,0,0,0,1,1,0,1,0,0,0,0,0,0
050,24,011,Maryland,Caroline County,7,0,34116,16710,17406,12933,13585,2251,2451,411,276,233,246,25,25,857,823,13724,14345,2717,2890,722,579,371,368,55,64,14768,15660,11772,12431,2030,2272,42,54,208,230,11,10,705,663,12422,13051,2423,2627,277,279,328,333,37,41,1942,1746,1161,1154,221,179,369,222,25,16,14,15,152,160,1302,1294,294,263,445,300,43,35,18,23
050,24,011,Maryland,Caroline County,7,1,2156,1106,1050,808,778,155,166,25,9,12,17,5,3,101,77,899,853,220,212,50,28,29,30,10,6,826,758,605,557,134,134,1,0,10,12,2,1,74,54,673,610,181,168,17,11,23,21,6,3,280,292,203,221,21,32,24,9,2,5,3,2,27,23,226,243,39,44,33,17,6,9,4,3
050,24,011,Maryland,Caroline County,7,2,2149,1114,1035,758,786,159,151,39,20,25,8,1,0,132,70,881,855,242,194,69,37,51,18,5,4,901,863,638,661,135,133,4,6,22,8,1,0,101,55,733,715,200,167,21,16,45,18,4,3,213,172,120,125,24,18,35,14,3,0,0,0,31,15,148,140,42,27,48,21,6,0,1,1
050,24,011,Maryland,Caroline County,7,3,2318,1188,1130,828,791,185,164,38,29,28,21,2,0,107,125,929,905,251,242,63,64,48,39,7,6,996,942,707,681,166,147,1,6,23,17,1,0,98,91,799,767,226,206,23,24,43,32,6,4,192,188,121,110,19,17,37,23,5,4,1,0,9,34,130,138,25,36,40,40,5,7,1,2
050,24,011,Maryland,Caroline County,7,4,2337,1189,1148,806,767,178,200,85,53,15,22,0,4,105,102,904,863,244,261,113,80,31,40,5,8,942,944,678,659,157,171,4,2,14,22,0,0,89,90,761,746,215,225,24,23,29,38,4,4,247,204,128,108,21,29,81,51,1,0,0,4,16,12,143,117,29,36,89,57,2,2,1,4
050,24,011,Maryland,Caroline County,7,5,1953,1025,928,676,679,154,142,81,26,25,12,2,3,87,66,754,740,204,180,112,42,41,26,5,10,840,790,614,587,132,134,1,5,24,9,0,0,69,55,675,637,175,167,21,17,37,20,3,5,185,138,62,92,22,8,80,21,1,3,2,3,18,11,79,103,29,13,91,25,4,6,2,5
050,24,011,Maryland,Caroline County,7,6,1932,963,969,741,765,135,131,18,13,19,9,2,2,48,49,785,811,159,159,38,28,28,17,4,3,848,844,674,674,113,118,3,4,19,7,0,0,39,41,709,713,134,142,17,15,27,14,1,1,115,125,67,91,22,13,15,9,0,2,2,2,9,8,76,98,25,17,21,13,1,3,3,2
050,24,011,Maryland,Caroline County,7,7,2063,1028,1035,835,818,131,124,19,27,12,15,0,0,31,51,864,862,145,153,31,48,18,21,1,3,906,906,759,739,106,116,1,1,12,15,0,0,28,35,786,770,119,136,12,14,16,20,1,1,122,129,76,79,25,8,18,26,0,0,0,0,3,16,78,92,26,17,19,34,2,1,0,2
050,24,011,Maryland,Caroline County,7,8,2310,1114,1196,914,927,126,179,20,11,13,22,1,4,40,53,952,974,143,202,37,38,18,28,4,7,988,1090,825,853,111,165,2,2,13,21,0,4,37,45,860,894,127,185,17,23,18,26,3,7,126,106,89,74,15,14,18,9,0,1,1,0,3,8,92,80,16,17,20,15,0,2,1,0
050,24,011,Maryland,Caroline County,7,9,2121,1042,1079,796,839,155,158,26,18,16,32,4,2,45,30,839,866,174,172,48,33,23,35,5,3,905,982,709,772,136,147,1,4,16,32,3,2,40,25,747,794,153,158,19,17,23,35,4,3,137,97,87,67,19,11,25,14,0,0,1,0,5,5,92,72,21,14,29,16,0,0,1,0
050,24,011,Maryland,Caroline County,7,10,1890,886,1004,716,791,107,141,17,13,10,25,2,1,34,33,748,821,122,156,37,30,13,27,2,3,790,915,651,732,98,130,4,1,9,24,2,0,26,28,675,757,111,143,19,16,11,25,2,2,96,89,65,59,9,11,13,12,1,1,0,1,8,5,73,64,11,13,18,14,2,2,0,1
050,24,011,Maryland,Caroline County,7,11,1825,892,933,734,753,99,124,20,20,17,13,2,0,20,23,754,776,104,133,32,30,20,16,2,1,819,861,690,710,94,117,8,2,16,13,1,0,10,19,700,729,98,124,13,10,17,16,1,1,73,72,44,43,5,7,12,18,1,0,1,0,10,4,54,47,6,9,19,20,3,0,1,0
050,24,011,Maryland,Caroline County,7,12,2106,1024,1082,838,875,138,142,8,7,9,10,0,1,31,47,865,916,152,160,27,34,10,20,1,2,965,1043,796,854,131,139,2,3,6,10,0,0,30,37,822,886,144,153,21,25,7,18,1,1,59,39,42,21,7,3,6,4,3,0,0,1,1,10,43,30,8,7,6,9,3,2,0,1
050,24,011,Maryland,Caroline County,7,13,2370,1166,1204,990,1008,130,159,9,8,10,7,3,2,24,20,1010,1026,140,165,27,17,12,12,3,4,1117,1178,958,991,122,158,8,5,6,7,0,0,23,17,978,1007,131,163,25,12,8,11,0,2,49,26,32,17,8,1,1,3,4,0,3,2,1,3,32,19,9,2,2,5,4,1,3,2
050,24,011,Maryland,Caroline County,7,14,2194,1048,1146,861,962,154,147,3,9,4,3,1,0,25,25,885,984,161,158,20,24,6,5,1,0,1031,1118,853,937,153,147,0,8,2,3,1,0,22,23,874,958,159,157,15,21,4,5,1,0,17,28,8,25,1,0,3,1,2,0,0,0,3,2,11,26,2,1,5,3,2,0,0,0
050,24,011,Maryland,Caroline County,7,15,1703,812,891,685,708,106,144,2,9,6,10,0,3,13,17,696,723,111,150,10,20,8,11,0,4,799,865,678,692,106,143,1,3,6,10,0,3,8,14,684,705,109,147,6,12,8,11,0,4,13,26,7,16,0,1,1,6,0,0,0,0,5,3,12,18,2,3,4,8,0,0,0,0
050,24,011,Maryland,Caroline County,7,16,1252,546,706,468,605,66,74,0,0,8,9,0,0,4,18,472,621,68,80,1,13,9,10,0,0,534,703,462,602,64,74,0,0,6,9,0,0,2,18,464,618,65,80,1,13,6,10,0,0,12,3,6,3,2,0,0,0,2,0,0,0,2,0,8,3,3,0,0,0,3,0,0,0
050,24,011,Maryland,Caroline County,7,17,788,301,487,256,414,36,55,0,2,3,8,0,0,6,8,260,422,39,60,4,5,4,9,0,0,296,477,253,412,35,50,0,0,3,8,0,0,5,7,256,419,38,54,3,2,4,9,0,0,5,10,3,2,1,5,0,2,0,0,0,0,1,1,4,3,1,6,1,3,0,0,0,0
050,24,011,Maryland,Caroline County,7,18,649,266,383,223,319,37,50,1,2,1,3,0,0,4,9,227,327,38,53,3,8,2,4,0,0,265,381,222,318,37,49,1,2,1,3,0,0,4,9,226,326,38,52,3,8,2,4,0,0,1,2,1,1,0,1,0,0,0,0,0,0,0,0,1,1,0,1,0,0,0,0,0,0
050,24,013,Maryland,Carroll County,1,0,172886,85458,87428,76208,78298,3801,3266,359,324,1742,2115,26,33,3322,3392,79411,81561,4909,4386,1812,1911,2765,3088,105,125,81505,83638,73081,75302,3526,3026,152,118,1715,2090,19,24,3012,3078,76006,78283,4493,4004,1439,1530,2672,2973,74,88,3953,3790,3127,2996,275,240,207,206,27,25,7,9,310,314,3405,3278,416,382,373,381,93,115,31,37
050,24,013,Maryland,Carroll County,1,1,9256,4773,4483,4087,3825,144,182,22,8,74,78,1,0,445,390,4521,4202,327,367,141,119,252,209,11,19,4383,4149,3778,3556,126,163,2,0,74,78,0,0,403,352,4171,3902,287,318,109,94,242,194,7,9,390,334,309,269,18,19,20,8,0,0,1,0,42,38,350,300,40,49,32,25,10,15,4,10
050,24,013,Maryland,Carroll County,1,2,10289,5312,4977,4449,4154,248,206,22,34,131,113,0,4,462,466,4901,4609,449,372,165,185,281,286,5,16,4896,4571,4144,3861,203,179,9,2,131,113,0,4,409,412,4549,4267,377,322,130,134,265,265,5,14,416,406,305,293,45,27,13,32,0,0,0,0,53,54,352,342,72,50,35,51,16,21,0,2
050,24,013,Maryland,Carroll County,1,3,10980,5597,5383,4739,4521,254,266,25,28,166,168,0,0,413,400,5136,4916,452,430,161,124,291,326,7,7,5198,5002,4422,4225,223,237,14,6,165,168,0,0,374,366,4787,4588,401,386,128,86,283,318,4,5,399,381,317,296,31,29,11,22,1,0,0,0,39,34,349,328,51,44,33,38,8,8,3,2
050,24,013,Maryland,Carroll County,1,4,11892,6128,5764,5230,4888,345,281,26,23,146,177,2,1,379,394,5597,5271,483,448,145,173,291,290,10,7,5753,5309,4921,4539,317,260,8,4,144,164,2,1,361,341,5273,4872,452,406,120,114,279,267,7,5,375,455,309,349,28,21,18,19,2,13,0,0,18,53,324,399,31,42,25,59,12,23,3,2
050,24,013,Maryland,Carroll County,1,5,9810,5140,4670,4385,3943,336,313,24,17,132,133,3,5,260,259,4634,4184,428,424,120,139,219,205,6,10,4790,4383,4115,3710,313,290,6,9,121,132,3,5,232,237,4339,3935,389,390,90,116,203,197,4,9,350,287,270,233,23,23,18,8,11,1,0,0,28,22,295,249,39,34,30,23,16,8,2,1
050,24,013,Maryland,Carroll County,1,6,8943,4618,4325,4056,3873,253,153,31,29,92,86,8,0,178,184,4231,4052,313,208,100,126,145,129,18,5,4338,4072,3839,3673,233,132,10,14,92,83,6,0,158,170,3995,3839,285,184,69,102,142,123,14,3,280,253,217,200,20,21,21,15,0,3,2,0,20,14,236,213,28,24,31,24,3,6,4,2
050,24,013,Maryland,Carroll County,1,7,10254,5147,5107,4580,4557,256,178,34,28,108,158,1,3,168,183,4745,4731,299,239,124,118,155,209,4,6,4840,4849,4344,4371,228,157,13,3,103,156,1,0,151,162,4493,4524,260,210,97,84,145,201,3,3,307,258,236,186,28,21,21,25,5,2,0,3,17,21,252,207,39,29,27,34,10,8,1,3
050,24,013,Maryland,Carroll County,1,8,10809,5402,5407,4798,4778,272,202,26,25,134,204,4,1,168,197,4948,4965,319,245,113,135,199,262,14,9,5069,5097,4532,4531,250,175,7,8,131,204,0,1,149,178,4669,4701,281,212,80,105,194,259,7,8,333,310,266,247,22,27,19,17,3,0,4,0,19,19,279,264,38,33,33,30,5,3,7,1
050,24,013,Maryland,Carroll County,1,9,9584,4789,4795,4210,4231,264,196,25,28,137,178,0,3,153,159,4360,4384,294,247,113,116,176,218,0,8,4529,4533,3994,4023,252,178,8,9,137,175,0,0,138,148,4131,4165,280,221,82,95,175,210,0,3,260,262,216,208,12,18,17,19,0,3,0,3,15,11,229,219,14,26,31,21,1,8,0,5
050,24,013,Maryland,Carroll County,1,10,10479,5053,5426,4504,4821,252,204,34,29,127,195,0,5,136,172,4635,4984,279,225,113,145,166,251,5,9,4820,5228,4330,4662,231,195,13,12,127,195,0,5,119,159,4444,4815,254,211,81,118,164,245,2,8,233,198,174,159,21,9,21,17,0,0,0,0,17,13,191,169,25,14,32,27,2,6,3,1
050,24,013,Maryland,Carroll County,1,11,13013,6377,6636,5768,6059,319,219,29,19,110,154,5,5,146,180,5913,6223,334,254,133,157,142,188,11,9,6196,6444,5608,5898,311,210,24,14,110,151,5,5,138,166,5746,6051,321,238,120,141,141,180,11,6,181,192,160,161,8,9,5,5,0,3,0,0,8,14,167,172,13,16,13,16,1,8,0,3
050,24,013,Maryland,Carroll County,1,12,14376,7168,7208,6618,6711,241,208,18,6,140,127,0,3,151,153,6762,6856,265,227,132,125,166,150,5,8,7012,7057,6489,6571,234,207,10,6,136,127,0,2,143,144,6625,6707,257,225,117,117,160,150,4,7,156,151,129,140,7,1,8,0,4,0,0,1,8,9,137,149,8,2,15,8,6,0,1,1
050,24,013,Maryland,Carroll County,1,13,12279,6067,6212,5684,5806,194,166,13,19,84,120,1,2,91,99,5766,5901,209,177,90,104,98,128,2,5,5963,6095,5597,5709,187,159,7,10,84,120,1,1,87,96,5676,5801,201,170,80,93,98,128,1,3,104,117,87,97,7,7,6,9,0,0,0,1,4,3,90,100,8,7,10,11,0,0,1,2
050,24,013,Maryland,Carroll County,1,14,9835,4779,5056,4469,4774,163,136,13,17,55,72,1,1,78,56,4545,4826,177,145,64,60,69,76,5,6,4711,4994,4418,4722,160,132,12,12,55,72,1,0,65,56,4481,4774,170,141,55,55,67,76,3,5,68,62,51,52,3,4,1,5,0,0,0,1,13,0,64,52,7,4,9,5,2,0,2,1
050,24,013,Maryland,Carroll County,1,15,8110,3803,4307,3592,4046,118,150,10,13,48,68,0,0,35,30,3624,4076,129,155,44,39,48,69,2,0,3769,4267,3562,4014,118,147,7,8,48,68,0,0,34,30,3593,4044,129,152,40,34,48,69,2,0,34,40,30,32,0,3,3,5,0,0,0,0,1,0,31,32,0,3,4,5,0,0,0,0
050,24,013,Maryland,Carroll County,1,16,5853,2551,3302,2425,3129,70,86,0,1,26,44,0,0,30,42,2452,3171,75,97,21,29,34,47,0,1,2535,3266,2411,3095,70,86,0,1,25,44,0,0,29,40,2437,3135,74,97,20,28,33,46,0,0,16,36,14,34,0,0,0,0,1,0,0,0,1,2,15,36,1,0,1,1,1,1,0,1
050,24,013,Maryland,Carroll County,1,17,3467,1461,2006,1391,1917,35,56,1,0,18,21,0,0,16,12,1406,1929,37,56,17,11,18,22,0,0,1437,1989,1375,1900,35,56,0,0,18,21,0,0,9,12,1383,1912,37,56,9,11,18,22,0,0,24,17,16,17,0,0,1,0,0,0,0,0,7,0,23,17,0,0,8,0,0,0,0,0
050,24,013,Maryland,Carroll County,1,18,3657,1293,2364,1223,2265,37,64,6,0,14,19,0,0,13,16,1235,2281,40,70,16,6,15,23,0,0,1266,2333,1202,2242,35,63,2,0,14,19,0,0,13,9,1214,2251,38,65,12,3,15,23,0,0,27,31,21,23,2,1,4,0,0,0,0,0,0,7,21,30,2,5,4,3,0,0,0,0
050,24,013,Maryland,Carroll County,2,0,172923,85525,87398,76203,78221,3821,3281,363,327,1766,2132,28,31,3344,3406,79380,81452,4957,4508,1675,1690,2878,3202,132,140,81515,83579,73037,75203,3545,3039,147,117,1738,2107,20,22,3028,3091,75930,78149,4576,4150,1269,1293,2799,3124,108,119,4010,3819,3166,3018,276,242,216,210,28,25,8,9,316,315,3450,3303,381,358,406,397,79,78,24,21
050,24,013,Maryland,Carroll County,2,1,9287,4796,4491,4109,3829,142,185,22,11,77,75,2,0,444,391,4538,4206,334,358,127,100,258,231,12,12,4408,4152,3803,3559,125,165,3,0,77,75,1,0,399,353,4189,3902,299,320,87,70,249,225,9,11,388,339,306,270,17,20,19,11,0,0,1,0,45,38,349,304,35,38,40,30,9,6,3,1
050,24,013,Maryland,Carroll County,2,2,10323,5331,4992,4465,4168,250,210,23,30,132,119,0,3,461,462,4905,4616,443,401,149,157,312,289,9,11,4915,4586,4157,3874,206,181,8,1,132,119,0,3,412,408,4556,4271,380,353,108,100,301,280,8,10,416,406,308,294,44,29,15,29,0,0,0,0,49,54,349,345,63,48,41,57,11,9,1,1
050,24,013,Maryland,Carroll County,2,3,10975,5603,5372,4742,4508,258,262,22,26,167,163,0,0,414,413,5135,4905,427,440,143,140,323,315,8,11,5196,4992,4417,4210,226,236,11,5,166,163,0,0,376,378,4777,4574,382,397,112,101,313,309,7,10,407,380,325,298,32,26,11,21,1,0,0,0,38,35,358,331,45,43,31,39,10,6,1,1
050,24,013,Maryland,Carroll County,2,4,11804,6086,5718,5177,4842,345,283,31,24,147,179,2,1,384,389,5539,5213,505,446,150,152,279,312,12,15,5695,5264,4860,4493,317,263,9,5,145,166,2,1,362,336,5207,4813,465,405,115,102,274,289,10,13,391,454,317,349,28,20,22,19,2,13,0,0,22,53,332,400,40,41,35,50,5,23,2,2
050,24,013,Maryland,Carroll County,2,5,9888,5171,4717,4405,3991,343,312,25,16,132,132,3,5,263,261,4651,4233,445,424,118,103,223,219,14,16,4813,4431,4130,3758,318,289,6,8,121,131,3,5,235,240,4351,3983,415,393,81,84,208,213,10,14,358,286,275,233,25,23,19,8,11,1,0,0,28,21,300,250,30,31,37,19,15,6,4,2
050,24,013,Maryland,Carroll County,2,6,8868,4602,4266,4037,3809,251,158,26,29,94,91,7,0,187,179,4217,3980,310,219,98,99,160,146,15,6,4330,4008,3825,3606,232,137,9,12,94,89,5,0,165,164,3983,3764,285,193,67,73,158,141,13,6,272,258,212,203,19,21,17,17,0,2,2,0,22,15,234,216,25,26,31,26,2,5,2,0
050,24,013,Maryland,Carroll County,2,7,10284,5164,5120,4587,4566,262,175,39,30,109,158,2,3,165,188,4744,4741,306,234,114,123,159,215,9,10,4850,4860,4347,4376,235,156,15,6,104,155,1,0,148,167,4488,4534,275,207,79,83,152,211,6,7,314,260,240,190,27,19,24,24,5,3,1,3,17,21,256,207,31,27,35,40,7,4,3,3
050,24,013,Maryland,Carroll County,2,8,10890,5435,5455,4835,4822,270,208,23,23,137,204,4,1,166,197,4993,5010,315,267,102,119,187,258,9,6,5101,5142,4567,4576,248,179,6,6,134,204,0,1,146,176,4706,4743,286,234,72,88,183,256,5,5,334,313,268,246,22,29,17,17,3,0,4,0,20,21,287,267,29,33,30,31,4,2,4,1
050,24,013,Maryland,Carroll County,2,9,9703,4834,4869,4246,4291,271,198,27,30,137,183,0,3,153,164,4390,4443,305,246,107,115,183,231,9,7,4566,4602,4024,4079,259,180,8,10,136,180,0,0,139,153,4156,4223,291,225,77,88,179,224,9,4,268,267,222,212,12,18,19,20,1,3,0,3,14,11,234,220,14,21,30,27,4,7,0,3
050,24,013,Maryland,Carroll County,2,10,10338,5019,5319,4459,4724,251,200,35,30,132,192,0,4,142,169,4595,4884,277,242,115,121,169,239,8,11,4785,5120,4285,4563,231,191,13,13,132,192,0,4,124,157,4403,4712,253,229,80,97,168,235,8,9,234,199,174,161,20,9,22,17,0,0,0,0,18,12,192,172,24,13,35,24,1,4,0,2
050,24,013,Maryland,Carroll County,2,11,12877,6296,6581,5685,6005,319,217,28,17,114,157,6,5,144,180,5819,6175,349,260,114,129,149,195,11,11,6112,6384,5523,5840,310,207,22,12,114,154,6,5,137,166,5652,5997,337,246,103,112,148,191,10,11,184,197,162,165,9,10,6,5,0,3,0,0,7,14,167,178,12,14,11,17,1,4,1,0
050,24,013,Maryland,Carroll County,2,12,14338,7146,7192,6593,6684,245,213,19,10,138,128,0,3,151,154,6738,6827,274,247,120,107,170,161,4,11,6983,7042,6458,6546,237,211,11,8,134,128,0,2,143,147,6595,6684,264,243,104,99,165,161,3,9,163,150,135,138,8,2,8,2,4,0,0,1,8,7,143,143,10,4,16,8,5,0,1,2
050,24,013,Maryland,Carroll County,2,13,12335,6096,6239,5712,5837,190,163,15,19,87,119,1,2,91,99,5798,5927,204,186,76,88,106,136,4,6,5991,6115,5625,5735,182,155,8,10,87,119,1,1,88,95,5708,5821,196,178,66,75,106,136,4,5,105,124,87,102,8,8,7,9,0,0,0,1,3,4,90,106,8,8,10,13,0,0,0,1
050,24,013,Maryland,Carroll County,2,14,9872,4794,5078,4480,4785,167,138,11,17,55,76,1,1,80,61,4556,4842,179,150,63,58,74,86,5,3,4722,5016,4427,4733,164,135,10,11,55,76,1,0,65,61,4488,4790,172,147,53,52,71,86,3,2,72,62,53,52,3,3,1,6,0,0,0,1,15,0,68,52,7,3,10,6,3,0,2,1
050,24,013,Maryland,Carroll County,2,15,8143,3812,4331,3600,4071,115,149,9,14,49,69,0,0,39,28,3635,4098,124,157,33,31,57,73,2,0,3776,4291,3569,4040,115,145,6,9,49,69,0,0,37,28,3603,4067,122,153,30,26,56,73,2,0,36,40,31,31,0,4,3,5,0,0,0,0,2,0,32,31,2,4,3,5,1,0,0,0
050,24,013,Maryland,Carroll County,2,16,5866,2564,3302,2435,3125,71,88,1,1,27,45,0,0,30,43,2463,3165,78,99,21,31,33,50,1,2,2548,3265,2422,3090,71,88,0,1,26,45,0,0,29,41,2449,3128,77,98,19,30,32,50,1,2,16,37,13,35,0,0,1,0,1,0,0,0,1,2,14,37,1,1,2,1,1,0,0,0
050,24,013,Maryland,Carroll County,2,17,3495,1475,2020,1404,1925,35,59,1,0,18,22,0,0,17,14,1420,1936,42,65,12,9,19,23,0,1,1450,2004,1387,1909,35,59,0,0,18,22,0,0,10,14,1396,1920,39,65,7,9,19,23,0,1,25,16,17,16,0,0,1,0,0,0,0,0,7,0,24,16,3,0,5,0,0,0,0,0
050,24,013,Maryland,Carroll County,2,18,3637,1301,2336,1232,2239,36,63,6,0,14,20,0,0,13,14,1244,2251,40,67,13,8,17,23,0,1,1274,2305,1211,2216,34,62,2,0,14,20,0,0,13,7,1223,2223,38,64,9,4,17,21,0,0,27,31,21,23,2,1,4,0,0,0,0,0,0,7,21,28,2,3,4,4,0,2,0,1
050,24,013,Maryland,Carroll County,3,0,174216,86284,87932,76528,78355,3985,3463,406,369,1866,2240,30,33,3469,3472,79830,81650,5166,4720,1750,1741,3016,3341,150,157,82067,83866,73246,75210,3683,3169,156,127,1828,2212,22,23,3132,3125,76236,78183,4751,4298,1295,1300,2927,3251,125,128,4217,4066,3282,3145,302,294,250,242,38,28,8,10,337,347,3594,3467,415,422,455,441,89,90,25,29
050,24,013,Maryland,Carroll County,3,1,9414,4849,4565,4136,3844,160,184,26,19,91,84,2,0,434,434,4556,4265,341,370,126,122,264,252,11,15,4457,4189,3835,3569,146,166,3,3,89,82,1,0,383,369,4207,3926,304,325,80,76,254,239,9,11,392,376,301,275,14,18,23,16,2,2,1,0,51,65,349,339,37,45,46,46,10,13,2,4
050,24,013,Maryland,Carroll County,3,2,10536,5437,5099,4562,4266,253,233,30,29,130,128,0,2,462,441,5005,4688,446,421,148,145,314,302,12,15,5006,4682,4241,3958,204,199,11,2,130,128,0,2,420,393,4645,4336,381,367,107,94,305,290,10,14,431,417,321,308,49,34,19,27,0,0,0,0,42,48,360,352,65,54,41,51,9,12,2,1
050,24,013,Maryland,Carroll County,3,3,11005,5622,5383,4750,4471,269,269,22,40,167,155,0,2,414,446,5147,4901,444,461,140,162,319,321,10,11,5201,4969,4413,4157,235,243,12,6,166,155,0,1,375,407,4772,4551,395,417,107,108,312,314,9,9,421,414,337,314,34,26,10,34,1,0,0,1,39,39,375,350,49,44,33,54,7,7,1,2
050,24,013,Maryland,Carroll County,3,4,11560,6001,5559,5012,4661,345,302,40,31,158,184,2,1,444,380,5436,5020,531,455,178,156,307,312,12,16,5582,5101,4685,4317,312,272,12,6,156,172,2,1,415,333,5083,4632,488,408,133,103,300,296,10,12,419,458,327,344,33,30,28,25,2,12,0,0,29,47,353,388,43,47,45,53,7,16,2,4
050,24,013,Maryland,Carroll County,3,5,10281,5354,4927,4540,4172,372,321,31,12,140,148,3,5,268,269,4796,4422,473,439,120,102,236,239,12,14,4983,4621,4257,3935,338,291,7,5,131,146,3,5,247,239,4495,4157,434,400,83,80,223,228,10,13,371,306,283,237,34,30,24,7,9,2,0,0,21,30,301,265,39,39,37,22,13,11,2,1
050,24,013,Maryland,Carroll County,3,6,8680,4534,4146,3976,3673,235,177,13,27,99,102,5,0,206,167,4169,3834,301,236,94,91,169,154,16,7,4261,3875,3764,3465,218,149,3,8,95,102,5,0,176,151,3930,3612,275,201,64,62,161,152,15,6,273,271,212,208,17,28,10,19,4,0,0,0,30,16,239,222,26,35,30,29,8,2,1,1
050,24,013,Maryland,Carroll County,3,7,10555,5319,5236,4693,4670,283,188,56,31,107,146,5,4,175,197,4858,4855,332,249,133,117,163,208,14,13,4995,4966,4450,4461,260,170,24,11,103,143,2,1,156,180,4598,4629,303,225,89,84,155,204,10,10,324,270,243,209,23,18,32,20,4,3,3,3,19,17,260,226,29,24,44,33,8,4,4,3
050,24,013,Maryland,Carroll County,3,8,11237,5657,5580,5020,4927,299,227,29,20,156,221,4,1,149,184,5160,5102,341,276,100,113,200,273,12,7,5293,5250,4744,4677,268,187,4,4,153,218,0,1,124,163,4861,4833,302,232,58,85,196,265,6,5,364,330,276,250,31,40,25,16,3,3,4,0,25,21,299,269,39,44,42,28,4,8,6,2
050,24,013,Maryland,Carroll County,3,9,10249,5063,5186,4441,4541,289,216,32,36,138,209,1,3,162,181,4595,4709,326,266,114,131,185,254,9,12,4760,4879,4192,4309,279,189,11,9,132,206,1,0,145,166,4331,4465,311,234,82,92,177,247,8,9,303,307,249,232,10,27,21,27,6,3,0,3,17,15,264,244,15,32,32,39,8,7,1,3
050,24,013,Maryland,Carroll County,3,10,9831,4862,4969,4273,4385,255,205,29,30,154,180,0,3,151,166,4411,4542,286,249,108,122,199,226,12,10,4623,4768,4090,4221,236,197,9,16,152,180,0,3,136,151,4214,4365,263,238,77,97,195,224,11,9,239,201,183,164,19,8,20,14,2,0,0,0,15,15,197,177,23,11,31,25,4,2,1,1
050,24,013,Maryland,Carroll County,3,11,12461,6081,6380,5439,5790,323,217,27,26,132,176,6,4,154,167,5586,5951,357,260,124,126,172,213,10,11,5882,6167,5268,5615,313,206,18,12,132,174,6,4,145,156,5407,5765,345,245,107,104,170,211,9,11,199,213,171,175,10,11,9,14,0,2,0,0,9,11,179,186,12,15,17,22,2,2,1,0
050,24,013,Maryland,Carroll County,3,12,14055,6995,7060,6416,6513,270,237,23,16,138,130,0,4,148,160,6557,6659,299,278,121,117,168,163,5,9,6808,6903,6267,6372,258,232,12,13,134,129,0,4,137,153,6397,6512,286,270,101,111,163,161,5,8,187,157,149,141,12,5,11,3,4,1,0,0,11,7,160,147,13,8,20,6,5,2,0,1
050,24,013,Maryland,Carroll County,3,13,12654,6244,6410,5843,5991,186,172,19,19,92,128,1,3,103,97,5940,6080,202,195,88,81,115,147,6,10,6140,6261,5758,5871,175,161,12,10,92,128,1,1,102,90,5854,5953,191,182,80,66,115,145,6,6,104,149,85,120,11,11,7,9,0,0,0,2,1,7,86,127,11,13,8,15,0,2,0,4
050,24,013,Maryland,Carroll County,3,14,10052,4879,5173,4547,4853,181,148,11,13,57,88,1,0,82,71,4626,4922,195,167,63,58,74,100,5,1,4800,5110,4487,4799,178,145,10,7,57,88,1,0,67,71,4551,4868,189,164,53,52,71,100,3,1,79,63,60,54,3,3,1,6,0,0,0,0,15,0,75,54,6,3,10,6,3,0,2,0
050,24,013,Maryland,Carroll County,3,15,8441,3945,4496,3718,4232,119,145,9,19,48,69,0,1,51,30,3766,4261,129,151,44,40,58,72,3,2,3903,4448,3684,4194,119,141,6,14,48,69,0,0,46,30,3727,4223,126,147,38,35,58,72,3,1,42,48,34,38,0,4,3,5,0,0,0,1,5,0,39,38,3,4,6,5,0,0,0,1
050,24,013,Maryland,Carroll County,3,16,5911,2613,3298,2477,3114,74,98,2,1,29,43,0,0,31,42,2505,3152,80,110,22,31,36,51,1,1,2595,3258,2462,3076,74,98,0,1,28,43,0,0,31,40,2490,3113,80,110,20,29,35,50,1,1,18,40,15,38,0,0,2,0,1,0,0,0,0,2,15,39,0,0,2,2,1,1,0,0
050,24,013,Maryland,Carroll County,3,17,3696,1515,2181,1448,2064,33,71,1,0,16,25,0,0,17,21,1463,2082,38,77,13,13,18,28,0,2,1492,2164,1433,2047,33,71,0,0,16,25,0,0,10,21,1442,2065,36,77,6,13,18,28,0,2,23,17,15,17,0,0,1,0,0,0,0,0,7,0,21,17,2,0,7,0,0,0,0,0
050,24,013,Maryland,Carroll County,3,18,3598,1314,2284,1237,2188,39,53,6,0,14,24,0,0,18,19,1254,2205,45,60,14,14,19,26,0,1,1286,2255,1216,2167,37,52,2,0,14,24,0,0,17,12,1232,2178,42,56,10,9,19,25,0,0,28,29,21,21,2,1,4,0,0,0,0,0,1,7,22,27,3,4,4,5,0,1,0,1
050,24,013,Maryland,Carroll County,4,0,175494,86819,88675,76412,78547,4315,3762,428,395,2040,2366,32,34,3592,3571,79830,81928,5545,5070,1829,1808,3247,3523,140,135,82226,84294,72900,75181,3952,3431,159,132,1984,2332,22,24,3209,3194,75966,78218,5060,4602,1339,1330,3118,3418,106,110,4593,4381,3512,3366,363,331,269,263,56,34,10,10,383,377,3864,3710,485,468,490,478,129,105,34,25
050,24,013,Maryland,Carroll County,4,1,9542,4895,4647,4118,3883,198,200,31,27,112,105,1,0,435,432,4544,4301,381,386,131,124,291,281,11,10,4463,4261,3806,3616,164,173,2,2,110,103,1,0,380,367,4177,3971,324,333,79,70,276,266,8,9,432,386,312,267,34,27,29,25,2,2,0,0,55,65,367,330,57,53,52,54,15,15,3,1
050,24,013,Maryland,Carroll County,4,2,10849,5611,5238,4681,4375,263,275,37,25,135,133,1,2,494,428,5154,4791,471,458,164,130,333,302,17,16,5128,4804,4326,4037,221,236,16,5,133,133,0,2,432,391,4742,4417,403,405,115,93,316,292,13,13,483,434,355,338,42,39,21,20,2,0,1,0,62,37,412,374,68,53,49,37,17,10,4,3
050,24,013,Maryland,Carroll County,4,3,11074,5644,5430,4699,4499,314,266,24,36,177,161,0,2,430,466,5115,4944,489,469,146,167,339,331,12,10,5187,4994,4359,4167,269,242,10,6,171,161,0,1,378,417,4728,4567,426,426,105,111,322,324,9,8,457,436,340,332,45,24,14,30,6,0,0,1,52,49,387,377,63,43,41,56,17,7,3,2
050,24,013,Maryland,Carroll County,4,4,11438,5936,5502,4923,4556,371,349,39,37,166,190,0,1,437,369,5344,4911,554,505,171,155,315,317,14,10,5456,5014,4545,4190,330,312,12,6,163,178,0,1,406,327,4938,4505,504,452,128,98,306,300,11,9,480,488,378,366,41,37,27,31,3,12,0,0,31,42,406,406,50,53,43,57,9,17,3,1
050,24,013,Maryland,Carroll County,4,5,10400,5388,5012,4530,4192,407,355,31,16,133,130,5,5,282,314,4796,4484,517,491,124,124,239,237,12,20,5008,4659,4234,3933,368,323,7,7,127,125,5,5,267,266,4488,4184,475,440,92,90,228,218,10,16,380,353,296,259,39,32,24,9,6,5,0,0,15,48,308,300,42,51,32,34,11,19,2,4
050,24,013,Maryland,Carroll County,4,6,8574,4463,4111,3867,3609,251,178,14,25,129,130,5,0,197,169,4056,3768,315,241,94,93,195,183,10,7,4177,3836,3653,3394,233,155,3,8,120,129,4,0,164,150,3810,3538,289,210,62,63,180,178,8,7,286,275,214,215,18,23,11,17,9,1,1,0,33,19,246,230,26,31,32,30,15,5,2,0
050,24,013,Maryland,Carroll County,4,7,10709,5445,5264,4753,4682,305,215,45,18,121,143,5,4,216,202,4955,4877,370,277,143,104,187,209,10,11,5096,4980,4488,4455,279,188,18,7,118,140,2,1,191,189,4669,4637,336,246,99,86,181,203,5,8,349,284,265,227,26,27,27,11,3,3,3,3,25,13,286,240,34,31,44,18,6,6,5,3
050,24,013,Maryland,Carroll County,4,8,11569,5853,5716,5170,5042,319,240,36,32,184,226,3,1,141,175,5299,5205,356,292,103,116,227,277,10,6,5502,5349,4901,4763,287,208,10,6,182,221,1,1,121,150,5012,4904,319,253,63,73,224,269,6,5,351,367,269,279,32,32,26,26,2,5,2,0,20,25,287,301,37,39,40,43,3,8,4,1
050,24,013,Maryland,Carroll County,4,9,10737,5258,5479,4575,4745,333,257,35,43,145,239,3,4,167,191,4734,4919,375,317,124,140,193,291,8,12,4901,5136,4294,4494,314,217,10,9,133,236,1,1,149,179,4437,4659,354,271,84,99,178,287,5,8,357,343,281,251,19,40,25,34,12,3,2,3,18,12,297,260,21,46,40,41,15,4,3,4
050,24,013,Maryland,Carroll County,4,10,9676,4811,4865,4164,4235,304,223,28,32,168,187,1,3,146,185,4300,4405,340,268,105,139,213,238,6,7,4543,4621,3961,4037,278,212,7,19,164,187,0,3,133,163,4085,4189,309,253,76,109,206,233,5,6,268,244,203,198,26,11,21,13,4,0,1,0,13,22,215,216,31,15,29,30,7,5,1,1
050,24,013,Maryland,Carroll County,4,11,12028,5923,6105,5259,5490,309,231,27,31,155,193,6,3,167,157,5412,5639,346,275,129,122,198,231,11,4,5700,5877,5077,5305,298,217,16,13,153,192,6,3,150,147,5216,5444,332,257,103,98,193,229,9,4,223,228,182,185,11,14,11,18,2,1,0,0,17,10,196,195,14,18,26,24,5,2,2,0
050,24,013,Maryland,Carroll County,4,12,13611,6679,6932,6108,6359,281,244,26,18,139,148,0,4,125,159,6225,6509,304,280,106,121,165,182,6,7,6482,6760,5945,6215,271,237,15,9,135,146,0,4,116,149,6053,6356,292,270,88,106,161,178,6,6,197,172,163,144,10,7,11,9,4,2,0,0,9,10,172,153,12,10,18,15,4,4,0,1
050,24,013,Maryland,Carroll County,4,13,12734,6310,6424,5849,5969,203,185,24,24,94,119,0,4,140,123,5979,6084,228,216,118,108,124,142,3,6,6196,6276,5761,5853,190,176,14,17,94,119,0,2,137,109,5888,5954,215,204,105,90,124,141,3,3,114,148,88,116,13,9,10,7,0,0,0,2,3,14,91,130,13,12,13,18,0,1,0,3
050,24,013,Maryland,Carroll County,4,14,10285,4963,5322,4620,4968,181,164,12,15,61,101,2,0,87,74,4705,5037,194,182,70,62,78,114,5,2,4867,5244,4547,4902,176,161,10,8,61,101,2,0,71,72,4617,4969,186,178,57,54,75,114,3,2,96,78,73,66,5,3,2,7,0,0,0,0,16,2,88,68,8,4,13,8,3,0,2,0
050,24,013,Maryland,Carroll County,4,15,8242,3855,4387,3634,4150,118,131,9,13,39,59,0,1,55,33,3684,4178,128,141,45,35,51,65,3,3,3809,4337,3596,4110,118,128,7,7,39,59,0,0,49,33,3641,4138,125,138,40,29,50,65,3,2,46,50,38,40,0,3,2,6,0,0,0,1,6,0,43,40,3,3,5,6,1,0,0,1
050,24,013,Maryland,Carroll County,4,16,6419,2847,3572,2695,3366,72,111,3,3,43,46,0,0,34,46,2725,3405,78,122,27,37,51,54,1,2,2827,3528,2678,3326,72,109,0,3,43,46,0,0,34,44,2708,3364,78,119,24,35,51,54,1,2,20,44,17,40,0,2,3,0,0,0,0,0,0,2,17,41,0,3,3,2,0,0,0,0
050,24,013,Maryland,Carroll County,4,17,3997,1633,2364,1546,2229,45,80,0,0,22,31,0,0,20,24,1564,2250,54,86,11,14,26,37,1,1,1610,2346,1530,2211,45,80,0,0,21,31,0,0,14,24,1542,2232,50,86,8,14,25,37,1,1,23,18,16,18,0,0,0,0,1,0,0,0,6,0,22,18,4,0,3,0,1,0,0,0
050,24,013,Maryland,Carroll County,4,18,3610,1305,2305,1221,2198,41,58,7,0,17,25,0,0,19,24,1239,2221,45,64,18,17,22,32,0,1,1274,2272,1199,2173,39,57,2,0,17,25,0,0,17,17,1215,2190,43,61,11,12,22,30,0,1,31,33,22,25,2,1,5,0,0,0,0,0,2,7,24,31,2,3,7,5,0,2,0,0
050,24,013,Maryland,Carroll County,5,0,176625,87276,89349,76355,78546,4513,4034,467,422,2234,2662,33,35,3674,3650,79837,82001,5803,5350,1872,1848,3480,3839,148,162,82397,84670,72691,74982,4117,3684,159,131,2174,2620,23,25,3233,3228,75772,78048,5251,4855,1325,1315,3332,3728,112,132,4879,4679,3664,3564,396,350,308,291,60,42,10,10,441,422,4065,3953,552,495,547,533,148,111,36,30
050,24,013,Maryland,Carroll County,5,1,9566,4916,4650,4123,3826,242,228,37,44,116,129,1,0,397,423,4502,4232,413,402,127,147,273,295,12,14,4455,4246,3806,3581,202,198,1,3,115,121,1,0,330,343,4124,3913,344,339,65,69,257,270,8,11,461,404,317,245,40,30,36,41,1,8,0,0,67,80,378,319,69,63,62,78,16,25,4,3
050,24,013,Maryland,Carroll County,5,2,10977,5697,5280,4723,4392,271,261,35,21,165,167,1,1,502,438,5208,4814,484,446,154,129,369,345,16,12,5191,4835,4353,4033,233,230,11,4,159,167,0,1,435,400,4776,4419,420,401,103,93,343,337,10,11,506,445,370,359,38,31,24,17,6,0,1,0,67,38,432,395,64,45,51,36,26,8,6,1
050,24,013,Maryland,Carroll County,5,3,11221,5698,5523,4683,4531,325,298,32,41,187,175,0,2,471,476,5131,4990,516,498,167,169,369,358,10,7,5209,5066,4341,4187,268,270,11,7,181,175,0,2,408,425,4734,4595,436,451,111,110,349,349,8,7,489,457,342,344,57,28,21,34,6,0,0,0,63,51,397,395,80,47,56,59,20,9,2,0
050,24,013,Maryland,Carroll County,5,4,11436,5920,5516,4882,4531,391,374,40,31,179,192,1,2,427,386,5286,4897,579,542,169,150,326,330,11,13,5397,5004,4479,4139,339,338,12,4,177,182,1,1,389,340,4850,4465,514,488,120,96,316,311,10,9,523,512,403,392,52,36,28,27,2,10,0,1,38,46,436,432,65,54,49,54,10,19,1,4
050,24,013,Maryland,Carroll County,5,5,10362,5385,4977,4485,4119,427,364,26,24,121,137,5,4,321,329,4787,4426,560,505,132,134,241,245,19,21,4990,4604,4167,3840,395,340,11,9,114,130,5,4,298,281,4451,4105,519,463,105,92,230,229,15,19,395,373,318,279,32,24,15,15,7,7,0,0,23,48,336,321,41,42,27,42,11,16,4,2
050,24,013,Maryland,Carroll County,5,6,8559,4456,4103,3862,3577,244,193,24,13,135,144,1,2,190,174,4046,3746,309,253,97,83,199,195,6,12,4159,3820,3643,3370,225,164,3,4,128,143,0,2,160,137,3797,3503,281,216,58,52,188,190,4,8,297,283,219,207,19,29,21,9,7,1,1,0,30,37,249,243,28,37,39,31,11,5,2,4
050,24,013,Maryland,Carroll County,5,7,10637,5335,5302,4605,4622,329,237,41,22,141,191,8,2,211,228,4803,4839,392,311,130,120,211,265,17,11,4985,4971,4344,4364,304,206,12,3,139,188,5,0,181,210,4514,4563,359,278,85,89,203,259,11,8,350,331,261,258,25,31,29,19,2,3,3,2,30,18,289,276,33,33,45,31,8,6,6,3
050,24,013,Maryland,Carroll County,5,8,11954,6022,5932,5290,5195,308,280,47,28,213,254,4,3,160,172,5438,5355,354,335,118,109,265,305,9,10,5642,5527,5014,4880,271,241,16,7,207,247,2,2,132,150,5136,5020,308,288,69,74,257,295,6,9,380,405,276,315,37,39,31,21,6,7,2,1,28,22,302,335,46,47,49,35,8,10,3,1
050,24,013,Maryland,Carroll County,5,9,11259,5561,5698,4823,4897,354,268,39,53,177,279,3,4,165,197,4979,5079,395,322,123,159,226,333,10,16,5173,5316,4513,4616,325,234,11,9,171,277,1,1,152,179,4656,4785,362,284,86,100,218,328,8,10,388,382,310,281,29,34,28,44,6,2,2,3,13,18,323,294,33,38,37,59,8,5,2,6
050,24,013,Maryland,Carroll County,5,10,9751,4844,4907,4115,4243,336,256,35,32,201,199,1,3,156,174,4263,4402,370,304,117,125,248,248,7,8,4558,4631,3909,4026,315,234,4,15,193,198,0,3,137,155,4039,4169,342,277,74,94,239,245,6,7,286,276,206,217,21,22,31,17,8,1,1,0,19,19,224,233,28,27,43,31,9,3,1,1
050,24,013,Maryland,Carroll County,5,11,11510,5679,5831,5003,5166,325,261,24,33,160,218,5,3,162,150,5156,5307,361,299,119,117,201,251,10,13,5444,5600,4814,4980,309,246,15,17,156,217,5,3,145,137,4951,5109,342,279,97,92,193,250,10,12,235,231,189,186,16,15,9,16,4,1,0,0,17,13,205,198,19,20,22,25,8,1,0,1
050,24,013,Maryland,Carroll County,5,12,12998,6313,6685,5742,6091,284,238,31,18,129,162,1,3,126,173,5860,6252,312,280,110,128,156,198,4,10,6103,6515,5569,5953,275,230,18,7,125,160,1,3,115,162,5677,6104,300,268,88,109,152,195,3,10,210,170,173,138,9,8,13,11,4,2,0,0,11,11,183,148,12,12,22,19,4,3,1,0
050,24,013,Maryland,Carroll County,5,13,12847,6390,6457,5909,6002,207,197,17,20,112,123,0,4,145,111,6046,6110,236,221,112,90,147,143,4,7,6271,6305,5812,5876,196,187,9,14,112,123,0,2,142,103,5947,5976,223,208,101,79,147,143,4,4,119,152,97,126,11,10,8,6,0,0,0,2,3,8,99,134,13,13,11,11,0,0,0,3
050,24,013,Maryland,Carroll County,5,14,10528,5044,5484,4690,5101,175,177,18,19,70,115,1,1,90,71,4772,5166,190,194,79,67,90,125,6,4,4939,5391,4610,5023,168,170,14,13,70,115,1,1,76,69,4680,5086,180,186,65,60,86,125,4,4,105,93,80,78,7,7,4,6,0,0,0,0,14,2,92,80,10,8,14,7,4,0,2,0
050,24,013,Maryland,Carroll County,5,15,8355,3916,4439,3672,4174,127,135,11,14,36,64,1,1,69,51,3737,4219,143,147,58,49,50,72,3,3,3861,4381,3630,4129,126,132,9,7,36,64,1,0,59,49,3686,4172,138,144,49,40,48,72,2,2,55,58,42,45,1,3,2,7,0,0,0,1,10,2,51,47,5,3,9,9,2,0,1,1
050,24,013,Maryland,Carroll County,5,16,6646,2982,3664,2817,3440,78,117,2,5,55,67,0,0,30,35,2845,3472,84,123,21,28,61,75,1,1,2967,3618,2804,3398,78,115,0,4,55,67,0,0,30,34,2832,3429,84,121,19,27,61,74,1,1,15,46,13,42,0,2,2,1,0,0,0,0,0,1,13,43,0,2,2,1,0,1,0,0
050,24,013,Maryland,Carroll County,5,17,4338,1791,2547,1694,2408,48,78,1,2,17,24,0,0,31,35,1721,2438,58,90,21,24,22,30,1,0,1760,2521,1670,2383,48,78,0,2,16,24,0,0,26,34,1692,2412,55,89,18,24,21,30,1,0,31,26,24,25,0,0,1,0,1,0,0,0,5,1,29,26,3,1,3,0,1,0,0,0
050,24,013,Maryland,Carroll County,5,18,3681,1327,2354,1237,2231,42,72,7,2,20,22,0,0,21,27,1257,2257,47,78,18,20,26,26,2,0,1293,2319,1213,2204,40,71,2,2,20,22,0,0,18,20,1230,2223,44,75,12,15,24,26,1,0,34,35,24,27,2,1,5,0,0,0,0,0,3,7,27,34,3,3,6,5,2,0,1,0
050,24,013,Maryland,Carroll County,6,0,176790,87269,89521,75865,78233,4720,4150,487,488,2369,2847,35,37,3793,3766,79474,81804,6043,5522,1936,1955,3648,4051,147,153,82176,84555,72091,74511,4307,3814,159,144,2301,2763,24,26,3294,3297,75240,77647,5458,5023,1334,1341,3494,3891,112,121,5093,4966,3774,3722,413,336,328,344,68,84,11,11,499,469,4234,4157,585,499,602,614,154,160,35,32
050,24,013,Maryland,Carroll County,6,1,9265,4729,4536,3929,3731,235,205,34,46,122,134,1,0,408,420,4328,4131,406,387,139,149,279,299,9,14,4274,4109,3634,3471,193,178,0,5,120,111,1,0,326,344,3954,3801,330,329,71,71,260,260,5,11,455,427,295,260,42,27,34,41,2,23,0,0,82,76,374,330,76,58,68,78,19,39,4,3
050,24,013,Maryland,Carroll County,6,2,10937,5628,5309,4640,4363,286,282,39,21,161,186,1,1,501,456,5126,4808,500,474,164,135,358,364,11,13,5108,4849,4269,4008,245,250,9,2,155,186,0,0,430,403,4689,4401,429,422,100,92,340,354,9,9,520,460,371,355,41,32,30,19,6,0,1,1,71,53,437,407,71,52,64,43,18,10,2,4
050,24,013,Maryland,Carroll County,6,3,11343,5878,5465,4770,4470,353,308,37,47,208,179,0,3,510,458,5259,4910,567,505,181,165,399,349,12,14,5367,4995,4415,4118,299,279,10,9,205,177,0,3,438,409,4838,4512,486,457,118,104,382,339,9,10,511,470,355,352,54,29,27,38,3,2,0,0,72,49,421,398,81,48,63,61,17,10,3,4
050,24,013,Maryland,Carroll County,6,4,11309,5799,5510,4712,4456,438,373,27,44,193,211,1,2,428,424,5120,4862,625,556,151,171,338,358,12,17,5244,4957,4285,4051,371,339,13,7,185,186,1,1,389,373,4659,4408,542,503,117,104,324,326,10,12,555,553,427,405,67,34,14,37,8,25,0,1,39,51,461,454,83,53,34,67,14,32,2,5
050,24,013,Maryland,Carroll County,6,5,10290,5331,4959,4404,4085,415,368,38,31,127,148,6,3,341,324,4720,4389,549,507,153,143,251,257,18,15,4915,4537,4075,3775,395,343,14,9,120,135,6,3,305,272,4361,4032,518,464,108,94,237,231,14,12,416,422,329,310,20,25,24,22,7,13,0,0,36,52,359,357,31,43,45,49,14,26,4,3
050,24,013,Maryland,Carroll County,6,6,8705,4568,4137,3909,3583,283,191,24,11,144,143,1,6,207,203,4105,3778,355,263,100,94,218,198,7,11,4247,3849,3676,3374,259,169,3,4,133,140,0,6,176,156,3843,3523,322,226,59,58,202,190,6,10,321,288,233,209,24,22,21,7,11,3,1,0,31,47,262,255,33,37,41,36,16,8,1,1
050,24,013,Maryland,Carroll County,6,7,10225,5081,5144,4370,4459,343,245,32,31,151,193,7,0,178,216,4539,4663,392,317,109,123,213,265,14,5,4753,4795,4129,4183,319,218,9,7,150,190,4,0,142,197,4265,4371,359,284,65,87,205,258,8,5,328,349,241,276,24,27,23,24,1,3,3,0,36,19,274,292,33,33,44,36,8,7,6,0
050,24,013,Maryland,Carroll County,6,8,12076,6073,6003,5303,5200,313,283,50,29,216,279,5,4,186,208,5482,5393,366,345,129,126,276,344,12,9,5685,5637,5014,4929,277,250,19,5,211,272,3,1,161,180,5169,5097,321,305,83,83,268,334,9,4,388,366,289,271,36,33,31,24,5,7,2,3,25,28,313,296,45,40,46,43,8,10,3,5
050,24,013,Maryland,Carroll County,6,9,11714,5801,5913,5039,5085,348,300,47,50,201,281,3,4,163,193,5196,5265,387,353,126,149,249,335,12,12,5383,5455,4719,4733,318,261,13,9,193,281,1,2,139,169,4852,4893,352,306,77,90,237,332,9,10,418,458,320,352,30,39,34,41,8,0,2,2,24,24,344,372,35,47,49,59,12,3,3,2
050,24,013,Maryland,Carroll County,6,10,9924,4963,4961,4200,4233,346,279,38,55,205,225,2,3,172,166,4358,4387,386,324,127,141,258,271,11,9,4650,4643,3967,3994,327,259,6,16,197,222,0,2,153,150,4108,4132,362,299,82,92,248,266,8,8,313,318,233,239,19,20,32,39,8,3,2,1,19,16,250,255,24,25,45,49,10,5,3,1
050,24,013,Maryland,Carroll County,6,11,10905,5361,5544,4650,4847,355,261,28,38,166,239,2,3,160,156,4796,4992,390,301,118,128,208,278,9,7,5108,5295,4458,4654,332,244,8,17,162,237,2,3,146,140,4593,4786,363,281,88,93,202,274,8,7,253,249,192,193,23,17,20,21,4,2,0,0,14,16,203,206,27,20,30,35,6,4,1,0
050,24,013,Maryland,Carroll County,6,12,12453,6031,6422,5436,5799,311,256,37,16,124,165,4,3,119,183,5547,5974,336,300,112,129,153,204,8,8,5813,6244,5256,5655,300,246,23,10,121,162,4,3,109,168,5358,5815,322,285,91,114,149,200,8,8,218,178,180,144,11,10,14,6,3,3,0,0,10,15,189,159,14,15,21,15,4,4,0,0
050,24,013,Maryland,Carroll County,6,13,12987,6450,6537,5953,6061,198,205,18,21,126,138,0,4,155,108,6100,6161,230,229,121,90,161,159,1,7,6311,6390,5844,5937,187,199,10,13,125,138,0,2,145,101,5982,6030,216,221,105,76,160,159,1,5,139,147,109,124,11,6,8,8,1,0,0,2,10,7,118,131,14,8,16,14,1,0,0,2
050,24,013,Maryland,Carroll County,6,14,10754,5175,5579,4799,5177,182,179,14,21,81,117,1,0,98,85,4893,5258,198,201,74,74,107,135,5,1,5067,5474,4713,5091,175,170,8,14,81,117,1,0,89,82,4798,5169,190,191,64,64,103,135,3,1,108,105,86,86,7,9,6,7,0,0,0,0,9,3,95,89,8,10,10,10,4,0,2,0
050,24,013,Maryland,Carroll County,6,15,8576,4014,4562,3756,4265,130,146,12,11,41,72,1,1,74,67,3825,4325,146,164,61,55,57,80,3,5,3956,4500,3714,4217,128,142,10,6,41,72,1,0,62,63,3771,4274,142,159,50,47,56,79,2,4,58,62,42,48,2,4,2,5,0,0,0,1,12,4,54,51,4,5,11,8,1,1,1,1
050,24,013,Maryland,Carroll County,6,16,6990,3148,3842,2968,3598,86,122,4,12,57,79,0,0,33,31,2997,3625,95,131,28,33,62,84,1,3,3122,3789,2945,3553,86,120,2,7,57,79,0,0,32,30,2973,3580,95,128,25,28,62,84,1,2,26,53,23,45,0,2,2,5,0,0,0,0,1,1,24,45,0,3,3,5,0,0,0,1
050,24,013,Maryland,Carroll County,6,17,4480,1838,2642,1729,2494,52,75,1,2,23,31,0,0,33,40,1761,2530,61,84,20,29,32,38,1,1,1817,2616,1712,2469,52,75,0,2,22,31,0,0,31,39,1742,2504,59,84,18,28,31,38,1,1,21,26,17,25,0,0,1,0,1,0,0,0,2,1,19,26,2,0,2,1,1,0,0,0
050,24,013,Maryland,Carroll County,6,18,3857,1401,2456,1298,2327,46,72,7,2,23,27,0,0,27,28,1322,2353,54,81,23,21,29,33,1,2,1356,2421,1266,2299,44,72,2,2,23,27,0,0,21,21,1285,2319,50,79,13,16,28,32,1,2,45,35,32,28,2,0,5,0,0,0,0,0,6,7,37,34,4,2,10,5,1,1,0,0
050,24,013,Maryland,Carroll County,7,0,176677,87323,89354,75465,77741,4901,4282,492,501,2478,2995,34,38,3953,3797,79218,81345,6279,5686,1994,1964,3826,4210,148,162,82052,84271,71597,73958,4449,3929,158,142,2404,2894,22,27,3422,3321,74860,77127,5638,5159,1365,1331,3654,4026,118,126,5271,5083,3868,3783,452,353,334,359,74,101,12,11,531,476,4358,4218,641,527,629,633,172,184,30,36
050,24,013,Maryland,Carroll County,7,1,9043,4618,4425,3773,3630,251,225,37,37,127,143,0,0,430,390,4182,4010,431,391,145,130,293,303,12,6,4152,3999,3493,3362,204,199,0,2,124,113,0,0,331,323,3813,3680,343,335,67,67,265,254,8,5,466,426,280,268,47,26,37,35,3,30,0,0,99,67,369,330,88,56,78,63,28,49,4,1
050,24,013,Maryland,Carroll County,7,2,10811,5550,5261,4572,4300,277,306,42,22,156,190,2,1,501,442,5058,4728,491,495,161,129,361,364,13,14,5027,4792,4202,3955,237,264,7,2,152,190,1,0,428,381,4618,4324,421,428,93,82,340,351,10,9,523,469,370,345,40,42,35,20,4,0,1,1,73,61,440,404,70,67,68,47,21,13,3,5
050,24,013,Maryland,Carroll County,7,3,11416,5903,5513,4751,4476,371,312,39,39,216,200,0,3,526,483,5256,4936,588,521,188,168,418,378,11,16,5374,5045,4402,4130,314,281,7,8,212,198,0,3,439,425,4824,4538,494,468,114,104,397,367,9,12,529,468,349,346,57,31,32,31,4,2,0,0,87,58,432,398,94,53,74,64,21,11,2,4
050,24,013,Maryland,Carroll County,7,4,11184,5759,5425,4648,4363,444,362,36,51,197,220,0,2,434,427,5059,4772,635,552,161,174,349,373,12,16,5210,4883,4228,3966,385,335,14,7,189,192,0,1,394,382,4605,4335,560,507,117,103,334,338,10,13,549,542,420,397,59,27,22,44,8,28,0,1,40,45,454,437,75,45,44,71,15,35,2,3
050,24,013,Maryland,Carroll County,7,5,10186,5316,4870,4327,3987,425,354,33,38,146,162,8,2,377,327,4681,4286,577,496,156,147,280,267,21,20,4842,4417,3963,3668,389,326,15,6,140,140,7,2,328,275,4272,3921,527,449,112,88,262,233,17,15,474,453,364,319,36,28,18,32,6,22,1,0,49,52,409,365,50,47,44,59,18,34,4,5
050,24,013,Maryland,Carroll County,7,6,8797,4677,4120,3950,3519,330,228,23,15,139,151,1,7,234,200,4171,3709,413,299,108,97,221,211,8,13,4332,3811,3700,3299,295,198,6,8,123,148,0,7,208,151,3899,3443,367,255,72,59,203,201,7,11,345,309,250,220,35,30,17,7,16,3,1,0,26,49,272,266,46,44,36,38,18,10,1,2
050,24,013,Maryland,Carroll County,7,7,9862,4954,4908,4242,4265,341,250,29,25,165,172,5,0,172,196,4404,4448,394,320,104,106,222,238,10,8,4637,4562,4001,3988,319,223,8,6,162,170,3,0,144,175,4138,4154,362,284,65,73,215,230,7,5,317,346,241,277,22,27,21,19,3,2,2,0,28,21,266,294,32,36,39,33,7,8,3,3
050,24,013,Maryland,Carroll County,7,8,12099,5997,6102,5179,5242,347,291,49,34,207,296,5,5,210,234,5375,5466,405,368,139,139,279,365,13,13,5605,5751,4887,4985,309,264,20,5,202,290,2,2,185,205,5060,5182,361,332,93,89,271,358,9,9,392,351,292,257,38,27,29,29,5,6,3,3,25,29,315,284,44,36,46,50,8,7,4,4
050,24,013,Maryland,Carroll County,7,9,11937,5951,5986,5168,5141,349,313,38,45,230,288,2,2,164,197,5324,5331,388,371,116,145,279,341,12,7,5532,5539,4845,4791,310,277,10,7,223,286,0,2,144,176,4981,4960,346,329,74,91,269,339,9,7,419,447,323,350,39,36,28,38,7,2,2,0,20,21,343,371,42,42,42,54,10,2,3,0
050,24,013,Maryland,Carroll County,7,10,10235,5127,5108,4360,4354,350,297,39,54,197,235,3,3,178,165,4532,4507,391,343,132,143,253,280,11,10,4785,4738,4096,4075,334,272,6,11,190,234,1,0,158,146,4248,4212,371,313,85,86,244,277,9,6,342,370,264,279,16,25,33,43,7,1,2,3,20,19,284,295,20,30,47,57,9,3,2,4
050,24,013,Maryland,Carroll County,7,11,10326,5071,5255,4345,4530,355,251,32,50,187,259,0,4,152,161,4487,4683,389,292,122,135,230,300,4,10,4812,4998,4155,4337,331,236,8,20,183,257,0,4,135,144,4283,4474,362,272,82,94,225,296,4,10,259,257,190,193,24,15,24,30,4,2,0,0,17,17,204,209,27,20,40,41,5,4,0,0
050,24,013,Maryland,Carroll County,7,12,12050,5875,6175,5246,5552,320,259,34,19,129,170,6,4,140,171,5378,5715,351,300,115,124,162,209,10,8,5670,5986,5070,5398,309,244,25,14,127,167,6,4,133,159,5196,5549,338,281,101,111,159,205,10,8,205,189,176,154,11,15,9,5,2,3,0,0,7,12,182,166,13,19,14,13,3,4,0,0
050,24,013,Maryland,Carroll County,7,13,13011,6436,6575,5890,6047,231,212,22,21,135,148,0,4,158,143,6039,6182,264,245,128,107,170,179,1,13,6255,6424,5754,5919,215,206,10,15,131,148,0,2,145,134,5891,6047,243,236,106,95,166,177,1,9,181,151,136,128,16,6,12,6,4,0,0,2,13,9,148,135,21,9,22,12,4,2,0,4
050,24,013,Maryland,Carroll County,7,14,10961,5280,5681,4915,5262,167,194,13,21,81,115,1,0,103,89,5014,5341,182,218,79,77,107,130,4,5,5172,5559,4827,5164,161,183,6,11,81,115,1,0,96,86,4919,5240,175,206,69,66,104,129,2,5,108,122,88,98,6,11,7,10,0,0,0,0,7,3,95,101,7,12,10,11,3,1,2,0
050,24,013,Maryland,Carroll County,7,15,8905,4183,4722,3908,4416,141,147,9,13,58,74,1,1,66,71,3969,4482,153,166,54,59,71,85,4,2,4126,4657,3865,4364,138,144,8,8,58,74,1,0,56,67,3916,4427,147,161,45,51,71,85,4,1,57,65,43,52,3,3,1,5,0,0,0,1,10,4,53,55,6,5,9,8,0,0,0,1
050,24,013,Maryland,Carroll County,7,16,7196,3268,3928,3061,3654,96,127,9,13,57,104,0,0,45,30,3104,3680,105,136,38,34,66,108,0,0,3229,3874,3028,3609,95,123,6,8,57,104,0,0,43,30,3069,3635,103,132,34,29,66,108,0,0,39,54,33,45,1,4,3,5,0,0,0,0,2,0,35,45,2,4,4,5,0,0,0,0
050,24,013,Maryland,Carroll County,7,17,4593,1876,2717,1757,2556,56,82,1,2,28,36,0,0,34,41,1786,2592,64,96,24,29,35,42,1,0,1856,2690,1740,2531,56,82,0,2,27,36,0,0,33,39,1768,2566,64,95,22,27,34,42,1,0,20,27,17,25,0,0,1,0,1,0,0,0,1,2,18,26,0,1,2,2,1,0,0,0
050,24,013,Maryland,Carroll County,7,18,4065,1482,2583,1373,2447,50,72,7,2,23,32,0,0,29,30,1399,2477,58,77,24,21,30,37,1,1,1436,2546,1341,2417,48,72,2,2,23,32,0,0,22,23,1360,2440,54,76,14,16,29,36,1,1,46,37,32,30,2,0,5,0,0,0,0,0,7,7,39,37,4,1,10,5,1,1,0,0
050,24,015,Maryland,Cecil County,1,0,103721,51430,52291,43834,44738,4222,4069,262,246,577,721,16,22,2519,2495,46225,47133,5284,5056,1494,1594,1010,1084,78,59,48558,49696,41788,42792,3870,3779,120,128,540,704,9,16,2231,2277,43919,44994,4751,4651,1233,1359,932,1029,59,40,2872,2595,2046,1946,352,290,142,118,37,17,7,6,288,218,2306,2139,533,405,261,235,78,55,19,19
050,24,015,Maryland,Cecil County,1,1,5870,3031,2839,2360,2279,245,263,22,5,31,27,0,1,373,264,2711,2535,461,437,141,77,104,74,14,10,2704,2571,2157,2093,197,219,4,0,25,26,0,0,321,233,2460,2320,375,369,107,63,91,66,12,5,327,268,203,186,48,44,18,5,6,1,0,1,52,31,251,215,86,68,34,14,13,8,2,5
050,24,015,Maryland,Cecil County,1,2,6273,3207,3066,2525,2453,338,272,21,16,29,27,1,4,293,294,2811,2740,515,426,107,116,79,79,8,6,2907,2784,2323,2253,298,245,4,7,21,26,0,1,261,252,2580,2501,448,379,84,84,66,73,4,2,300,282,202,200,40,27,17,9,8,1,1,3,32,42,231,239,67,47,23,32,13,6,4,4
050,24,015,Maryland,Cecil County,1,3,6931,3606,3325,2891,2675,332,304,13,26,26,35,1,0,343,285,3224,2956,522,464,122,134,93,67,5,3,3292,3050,2668,2469,297,275,7,14,26,35,0,0,294,257,2959,2724,454,421,97,105,87,66,3,3,314,275,223,206,35,29,6,12,0,0,1,0,49,28,265,232,68,43,25,29,6,1,2,0
050,24,015,Maryland,Cecil County,1,4,6765,3465,3300,2790,2657,333,317,23,13,36,43,0,3,283,267,3069,2908,466,459,134,124,90,85,8,7,3173,3041,2579,2468,299,281,15,2,30,42,0,3,250,245,2826,2698,410,411,109,112,83,74,8,7,292,259,211,189,34,36,8,11,6,1,0,0,33,22,243,210,56,48,25,12,7,11,0,0
050,24,015,Maryland,Cecil County,1,5,5917,3075,2842,2492,2360,320,255,14,13,47,62,3,0,199,152,2672,2507,407,322,124,79,77,93,5,2,2860,2660,2341,2220,295,238,6,5,45,59,0,0,173,138,2498,2353,367,297,99,66,75,89,2,0,215,182,151,140,25,17,8,8,2,3,3,0,26,14,174,154,40,25,25,13,2,4,3,2
050,24,015,Maryland,Cecil County,1,6,6466,3241,3225,2749,2728,265,241,29,28,49,42,0,7,149,179,2888,2903,327,316,105,114,73,76,4,11,2998,3026,2578,2585,232,225,8,6,49,41,0,7,131,162,2700,2745,281,291,79,75,70,72,4,11,243,199,171,143,33,16,21,22,0,1,0,0,18,17,188,158,46,25,26,39,3,4,0,0
050,24,015,Maryland,Cecil County,1,7,6693,3336,3357,2830,2840,288,299,18,11,47,53,5,0,148,154,2973,2988,332,340,105,100,75,85,5,4,3113,3137,2674,2669,251,272,7,1,47,53,3,0,131,142,2801,2806,292,312,84,81,70,83,3,3,223,220,156,171,37,27,11,10,0,0,2,0,17,12,172,182,40,28,21,19,5,2,2,1
050,24,015,Maryland,Cecil County,1,8,6149,3065,3084,2613,2601,292,271,9,12,39,64,0,0,112,136,2720,2728,318,310,86,108,58,79,1,3,2835,2898,2436,2461,265,250,5,4,34,59,0,0,95,124,2526,2582,284,281,75,91,50,73,1,0,230,186,177,140,27,21,4,8,5,5,0,0,17,12,194,146,34,29,11,17,8,6,0,3
050,24,015,Maryland,Cecil County,1,9,5963,2813,3150,2380,2636,261,317,26,17,34,52,2,1,110,127,2478,2762,289,339,92,110,56,74,12,4,2630,2970,2236,2514,249,288,14,1,34,52,2,0,95,115,2322,2628,272,307,74,88,50,70,7,2,183,180,144,122,12,29,12,16,0,0,0,1,15,12,156,134,17,32,18,22,6,4,5,2
050,24,015,Maryland,Cecil County,1,10,6424,3128,3296,2678,2800,265,279,24,16,43,66,1,3,117,132,2789,2921,292,300,111,115,60,90,4,5,2996,3167,2601,2700,241,265,10,9,39,64,1,3,104,126,2704,2817,255,284,92,105,54,85,4,4,132,129,77,100,24,14,14,7,4,2,0,0,13,6,85,104,37,16,19,10,6,5,0,1
050,24,015,Maryland,Cecil County,1,11,7290,3528,3762,3094,3262,283,274,18,26,46,60,0,1,87,139,3175,3396,298,292,86,148,57,67,0,1,3410,3654,2999,3175,268,267,17,24,41,60,0,0,85,128,3078,3302,283,278,83,136,51,66,0,0,118,108,95,87,15,7,1,2,5,0,0,1,2,11,97,94,15,14,3,12,6,1,0,1
050,24,015,Maryland,Cecil County,1,12,8205,4122,4083,3674,3610,305,307,17,17,31,43,1,2,94,104,3763,3703,317,322,85,109,50,54,3,3,4012,3976,3590,3526,292,294,8,11,31,40,1,2,90,103,3675,3619,302,308,74,102,48,51,3,3,110,107,84,84,13,13,9,6,0,3,0,0,4,1,88,84,15,14,11,7,2,3,0,0
050,24,015,Maryland,Cecil County,1,13,7559,3685,3874,3281,3455,283,249,9,20,36,49,0,0,76,101,3347,3554,304,281,72,96,42,52,0,0,3619,3804,3222,3388,283,249,3,20,36,49,0,0,75,98,3287,3484,303,278,65,96,42,52,0,0,66,70,59,67,0,0,6,0,0,0,0,0,1,3,60,70,1,3,7,0,0,0,0,0
050,24,015,Maryland,Cecil County,1,14,6009,2944,3065,2689,2807,147,158,16,9,32,35,2,0,58,56,2741,2861,159,160,67,63,35,37,5,0,2888,3023,2646,2769,143,154,11,9,32,35,2,0,54,56,2694,2823,153,156,61,63,35,37,4,0,56,42,43,38,4,4,5,0,0,0,0,0,4,0,47,38,6,4,6,0,0,0,1,0
050,24,015,Maryland,Cecil County,1,15,4747,2316,2431,2139,2238,124,118,0,9,16,23,0,0,37,43,2175,2277,126,133,29,43,21,25,4,0,2283,2392,2114,2205,121,114,0,9,16,23,0,0,32,41,2145,2242,123,127,24,41,21,25,4,0,33,39,25,33,3,4,0,0,0,0,0,0,5,2,30,35,3,6,5,2,0,0,0,0
050,24,015,Maryland,Cecil County,1,16,3049,1457,1592,1345,1481,71,65,2,1,15,10,0,0,24,35,1369,1515,79,66,16,30,17,16,0,0,1443,1569,1334,1463,71,63,0,1,14,10,0,0,24,32,1358,1494,79,64,14,27,16,16,0,0,14,23,11,18,0,2,2,0,1,0,0,0,0,3,11,21,0,2,2,3,1,0,0,0
050,24,015,Maryland,Cecil County,1,17,1829,817,1012,753,937,41,45,0,2,10,14,0,0,13,14,766,950,42,47,9,14,13,15,0,0,808,1000,745,929,40,45,0,0,10,14,0,0,13,12,758,941,41,46,9,10,13,15,0,0,9,12,8,8,1,0,0,2,0,0,0,0,0,2,8,9,1,1,0,4,0,0,0,0
050,24,015,Maryland,Cecil County,1,18,1582,594,988,551,919,29,35,1,5,10,16,0,0,3,13,554,929,30,42,3,14,10,16,0,0,587,974,545,905,28,35,1,5,10,16,0,0,3,13,548,915,29,42,3,14,10,16,0,0,7,14,6,14,1,0,0,0,0,0,0,0,0,0,6,14,1,0,0,0,0,0,0,0
050,24,015,Maryland,Cecil County,2,0,103798,51456,52342,43826,44761,4236,4104,270,246,575,727,17,21,2532,2483,46224,47114,5296,5159,1411,1417,1047,1149,88,98,48544,49729,41762,42809,3873,3810,126,124,539,709,9,15,2235,2262,43887,44956,4821,4779,1095,1166,975,1111,71,83,2912,2613,2064,1952,363,294,144,122,36,18,8,6,297,221,2337,2158,475,380,316,251,72,38,17,15
050,24,015,Maryland,Cecil County,2,1,5861,3019,2842,2350,2276,242,267,20,6,31,27,0,1,376,265,2709,2531,449,417,129,80,118,87,12,13,2687,2574,2150,2095,194,223,3,0,24,26,0,0,316,230,2451,2318,374,356,84,55,104,84,8,10,332,268,200,181,48,44,17,6,7,1,0,1,60,35,258,213,75,61,45,25,14,3,4,3
050,24,015,Maryland,Cecil County,2,2,6255,3195,3060,2518,2447,337,278,22,17,29,27,1,4,288,287,2793,2726,489,428,113,113,92,86,4,9,2891,2773,2314,2245,294,249,5,7,21,26,0,1,257,245,2562,2485,432,382,80,80,79,80,3,5,304,287,204,202,43,29,17,10,8,1,1,3,31,42,231,241,57,46,33,33,13,6,1,4
050,24,015,Maryland,Cecil County,2,3,6924,3605,3319,2885,2669,335,308,17,25,26,36,1,0,341,281,3205,2935,510,461,140,120,94,88,8,6,3289,3045,2661,2466,301,279,8,12,26,36,0,0,293,252,2939,2706,458,418,104,91,87,87,5,4,316,274,224,203,34,29,9,13,0,0,1,0,48,29,266,229,52,43,36,29,7,1,3,2
050,24,015,Maryland,Cecil County,2,4,6712,3454,3258,2766,2629,342,309,25,13,37,43,0,3,284,261,3038,2880,478,439,139,112,87,92,5,9,3156,3002,2556,2439,306,275,17,3,31,42,0,3,246,240,2794,2669,428,394,106,91,78,90,4,9,298,256,210,190,36,34,8,10,6,1,0,0,38,21,244,211,50,45,33,21,9,2,1,0
050,24,015,Maryland,Cecil County,2,5,5979,3102,2877,2509,2386,322,261,14,13,45,66,3,0,209,151,2704,2530,417,332,104,71,82,94,9,8,2880,2694,2352,2246,295,242,7,4,44,62,0,0,182,140,2522,2380,381,309,80,56,78,89,5,6,222,183,157,140,27,19,7,9,1,4,3,0,27,11,182,150,36,23,24,15,4,5,4,2
050,24,015,Maryland,Cecil County,2,6,6449,3236,3213,2743,2714,268,247,29,27,50,42,0,6,146,177,2884,2883,327,319,93,104,81,73,3,16,2990,3008,2569,2571,232,229,8,5,50,41,0,6,131,156,2695,2719,287,296,63,70,79,69,3,15,246,205,174,143,36,18,21,22,0,1,0,0,15,21,189,164,40,23,30,34,2,4,0,1
050,24,015,Maryland,Cecil County,2,7,6734,3355,3379,2850,2860,284,301,20,12,49,53,5,0,147,153,2984,3005,335,357,100,92,74,85,12,6,3128,3154,2691,2685,248,272,6,1,49,53,3,0,131,143,2812,2821,293,324,75,74,72,85,10,6,227,225,159,175,36,29,14,11,0,0,2,0,16,10,172,184,42,33,25,18,2,0,2,0
050,24,015,Maryland,Cecil County,2,8,6177,3082,3095,2628,2611,295,273,11,11,35,66,1,0,112,134,2733,2737,331,319,71,86,55,89,5,2,2849,2911,2451,2473,267,253,6,3,30,61,0,0,95,121,2541,2586,297,297,54,68,49,83,4,2,233,184,177,138,28,20,5,8,5,5,1,0,17,13,192,151,34,22,17,18,6,6,1,0
050,24,015,Maryland,Cecil County,2,9,5989,2841,3148,2403,2637,265,312,24,17,37,53,2,1,110,128,2506,2756,295,352,87,93,58,72,9,6,2651,2964,2250,2510,254,284,14,2,37,53,2,0,94,115,2337,2617,282,323,66,69,55,69,8,4,190,184,153,127,11,28,10,15,0,0,0,1,16,13,169,139,13,29,21,24,3,3,1,2
050,24,015,Maryland,Cecil County,2,10,6378,3092,3286,2648,2777,264,286,23,14,38,66,1,3,118,140,2762,2907,291,329,97,100,56,88,6,6,2961,3162,2569,2680,241,272,10,8,35,65,1,3,105,134,2670,2804,265,313,75,92,52,84,6,6,131,124,79,97,23,14,13,6,3,1,0,0,13,6,92,103,26,16,22,8,4,4,0,0
050,24,015,Maryland,Cecil County,2,11,7257,3512,3745,3071,3251,282,275,19,26,49,58,0,1,91,134,3156,3374,305,315,80,119,60,72,3,5,3394,3629,2977,3158,266,267,18,22,44,58,0,0,89,124,3061,3273,287,304,78,106,55,72,3,4,118,116,94,93,16,8,1,4,5,0,0,1,2,10,95,101,18,11,2,13,5,0,0,1
050,24,015,Maryland,Cecil County,2,12,8207,4106,4101,3660,3619,300,313,17,18,31,41,1,2,97,108,3754,3716,320,342,84,93,43,54,5,7,4001,3996,3579,3538,288,299,8,12,31,38,1,2,94,107,3670,3634,307,328,73,86,43,51,5,7,105,105,81,81,12,14,9,6,0,3,0,0,3,1,84,82,13,14,11,7,0,3,0,0
050,24,015,Maryland,Cecil County,2,13,7563,3678,3885,3278,3467,282,248,10,20,36,51,0,0,72,99,3347,3557,297,277,58,90,48,60,1,4,3609,3814,3217,3399,281,248,4,20,36,50,0,0,71,97,3285,3487,296,276,52,89,47,59,1,4,69,71,61,68,1,0,6,0,0,1,0,0,1,2,62,70,1,1,6,1,1,1,0,0
050,24,015,Maryland,Cecil County,2,14,6042,2966,3076,2707,2813,150,161,16,9,32,37,2,0,59,56,2762,2866,161,175,56,52,41,40,5,0,2911,3034,2667,2774,144,158,11,9,32,37,2,0,55,56,2718,2827,152,172,50,52,41,40,5,0,55,42,40,39,6,3,5,0,0,0,0,0,4,0,44,39,9,3,6,0,0,0,0,0
050,24,015,Maryland,Cecil County,2,15,4785,2327,2458,2144,2263,126,118,0,9,16,23,0,0,41,45,2182,2308,138,130,29,39,19,28,1,0,2290,2417,2117,2228,122,114,0,9,16,23,0,0,35,43,2149,2271,131,125,26,38,18,28,1,0,37,41,27,35,4,4,0,0,0,0,0,0,6,2,33,37,7,5,3,1,1,0,0,0
050,24,015,Maryland,Cecil County,2,16,3064,1468,1596,1357,1480,71,67,2,2,15,11,0,0,23,36,1379,1514,77,77,18,27,18,13,0,1,1455,1576,1347,1464,71,66,0,2,14,11,0,0,23,33,1369,1496,77,73,16,26,17,13,0,1,13,20,10,16,0,1,2,0,1,0,0,0,0,3,10,18,0,4,2,1,1,0,0,0
050,24,015,Maryland,Cecil County,2,17,1828,814,1014,749,941,41,44,0,2,9,12,0,0,15,15,763,956,45,50,10,12,11,12,0,0,806,1000,742,931,40,44,0,0,9,12,0,0,15,13,756,944,44,49,10,9,11,12,0,0,8,14,7,10,1,0,0,2,0,0,0,0,0,2,7,12,1,1,0,3,0,0,0,0
050,24,015,Maryland,Cecil County,2,18,1594,604,990,560,921,30,36,1,5,10,15,0,0,3,13,563,933,31,40,3,14,10,16,0,0,596,976,553,907,29,36,1,5,10,15,0,0,3,13,556,919,30,40,3,14,10,16,0,0,8,14,7,14,1,0,0,0,0,0,0,0,0,0,7,14,1,0,0,0,0,0,0,0
050,24,015,Maryland,Cecil County,3,0,104094,51552,52542,43755,44671,4362,4287,299,267,583,785,20,27,2533,2505,46172,47033,5428,5365,1425,1422,1056,1231,101,117,48629,49857,41705,42711,3998,3974,133,130,547,766,12,17,2234,2259,43839,44846,4948,4948,1090,1141,991,1187,83,96,2923,2685,2050,1960,364,313,166,137,36,19,8,10,299,246,2333,2187,480,417,335,281,65,44,18,21
050,24,015,Maryland,Cecil County,3,1,5839,3008,2831,2306,2214,248,269,10,19,26,33,1,2,417,294,2709,2499,476,435,126,102,122,99,10,12,2705,2570,2121,2053,216,226,0,4,21,33,1,0,346,254,2458,2300,408,372,85,67,108,94,8,8,303,261,185,161,32,43,10,15,5,0,0,2,71,40,251,199,68,63,41,35,14,5,2,4
050,24,015,Maryland,Cecil County,3,2,6189,3167,3022,2492,2411,336,293,29,20,31,23,0,4,279,271,2759,2672,487,433,111,106,91,81,8,13,2867,2719,2302,2200,285,264,8,7,22,21,0,1,250,226,2542,2418,423,384,77,71,78,75,7,9,300,303,190,211,51,29,21,13,9,2,0,3,29,45,217,254,64,49,34,35,13,6,1,4
050,24,015,Maryland,Cecil County,3,3,6871,3557,3314,2841,2621,350,343,24,12,29,40,2,1,311,297,3139,2907,509,504,131,114,92,100,11,9,3232,3044,2612,2429,311,310,6,6,28,40,0,0,275,259,2875,2679,459,454,91,86,86,97,8,6,325,270,229,192,39,33,18,6,1,0,2,1,36,38,264,228,50,50,40,28,6,3,3,3
050,24,015,Maryland,Cecil County,3,4,6475,3372,3103,2707,2492,339,276,25,17,33,43,1,2,267,273,2965,2748,468,412,132,126,79,91,6,8,3079,2846,2514,2301,298,248,16,9,28,42,1,2,222,244,2728,2530,411,370,95,100,71,90,5,8,293,257,193,191,41,28,9,8,5,1,0,0,45,29,237,218,57,42,37,26,8,1,1,0
050,24,015,Maryland,Cecil County,3,5,6329,3220,3109,2609,2541,331,299,16,17,43,81,3,2,218,169,2819,2697,425,382,111,86,83,113,8,10,2980,2885,2438,2379,301,269,12,5,41,76,0,1,188,155,2621,2522,385,348,88,65,79,106,3,8,240,224,171,162,30,30,4,12,2,5,3,1,30,14,198,175,40,34,23,21,4,7,5,2
050,24,015,Maryland,Cecil County,3,6,6353,3223,3130,2691,2627,291,259,28,24,58,52,0,7,155,161,2836,2778,356,328,98,95,90,83,7,13,2990,2962,2525,2509,260,242,6,5,58,51,0,6,141,149,2657,2649,322,307,65,68,89,81,7,11,233,168,166,118,31,17,22,19,0,1,0,1,14,12,179,129,34,21,33,27,1,2,0,2
050,24,015,Maryland,Cecil County,3,7,6819,3399,3420,2887,2889,289,332,26,14,49,57,3,0,145,128,3027,3006,339,383,100,72,77,85,9,6,3179,3191,2729,2721,263,294,5,0,49,57,3,0,130,119,2855,2830,308,341,68,53,76,83,9,6,220,229,158,168,26,38,21,14,0,0,0,0,15,9,172,176,31,42,32,19,1,2,0,0
050,24,015,Maryland,Cecil County,3,8,6368,3170,3198,2712,2692,296,298,16,10,32,74,3,1,111,123,2814,2806,331,341,78,78,50,94,9,5,2933,3011,2538,2549,265,277,11,1,27,69,0,1,92,114,2622,2655,294,317,62,63,43,88,5,4,237,187,174,143,31,21,5,9,5,5,3,0,19,9,192,151,37,24,16,15,7,6,4,1
050,24,015,Maryland,Cecil County,3,9,6011,2890,3121,2444,2600,289,311,25,17,40,58,2,2,90,133,2530,2723,314,350,78,94,53,77,7,10,2689,2929,2278,2469,272,281,16,5,40,58,2,1,81,115,2355,2578,295,316,63,69,52,73,6,8,201,192,166,131,17,30,9,12,0,0,0,1,9,18,175,145,19,34,15,25,1,4,1,2
050,24,015,Maryland,Cecil County,3,10,6091,2927,3164,2510,2647,245,272,23,17,28,67,1,3,120,158,2625,2793,278,324,96,112,48,91,6,7,2792,3039,2427,2556,227,261,6,5,25,66,1,3,106,148,2529,2694,255,309,70,95,45,88,5,6,135,125,83,91,18,11,17,12,3,1,0,0,14,10,96,99,23,15,26,17,3,3,1,1
050,24,015,Maryland,Cecil County,3,11,7147,3460,3687,2978,3204,295,287,28,29,56,53,0,0,103,114,3077,3314,322,318,96,104,72,69,2,4,3342,3544,2896,3090,274,276,20,20,52,53,0,0,100,105,2992,3191,299,305,88,88,67,69,2,4,118,143,82,114,21,11,8,9,4,0,0,0,3,9,85,123,23,13,8,16,5,0,0,0
050,24,015,Maryland,Cecil County,3,12,8061,4014,4047,3557,3558,305,324,17,23,40,35,1,3,94,104,3644,3654,329,353,81,95,51,50,5,6,3903,3945,3468,3479,295,313,8,17,39,34,1,2,92,100,3553,3571,318,340,71,86,50,49,5,5,111,102,89,79,10,11,9,6,1,1,0,1,2,4,91,83,11,13,10,9,1,1,0,1
050,24,015,Maryland,Cecil County,3,13,7674,3716,3958,3301,3520,300,259,12,18,35,61,0,0,68,100,3366,3612,309,285,60,85,44,72,5,4,3636,3877,3231,3447,296,256,7,18,35,58,0,0,67,98,3295,3537,305,281,54,84,44,69,5,4,80,81,70,73,4,3,5,0,0,3,0,0,1,2,71,75,4,4,6,1,0,3,0,0
050,24,015,Maryland,Cecil County,3,14,6160,3022,3138,2749,2843,164,179,15,12,35,43,2,0,57,61,2803,2903,179,194,54,52,41,50,3,3,2972,3090,2714,2798,159,176,10,12,35,43,2,0,52,61,2763,2858,169,191,48,52,41,50,3,3,50,48,35,45,5,3,5,0,0,0,0,0,5,0,40,45,10,3,6,0,0,0,0,0
050,24,015,Maryland,Cecil County,3,15,4993,2416,2577,2216,2371,132,126,2,8,16,25,0,0,50,47,2260,2415,144,138,38,40,22,30,3,3,2369,2539,2181,2334,127,125,1,8,16,25,0,0,44,47,2219,2378,138,137,32,40,22,30,3,3,47,38,35,37,5,1,1,0,0,0,0,0,6,0,41,37,6,1,6,0,0,0,0,0
050,24,015,Maryland,Cecil County,3,16,3172,1512,1660,1397,1526,75,81,2,3,14,13,1,0,23,37,1418,1560,78,92,18,28,19,18,2,2,1499,1637,1387,1510,74,77,0,3,14,13,1,0,23,34,1408,1541,77,86,16,26,19,17,2,1,13,23,10,16,1,4,2,0,0,0,0,0,0,3,10,19,1,6,2,2,0,1,0,1
050,24,015,Maryland,Cecil County,3,17,1887,839,1048,772,970,38,45,0,2,8,10,0,0,21,21,791,988,43,54,14,16,12,11,0,1,833,1029,767,957,38,45,0,0,7,10,0,0,21,17,786,972,43,51,14,11,11,11,0,1,6,19,5,13,0,0,0,2,1,0,0,0,0,4,5,16,0,3,0,5,1,0,0,0
050,24,015,Maryland,Cecil County,3,18,1655,640,1015,586,945,39,34,1,5,10,17,0,0,4,14,590,958,41,39,3,17,10,17,0,1,629,1000,577,930,37,34,1,5,10,17,0,0,4,14,581,943,39,39,3,17,10,17,0,1,11,15,9,15,2,0,0,0,0,0,0,0,0,0,9,15,2,0,0,0,0,0,0,0
050,24,015,Maryland,Cecil County,4,0,104908,51934,52974,43810,44675,4616,4595,317,275,612,855,26,30,2553,2544,46222,47072,5706,5720,1452,1438,1103,1323,104,96,48839,50159,41680,42679,4205,4232,140,131,576,837,14,19,2224,2261,43782,44815,5165,5242,1093,1135,1031,1267,77,74,3095,2815,2130,1996,411,363,177,144,36,18,12,11,329,283,2440,2257,541,478,359,303,72,56,27,22
050,24,015,Maryland,Cecil County,4,1,5932,3098,2834,2368,2163,292,295,7,17,22,45,4,3,405,311,2758,2460,511,469,125,101,112,121,16,12,2769,2577,2182,2017,250,253,2,3,18,45,2,1,315,258,2487,2265,425,401,81,63,96,114,9,8,329,257,186,146,42,42,5,14,4,0,2,2,90,53,271,195,86,68,44,38,16,7,7,4
050,24,015,Maryland,Cecil County,4,2,6278,3218,3060,2509,2411,353,337,34,22,28,23,0,2,294,265,2790,2667,514,478,120,109,95,78,6,12,2905,2761,2316,2215,287,293,8,7,23,22,0,1,271,223,2575,2430,436,418,83,70,87,72,6,9,313,299,193,196,66,44,26,15,5,1,0,1,23,42,215,237,78,60,37,39,8,6,0,3
050,24,015,Maryland,Cecil County,4,3,6823,3495,3328,2746,2591,395,374,21,13,36,32,2,3,295,315,3032,2890,543,544,123,119,95,98,11,7,3162,3035,2523,2398,352,336,7,3,30,31,0,0,250,267,2767,2650,484,487,84,84,85,90,6,4,333,293,223,193,43,38,14,10,6,1,2,3,45,48,265,240,59,57,39,35,10,8,5,3
050,24,015,Maryland,Cecil County,4,4,6440,3371,3069,2708,2432,338,302,33,21,24,39,1,0,267,275,2963,2696,472,438,132,126,73,89,10,6,3073,2793,2510,2235,289,267,15,11,23,38,1,0,235,242,2736,2466,411,392,97,97,68,86,7,5,298,276,198,197,49,35,18,10,1,1,0,0,32,33,227,230,61,46,35,29,5,3,3,1
050,24,015,Maryland,Cecil County,4,5,6298,3225,3073,2579,2511,348,287,20,15,68,73,5,5,205,182,2777,2686,439,375,105,83,109,109,10,14,2955,2859,2391,2344,316,269,16,5,63,70,0,4,169,167,2554,2506,395,352,80,66,100,102,4,10,270,214,188,167,32,18,4,10,5,3,5,1,36,15,223,180,44,23,25,17,9,7,6,4
050,24,015,Maryland,Cecil County,4,6,6385,3203,3182,2651,2624,307,306,17,20,40,80,0,7,188,145,2827,2757,386,371,102,81,80,108,5,14,2988,2986,2497,2486,281,280,3,5,39,79,0,6,168,130,2654,2609,354,339,75,55,75,104,5,12,215,196,154,138,26,26,14,15,1,1,0,1,20,15,173,148,32,32,27,26,5,4,0,2
050,24,015,Maryland,Cecil County,4,7,7028,3504,3524,2975,2956,308,332,35,18,58,77,3,1,125,140,3091,3091,356,386,95,85,80,105,7,6,3266,3304,2813,2797,277,302,8,1,58,76,3,0,107,128,2912,2920,317,351,57,62,80,101,7,4,238,220,162,159,31,30,27,17,0,1,0,1,18,12,179,171,39,35,38,23,0,4,0,2
050,24,015,Maryland,Cecil County,4,8,6556,3246,3310,2750,2756,308,339,20,13,39,74,3,0,126,128,2863,2876,346,389,91,78,65,99,9,2,2987,3105,2561,2605,276,302,13,2,34,69,0,0,103,127,2654,2724,310,351,65,67,59,94,4,2,259,205,189,151,32,37,7,11,5,5,3,0,23,1,209,152,36,38,26,11,6,5,5,0
050,24,015,Maryland,Cecil County,4,9,6122,2970,3152,2515,2594,301,324,23,14,32,64,2,3,97,153,2607,2734,331,381,79,106,49,87,7,6,2745,2948,2332,2460,278,291,11,5,32,64,2,2,90,126,2417,2576,307,338,62,78,48,85,6,5,225,204,183,134,23,33,12,9,0,0,0,1,7,27,190,158,24,43,17,28,1,2,1,1
050,24,015,Maryland,Cecil County,4,10,5949,2865,3084,2435,2565,271,296,19,21,33,63,1,3,106,136,2532,2689,303,336,83,108,54,85,3,6,2718,2945,2333,2473,254,276,9,5,31,63,1,3,90,125,2415,2588,280,314,63,84,49,82,3,6,147,139,102,92,17,20,10,16,2,0,0,0,16,11,117,101,23,22,20,24,5,3,0,0
050,24,015,Maryland,Cecil County,4,11,7129,3459,3670,2934,3161,307,307,35,25,66,66,1,0,116,111,3037,3265,340,343,110,95,85,80,5,0,3335,3526,2859,3038,284,300,16,17,63,65,1,0,112,106,2958,3137,316,333,88,85,82,79,5,0,124,144,75,123,23,7,19,8,3,1,0,0,4,5,79,128,24,10,22,10,3,1,0,0
050,24,015,Maryland,Cecil County,4,12,7794,3815,3979,3383,3481,283,323,20,22,44,43,1,3,84,107,3460,3581,303,354,79,95,52,55,6,5,3691,3867,3276,3402,278,310,13,16,41,42,1,2,82,95,3351,3491,297,336,71,82,49,53,6,3,124,112,107,79,5,13,7,6,3,1,0,1,2,12,109,90,6,18,8,13,3,2,0,2
050,24,015,Maryland,Cecil County,4,13,7748,3820,3928,3385,3477,314,275,13,18,33,64,0,0,75,94,3453,3562,332,302,66,83,44,76,1,2,3740,3843,3321,3408,305,264,7,17,33,61,0,0,74,93,3388,3493,323,290,59,81,44,72,1,2,80,85,64,69,9,11,6,1,0,3,0,0,1,1,65,69,9,12,7,2,0,4,0,0
050,24,015,Maryland,Cecil County,4,14,6352,3084,3268,2785,2957,193,185,14,19,30,42,2,0,60,65,2844,3015,206,204,56,65,36,51,2,2,3030,3203,2742,2896,190,182,10,19,30,42,2,0,56,64,2797,2954,200,200,51,64,36,51,2,2,54,65,43,61,3,3,4,0,0,0,0,0,4,1,47,61,6,4,5,1,0,0,0,0
050,24,015,Maryland,Cecil County,4,15,4908,2368,2540,2157,2323,137,135,4,6,20,33,0,0,50,43,2203,2361,148,149,40,39,25,37,3,1,2324,2509,2126,2293,133,134,2,6,20,33,0,0,43,43,2165,2331,141,148,33,39,25,37,3,1,44,31,31,30,4,1,2,0,0,0,0,0,7,0,38,30,7,1,7,0,0,0,0,0
050,24,015,Maryland,Cecil County,4,16,3493,1645,1848,1513,1713,85,91,2,4,12,7,1,0,32,33,1542,1743,92,99,27,30,17,10,2,0,1623,1820,1498,1691,81,87,0,4,12,7,1,0,31,31,1526,1720,87,94,25,28,17,10,2,0,22,28,15,22,4,4,2,0,0,0,0,0,1,2,16,23,5,5,2,2,0,0,0,0
050,24,015,Maryland,Cecil County,4,17,1995,878,1117,811,1022,32,49,0,2,15,19,0,0,20,25,830,1046,38,60,13,20,19,21,1,0,870,1086,804,999,32,48,0,0,14,19,0,0,20,20,823,1018,38,56,13,15,18,21,1,0,8,31,7,23,0,1,0,2,1,0,0,0,0,5,7,28,0,4,0,5,1,0,0,0
050,24,015,Maryland,Cecil County,4,18,1678,670,1008,606,938,44,38,0,5,12,11,0,0,8,16,613,953,46,42,6,15,13,14,0,1,658,992,596,922,42,38,0,5,12,11,0,0,8,16,603,937,44,42,6,15,13,14,0,1,12,16,10,16,2,0,0,0,0,0,0,0,0,0,10,16,2,0,0,0,0,0,0,0
050,24,015,Maryland,Cecil County,5,0,105789,52221,53568,43840,44878,4820,4861,343,287,634,872,27,32,2557,2638,46255,47370,5941,6000,1454,1475,1131,1345,102,117,49045,50646,41635,42822,4386,4482,149,139,596,844,15,21,2264,2338,43775,45032,5385,5504,1101,1158,1060,1281,79,99,3176,2922,2205,2056,434,379,194,148,38,28,12,11,293,300,2480,2338,556,496,353,317,71,64,23,18
050,24,015,Maryland,Cecil County,5,1,5992,3099,2893,2390,2147,296,339,14,24,15,46,4,5,380,332,2752,2470,508,515,119,122,98,118,13,13,2802,2603,2212,1995,256,297,5,6,13,44,2,3,314,258,2511,2248,433,437,82,67,89,107,8,10,297,290,178,152,40,42,9,18,2,2,2,2,66,74,241,222,75,78,37,55,9,11,5,3
050,24,015,Maryland,Cecil County,5,2,6284,3234,3050,2517,2393,347,347,32,10,32,29,2,2,304,269,2811,2654,516,491,115,94,102,93,6,8,2909,2782,2309,2211,284,305,9,4,26,25,2,1,279,236,2579,2441,441,434,81,72,92,83,6,6,325,268,208,182,63,42,23,6,6,4,0,1,25,33,232,213,75,57,34,22,10,10,0,2
050,24,015,Maryland,Cecil County,5,3,6757,3461,3296,2707,2577,412,376,25,20,37,26,1,3,279,294,2970,2856,556,527,121,120,99,89,8,7,3127,2987,2488,2378,361,330,7,7,30,25,0,0,241,247,2719,2611,488,463,79,82,88,83,6,4,334,309,219,199,51,46,18,13,7,1,1,3,38,47,251,245,68,64,42,38,11,6,2,3
050,24,015,Maryland,Cecil County,5,4,6558,3406,3152,2701,2474,352,312,28,23,24,39,1,0,300,304,2987,2763,511,464,134,138,80,99,7,8,3081,2869,2482,2273,297,275,12,11,23,38,0,0,267,272,2736,2533,444,416,100,106,75,95,6,7,325,283,219,201,55,37,16,12,1,1,1,0,33,32,251,230,67,48,34,32,5,4,1,1
050,24,015,Maryland,Cecil County,5,5,6190,3149,3041,2537,2442,341,297,19,12,49,58,5,4,198,228,2725,2657,431,409,101,98,93,98,12,14,2900,2816,2365,2272,308,276,11,5,44,57,0,3,172,203,2530,2465,389,376,76,78,84,94,6,11,249,225,172,170,33,21,8,7,5,1,5,1,26,25,195,192,42,33,25,20,9,4,6,3
050,24,015,Maryland,Cecil County,5,6,6434,3268,3166,2645,2600,353,332,29,23,58,86,0,6,183,119,2820,2715,436,385,105,74,97,107,7,9,3041,2973,2484,2461,324,311,11,6,55,83,0,6,167,106,2643,2563,400,361,79,48,92,103,5,9,227,193,161,139,29,21,18,17,3,3,0,0,16,13,177,152,36,24,26,26,5,4,2,0
050,24,015,Maryland,Cecil County,5,7,7134,3514,3620,2970,2998,326,346,44,24,64,62,3,3,107,187,3070,3173,362,418,98,114,83,99,8,11,3243,3386,2783,2836,296,314,11,2,64,61,3,1,86,172,2863,2996,326,384,52,82,81,95,7,9,271,234,187,162,30,32,33,22,0,1,0,2,21,15,207,177,36,34,46,32,2,4,1,2
050,24,015,Maryland,Cecil County,5,8,6723,3295,3428,2774,2839,328,369,21,13,37,90,3,0,132,117,2897,2949,373,415,89,74,65,109,7,4,3050,3213,2598,2690,289,325,14,2,32,81,0,0,117,115,2707,2798,330,370,72,62,59,100,3,4,245,215,176,149,39,44,7,11,5,9,3,0,15,2,190,151,43,45,17,12,6,9,4,0
050,24,015,Maryland,Cecil County,5,9,6211,3067,3144,2588,2633,318,316,24,11,28,54,1,3,108,127,2689,2749,348,357,84,86,48,74,9,9,2827,2935,2396,2473,296,288,13,7,28,53,1,2,93,112,2483,2576,321,324,63,70,47,72,8,8,240,209,192,160,22,28,11,4,0,1,0,1,15,15,206,173,27,33,21,16,1,2,1,1
050,24,015,Maryland,Cecil County,5,10,5996,2855,3141,2415,2575,286,339,15,26,33,69,2,2,104,130,2514,2693,314,383,78,100,50,92,4,6,2685,2983,2290,2470,268,321,5,5,32,69,2,2,88,116,2373,2575,290,360,59,72,48,89,4,6,170,158,125,105,18,18,10,21,1,0,0,0,16,14,141,118,24,23,19,28,2,3,0,0
050,24,015,Maryland,Cecil County,5,11,6958,3402,3556,2881,3042,309,302,27,20,68,77,1,1,116,114,2988,3149,342,336,100,86,84,93,8,11,3275,3425,2805,2932,283,293,11,13,64,76,1,1,111,110,2907,3035,314,325,82,79,79,91,8,10,127,131,76,110,26,9,16,7,4,1,0,0,5,4,81,114,28,11,18,7,5,2,0,1
050,24,015,Maryland,Cecil County,5,12,7499,3646,3853,3195,3347,291,330,26,23,53,50,0,2,81,101,3269,3440,316,356,81,89,64,64,2,6,3528,3743,3095,3267,285,314,18,19,50,50,0,1,80,92,3168,3352,309,338,72,79,61,63,2,4,118,110,100,80,6,16,8,4,3,0,0,1,1,9,101,88,7,18,9,10,3,1,0,2
050,24,015,Maryland,Cecil County,5,13,7808,3818,3990,3364,3504,314,290,17,20,37,65,1,1,85,110,3443,3608,336,318,77,96,48,74,2,4,3726,3880,3292,3422,305,279,8,16,37,61,1,1,83,101,3370,3518,325,304,67,85,48,70,2,4,92,110,72,82,9,11,9,4,0,4,0,0,2,9,73,90,11,14,10,11,0,4,0,0
050,24,015,Maryland,Cecil County,5,14,6616,3196,3420,2878,3057,221,227,7,14,30,46,1,0,59,76,2935,3128,234,248,46,69,38,51,3,2,3133,3350,2825,2992,216,223,6,14,30,46,1,0,55,75,2878,3062,228,244,45,68,36,51,2,2,63,70,53,65,5,4,1,0,0,0,0,0,4,1,57,66,6,4,1,1,2,0,1,0
050,24,015,Maryland,Cecil County,5,15,5008,2414,2594,2174,2372,151,142,13,8,22,33,1,0,53,39,2223,2406,162,154,53,35,27,37,3,1,2375,2555,2147,2334,150,141,8,8,22,33,1,0,47,39,2190,2368,159,153,44,35,27,37,3,1,39,39,27,38,1,1,5,0,0,0,0,0,6,0,33,38,3,1,9,0,0,0,0,0
050,24,015,Maryland,Cecil County,5,16,3678,1704,1974,1567,1813,85,93,2,9,16,14,1,0,33,45,1598,1852,94,106,27,43,18,17,2,2,1671,1944,1543,1789,80,89,0,9,16,14,1,0,31,43,1572,1826,88,102,24,41,18,17,2,2,33,30,24,24,5,4,2,0,0,0,0,0,2,2,26,26,6,4,3,2,0,0,0,0
050,24,015,Maryland,Cecil County,5,17,2185,981,1204,893,1104,39,53,0,2,22,17,0,0,27,28,914,1129,48,63,20,21,27,18,1,1,972,1171,887,1079,39,51,0,0,21,17,0,0,25,24,906,1100,48,60,18,16,26,18,1,1,9,33,6,25,0,2,0,2,1,0,0,0,2,4,8,29,0,3,2,5,1,0,0,0
050,24,015,Maryland,Cecil County,5,18,1758,712,1046,644,961,51,51,0,5,9,11,0,0,8,18,650,979,54,55,6,16,10,13,0,1,700,1031,634,948,49,50,0,5,9,11,0,0,8,17,640,965,52,53,6,16,10,13,0,1,12,15,10,13,2,1,0,0,0,0,0,0,0,1,10,14,2,2,0,0,0,0,0,0
050,24,015,Maryland,Cecil County,6,0,106567,52443,54124,43862,44975,4930,5132,355,307,667,922,29,37,2600,2751,46312,47562,6043,6357,1494,1533,1168,1410,108,114,49132,50949,41613,42821,4466,4690,144,136,622,884,18,23,2269,2395,43751,45073,5454,5771,1098,1164,1086,1331,86,88,3311,3175,2249,2154,464,442,211,171,45,38,11,14,331,356,2561,2489,589,586,396,369,82,79,22,26
050,24,015,Maryland,Cecil County,6,1,6017,3102,2915,2390,2117,322,348,10,18,18,48,6,6,356,378,2734,2475,516,557,116,134,99,127,9,18,2799,2591,2215,1960,276,306,3,2,12,44,4,4,289,275,2493,2220,438,464,78,68,84,112,6,14,303,324,175,157,46,42,7,16,6,4,2,2,67,103,241,255,78,93,38,66,15,15,3,4
050,24,015,Maryland,Cecil County,6,2,6347,3235,3112,2512,2403,346,414,49,8,35,31,2,3,291,253,2789,2647,505,555,130,80,103,87,8,12,2904,2812,2313,2208,286,346,9,5,28,27,2,1,266,225,2568,2425,433,474,79,66,92,80,7,7,331,300,199,195,60,68,40,3,7,4,0,2,25,28,221,222,72,81,51,14,11,7,1,5
050,24,015,Maryland,Cecil County,6,3,6693,3417,3276,2663,2538,414,371,20,23,38,31,0,3,282,310,2932,2834,558,539,115,123,98,91,9,9,3080,2960,2454,2339,354,329,5,7,31,30,0,0,236,255,2678,2584,482,471,75,81,87,82,6,5,337,316,209,199,60,42,15,16,7,1,0,3,46,55,254,250,76,68,40,42,11,9,3,4
050,24,015,Maryland,Cecil County,6,4,6671,3502,3169,2751,2451,374,350,27,21,29,36,1,0,320,311,3053,2747,540,512,141,135,89,91,12,7,3157,2871,2514,2247,325,306,11,10,28,36,0,0,279,272,2780,2506,473,454,102,98,84,89,10,6,345,298,237,204,49,44,16,11,1,0,1,0,41,39,273,241,67,58,39,37,5,2,2,1
050,24,015,Maryland,Cecil County,6,5,6050,3044,3006,2448,2382,318,307,23,10,44,61,3,4,208,242,2642,2615,414,427,109,103,83,107,9,11,2802,2764,2286,2201,284,282,13,4,39,59,0,3,180,215,2455,2407,372,391,81,82,74,100,5,8,242,242,162,181,34,25,10,6,5,2,3,1,28,27,187,208,42,36,28,21,9,7,4,3
050,24,015,Maryland,Cecil County,6,6,6540,3303,3237,2654,2617,396,361,23,19,48,94,3,6,179,140,2822,2750,473,423,92,78,87,118,10,9,3066,2987,2480,2439,363,330,9,3,47,89,1,5,166,121,2635,2555,437,385,71,51,84,111,7,7,237,250,174,178,33,31,14,16,1,5,2,1,13,19,187,195,36,38,21,27,3,7,3,2
050,24,015,Maryland,Cecil County,6,7,7308,3617,3691,3035,3027,336,383,47,27,66,65,2,4,131,185,3160,3201,383,458,112,117,91,98,7,7,3311,3473,2840,2887,296,350,7,4,64,64,2,2,102,166,2937,3043,334,419,54,81,87,96,6,5,306,218,195,140,40,33,40,23,2,1,0,2,29,19,223,158,49,39,58,36,4,2,1,2
050,24,015,Maryland,Cecil County,6,8,6938,3371,3567,2849,2935,324,368,21,35,44,91,4,2,129,136,2973,3063,364,421,87,105,67,116,9,4,3128,3310,2675,2779,287,321,14,2,40,80,1,1,111,127,2781,2899,323,372,68,66,61,103,6,3,243,257,174,156,37,47,7,33,4,11,3,1,18,9,192,164,41,49,19,39,6,13,3,1
050,24,015,Maryland,Cecil County,6,9,6281,3126,3155,2607,2643,346,322,18,15,39,58,0,2,116,115,2716,2750,381,361,84,81,60,76,7,6,2871,2933,2413,2476,317,292,13,7,38,53,0,1,90,104,2499,2573,345,329,62,64,55,70,5,5,255,222,194,167,29,30,5,8,1,5,0,1,26,11,217,177,36,32,22,17,5,6,2,1
050,24,015,Maryland,Cecil County,6,10,6021,2869,3152,2440,2579,272,353,17,26,33,73,2,2,105,119,2538,2688,304,389,80,99,49,93,5,3,2686,2963,2295,2459,259,323,8,4,33,73,2,2,89,102,2377,2552,286,356,61,64,48,90,5,3,183,189,145,120,13,30,9,22,0,0,0,0,16,17,161,136,18,33,19,35,1,3,0,0
050,24,015,Maryland,Cecil County,6,11,6666,3214,3452,2727,2929,282,317,33,13,53,79,2,2,117,112,2833,3033,315,354,104,81,71,95,8,3,3069,3318,2644,2818,252,306,10,6,48,78,2,2,113,108,2746,2919,281,340,81,72,66,94,8,3,145,134,83,111,30,11,23,7,5,1,0,0,4,4,87,114,34,14,23,9,5,1,0,0
050,24,015,Maryland,Cecil County,6,12,7321,3554,3767,3049,3244,325,313,28,26,69,65,0,1,83,118,3123,3352,347,345,86,107,81,78,2,7,3435,3663,2952,3167,315,300,21,23,66,65,0,0,81,108,3024,3266,337,328,77,97,78,78,2,6,119,104,97,77,10,13,7,3,3,0,0,1,2,10,99,86,10,17,9,10,3,0,0,1
050,24,015,Maryland,Cecil County,6,13,7781,3816,3965,3371,3490,308,289,15,20,34,61,1,2,87,103,3452,3585,328,311,73,90,48,74,3,8,3714,3843,3290,3394,298,276,6,15,34,57,1,2,85,99,3369,3485,316,298,64,83,48,69,3,7,102,122,81,96,10,13,9,5,0,4,0,0,2,4,83,100,12,13,9,7,0,5,0,1
050,24,015,Maryland,Cecil County,6,14,6799,3246,3553,2898,3138,243,253,5,21,38,52,0,0,62,89,2958,3217,257,278,47,79,45,66,1,4,3178,3482,2841,3074,239,250,3,21,36,52,0,0,59,85,2899,3150,250,275,44,76,43,65,1,3,68,71,57,64,4,3,2,0,2,0,0,0,3,4,59,67,7,3,3,3,2,1,0,1
050,24,015,Maryland,Cecil County,6,15,5160,2487,2673,2248,2431,137,163,17,7,27,29,2,0,56,43,2297,2467,150,178,59,37,36,31,6,4,2444,2627,2217,2388,135,160,12,7,27,29,2,0,51,43,2261,2424,147,175,50,37,35,31,6,4,43,46,31,43,2,3,5,0,0,0,0,0,5,0,36,43,3,3,9,0,1,0,0,0
050,24,015,Maryland,Cecil County,6,16,3868,1787,2081,1637,1907,96,100,1,11,14,24,1,0,38,39,1671,1943,106,110,31,38,18,30,2,1,1751,2048,1611,1880,91,96,0,11,14,24,1,0,34,37,1642,1914,100,106,26,37,18,29,2,1,36,33,26,27,5,4,1,0,0,0,0,0,4,2,29,29,6,4,5,1,0,1,0,0
050,24,015,Maryland,Cecil County,6,17,2274,1021,1253,926,1148,42,58,1,2,22,10,0,0,30,35,952,1179,50,69,22,25,26,15,1,1,1016,1224,925,1125,42,57,0,0,21,10,0,0,28,32,949,1153,50,67,19,21,25,15,1,1,5,29,1,23,0,1,1,2,1,0,0,0,2,3,3,26,0,2,3,4,1,0,0,0
050,24,015,Maryland,Cecil County,6,18,1832,732,1100,657,996,49,62,0,5,16,14,0,0,10,23,667,1016,52,70,6,21,17,17,0,0,721,1080,648,980,47,60,0,5,16,14,0,0,10,21,658,998,50,67,6,20,17,17,0,0,11,20,9,16,2,2,0,0,0,0,0,0,0,2,9,18,2,3,0,1,0,0,0,0
050,24,015,Maryland,Cecil County,7,0,107131,52674,54457,43850,45027,5042,5290,360,326,698,940,34,46,2690,2828,46385,47706,6215,6553,1504,1571,1235,1443,113,123,49260,51177,41502,42798,4588,4828,147,140,649,897,22,32,2352,2482,43722,45154,5626,5944,1104,1191,1149,1370,89,96,3414,3280,2348,2229,454,462,213,186,49,43,12,14,338,346,2663,2552,589,609,400,380,86,73,24,27
050,24,015,Maryland,Cecil County,7,1,6000,3151,2849,2413,2089,327,318,7,16,24,46,7,5,373,375,2769,2449,530,523,114,132,108,127,18,12,2816,2531,2206,1931,290,274,2,1,14,40,5,5,299,280,2493,2201,456,432,76,70,87,109,13,11,335,318,207,158,37,44,5,15,10,6,2,0,74,95,276,248,74,91,38,62,21,18,5,1
050,24,015,Maryland,Cecil County,7,2,6480,3302,3178,2533,2414,344,425,52,6,30,37,3,5,340,291,2867,2692,530,585,144,92,112,97,10,15,2971,2870,2330,2222,292,356,8,3,23,33,3,1,315,255,2639,2467,467,497,88,70,103,93,9,8,331,308,203,192,52,69,44,3,7,4,0,4,25,36,228,225,63,88,56,22,9,4,1,7
050,24,015,Maryland,Cecil County,7,3,6687,3375,3312,2605,2533,438,402,25,24,40,26,0,4,267,323,2855,2840,581,577,109,128,102,89,8,12,3054,2976,2395,2318,386,353,7,8,32,25,0,1,234,271,2614,2575,511,505,76,84,92,84,7,7,321,336,210,215,52,49,18,16,8,1,0,3,33,52,241,265,70,72,33,44,10,5,1,5
050,24,015,Maryland,Cecil County,7,4,6682,3529,3153,2733,2469,402,356,26,18,30,30,1,2,337,278,3052,2735,579,503,147,111,95,87,5,10,3172,2858,2486,2252,358,317,9,7,30,30,0,2,289,250,2761,2493,515,451,102,85,91,85,3,9,357,295,247,217,44,39,17,11,0,0,1,0,48,28,291,242,64,52,45,26,4,2,2,1
050,24,015,Maryland,Cecil County,7,5,6015,3035,2980,2402,2319,348,339,23,13,38,48,4,4,220,257,2607,2558,451,465,110,115,82,94,13,17,2773,2705,2233,2126,298,302,15,5,32,47,2,4,193,221,2412,2332,393,414,85,89,74,87,10,13,262,275,169,193,50,37,8,8,6,1,2,0,27,36,195,226,58,51,25,26,8,7,3,4
050,24,015,Maryland,Cecil County,7,6,6605,3315,3290,2701,2657,357,341,28,17,53,122,5,3,171,150,2860,2801,433,412,98,78,89,150,10,3,3073,3063,2524,2485,330,316,10,5,52,118,1,1,156,138,2671,2618,401,383,70,58,85,145,6,1,242,227,177,172,27,25,18,12,1,4,4,2,15,12,189,183,32,29,28,20,4,5,4,2
050,24,015,Maryland,Cecil County,7,7,7082,3532,3550,2966,2897,343,375,32,21,77,66,0,9,114,182,3071,3069,391,452,86,102,96,102,5,15,3251,3319,2775,2742,300,340,7,1,75,63,0,7,94,166,2863,2900,339,410,49,72,93,99,4,12,281,231,191,155,43,35,25,20,2,3,0,2,20,16,208,169,52,42,37,30,3,3,1,3
050,24,015,Maryland,Cecil County,7,8,7142,3487,3655,2934,3004,333,398,29,31,36,78,5,1,150,143,3071,3138,385,455,103,101,69,102,10,6,3214,3398,2739,2842,301,354,8,3,36,68,3,0,127,131,2855,2964,347,407,66,65,67,92,7,5,273,257,195,162,32,44,21,28,0,10,2,1,23,12,216,174,38,48,37,36,2,10,3,1
050,24,015,Maryland,Cecil County,7,9,6491,3244,3247,2685,2656,381,352,15,38,43,72,1,1,119,128,2798,2777,415,395,81,108,64,94,8,5,2990,3000,2505,2493,345,316,10,6,38,63,0,1,92,121,2592,2607,374,356,59,72,54,85,5,5,254,247,180,163,36,36,5,32,5,9,1,0,27,7,206,170,41,39,22,36,10,9,3,0
050,24,015,Maryland,Cecil County,7,10,6015,2851,3164,2381,2596,299,365,21,22,43,62,2,4,105,115,2481,2702,333,404,77,88,60,83,7,7,2656,2971,2226,2467,282,337,14,3,43,62,2,3,89,99,2310,2560,309,371,62,58,59,80,7,6,195,193,155,129,17,28,7,19,0,0,0,1,16,16,171,142,24,33,15,30,1,3,0,1
050,24,015,Maryland,Cecil County,7,11,6364,3044,3320,2595,2800,268,309,31,18,44,83,2,3,104,107,2693,2903,295,338,98,84,59,98,5,6,2906,3186,2508,2698,246,296,12,8,42,82,2,3,96,99,2598,2794,272,324,73,68,56,96,5,5,138,134,87,102,22,13,19,10,2,1,0,0,8,8,95,109,23,14,25,16,3,2,0,1
050,24,015,Maryland,Cecil County,7,12,7167,3432,3735,2941,3186,301,316,24,30,72,78,0,1,94,124,3029,3300,323,352,87,114,85,94,3,4,3297,3613,2837,3092,285,303,19,26,67,78,0,0,89,114,2920,3196,307,337,77,103,80,93,3,3,135,122,104,94,16,13,5,4,5,0,0,1,5,10,109,104,16,15,10,11,5,1,0,1
050,24,015,Maryland,Cecil County,7,13,7718,3802,3916,3350,3449,301,291,18,19,41,55,1,4,91,98,3433,3544,324,314,78,83,57,69,2,8,3693,3801,3265,3362,289,277,9,13,41,52,1,4,88,93,3345,3452,310,299,68,73,57,66,2,8,109,115,85,87,12,14,9,6,0,3,0,0,3,5,88,92,14,15,10,10,0,3,0,0
050,24,015,Maryland,Cecil County,7,14,7013,3299,3714,2921,3254,266,277,9,26,41,53,0,0,62,104,2979,3349,280,307,52,99,48,61,2,3,3230,3631,2864,3181,263,274,4,26,39,52,0,0,60,98,2920,3270,275,302,47,95,46,60,2,3,69,83,57,73,3,3,5,0,2,1,0,0,2,6,59,79,5,5,5,4,2,1,0,0
050,24,015,Maryland,Cecil County,7,15,5323,2573,2750,2322,2484,146,170,18,9,32,35,2,0,53,52,2369,2535,156,185,54,46,43,40,4,0,2518,2705,2280,2444,142,165,13,9,32,35,2,0,49,52,2324,2495,150,180,48,46,41,40,4,0,55,45,42,40,4,5,5,0,0,0,0,0,4,0,45,40,6,5,6,0,2,0,0,0
050,24,015,Maryland,Cecil County,7,16,4036,1879,2157,1717,1966,99,117,0,11,18,26,0,0,45,37,1757,2000,109,127,32,38,25,30,1,0,1841,2113,1690,1928,94,113,0,11,18,26,0,0,39,35,1725,1960,103,122,28,37,24,30,0,0,38,44,27,38,5,4,0,0,0,0,0,0,6,2,32,40,6,5,4,1,1,0,1,0
050,24,015,Maryland,Cecil County,7,17,2381,1050,1331,967,1212,38,73,2,0,15,10,1,0,27,36,992,1245,44,85,23,26,18,11,2,0,1041,1308,963,1194,38,71,0,0,14,10,1,0,25,33,986,1224,43,83,19,23,17,11,2,0,9,23,4,18,0,2,2,0,1,0,0,0,2,3,6,21,1,2,4,3,1,0,0,0
050,24,015,Maryland,Cecil County,7,18,1930,774,1156,684,1042,51,66,0,7,21,13,0,0,18,28,702,1069,56,74,11,26,23,15,0,0,764,1129,676,1021,49,64,0,5,21,13,0,0,18,26,694,1046,54,71,11,23,23,15,0,0,10,27,8,21,2,2,0,2,0,0,0,0,0,2,8,23,2,3,0,3,0,0,0,0
050,24,017,Maryland,Charles County,1,0,166609,79218,87391,32125,32658,38912,45204,841,908,2590,3325,115,92,4635,5204,35755,36698,41978,48835,2717,2965,3760,4593,275,260,73488,81423,28676,29099,37818,43986,452,552,2492,3219,88,70,3962,4497,31713,32546,40495,47162,2004,2287,3489,4322,230,203,5730,5968,3449,3559,1094,1218,389,356,98,106,27,22,673,707,4042,4152,1483,1673,713,678,271,271,45,57
050,24,017,Maryland,Charles County,1,1,9658,4879,4779,1594,1473,2502,2507,65,53,139,144,6,2,573,600,2074,1972,2926,2950,220,204,290,325,21,13,4254,4218,1269,1217,2356,2371,19,18,127,137,5,2,478,473,1660,1607,2724,2731,127,122,258,285,19,8,625,561,325,256,146,136,46,35,12,7,1,0,95,127,414,365,202,219,93,82,32,40,2,5
050,24,017,Maryland,Charles County,1,2,10836,5600,5236,1727,1622,3000,2829,41,42,181,159,13,5,638,579,2255,2092,3484,3262,199,227,356,310,40,27,4979,4650,1412,1315,2871,2701,14,6,165,153,7,2,510,473,1827,1691,3261,3068,143,138,300,272,28,16,621,586,315,307,129,128,27,36,16,6,6,3,128,106,428,401,223,194,56,89,56,38,12,11
050,24,017,Maryland,Charles County,1,3,12137,6171,5966,1857,1740,3426,3320,48,68,208,207,13,13,619,618,2362,2221,3862,3807,248,231,362,384,26,21,5535,5382,1495,1407,3275,3214,23,26,199,197,10,7,533,531,1926,1810,3658,3638,187,176,332,342,22,12,636,584,362,333,151,106,25,42,9,10,3,6,86,87,436,411,204,169,61,55,30,42,4,9
050,24,017,Maryland,Charles County,1,4,11708,6051,5657,1896,1734,3365,3126,44,58,191,203,2,12,553,524,2311,2165,3752,3511,265,210,348,331,8,28,5513,5134,1592,1434,3248,3015,21,35,182,188,1,10,469,452,1928,1805,3593,3348,193,153,315,304,6,24,538,523,304,300,117,111,23,23,9,15,1,2,84,72,383,360,159,163,72,57,33,27,2,4
050,24,017,Maryland,Charles County,1,5,10130,5222,4908,1883,1643,2739,2631,49,66,168,181,2,2,381,385,2180,1959,2991,2903,189,181,279,272,7,16,4790,4544,1610,1417,2645,2560,29,48,164,172,1,0,341,347,1881,1698,2875,2805,148,151,261,258,6,12,432,364,273,226,94,71,20,18,4,9,1,2,40,38,299,261,116,98,41,30,18,14,1,4
050,24,017,Maryland,Charles County,1,6,10066,4852,5214,1849,1779,2498,2845,68,57,140,165,5,2,292,366,2079,2073,2697,3094,182,185,218,260,20,11,4431,4715,1606,1462,2413,2747,26,30,133,156,5,2,248,318,1796,1716,2589,2971,119,129,199,241,17,9,421,499,243,317,85,98,42,27,7,9,0,0,44,48,283,357,108,123,63,56,19,19,3,2
050,24,017,Maryland,Charles County,1,7,10475,4957,5518,2025,1998,2378,2906,76,57,173,224,12,9,293,324,2239,2242,2552,3119,194,212,256,300,34,13,4464,5010,1708,1690,2309,2799,24,28,164,212,9,9,250,272,1885,1899,2466,2988,120,148,232,276,31,12,493,508,317,308,69,107,52,29,9,12,3,0,43,52,354,343,86,131,74,64,24,24,3,1
050,24,017,Maryland,Charles County,1,8,11101,5018,6083,2041,2082,2479,3351,59,65,202,259,5,12,232,314,2215,2322,2623,3574,178,206,260,330,15,18,4560,5566,1735,1765,2418,3231,25,34,193,248,5,12,184,276,1870,1977,2531,3429,116,153,244,313,11,17,458,517,306,317,61,120,34,31,9,11,0,0,48,38,345,345,92,145,62,53,16,17,4,1
050,24,017,Maryland,Charles County,1,9,10409,4683,5726,1744,1811,2454,3262,65,69,189,276,4,7,227,301,1928,2025,2584,3460,190,204,237,363,27,23,4311,5306,1496,1539,2391,3183,32,42,187,266,4,6,201,270,1656,1726,2502,3356,138,161,232,351,27,22,372,420,248,272,63,79,33,27,2,10,0,1,26,31,272,299,82,104,52,43,5,12,0,1
050,24,017,Maryland,Charles County,1,10,11722,5272,6450,1877,1980,2913,3809,75,70,201,316,6,0,200,275,2015,2175,3028,3988,191,217,239,371,11,24,4958,6100,1677,1777,2861,3728,46,47,192,313,5,0,177,235,1792,1941,2965,3882,146,168,227,362,10,20,314,350,200,203,52,81,29,23,9,3,1,0,23,40,223,234,63,106,45,49,12,9,1,4
050,24,017,Maryland,Charles County,1,11,13049,6067,6982,2425,2543,3153,3816,65,77,214,262,9,14,201,270,2577,2732,3264,3986,180,234,257,313,13,27,5800,6651,2258,2348,3106,3747,45,59,207,257,3,7,181,233,2393,2507,3203,3898,148,196,245,299,7,17,267,331,167,195,47,69,20,18,7,5,6,7,20,37,184,225,61,88,32,38,12,14,6,10
050,24,017,Maryland,Charles County,1,12,13103,6151,6952,2914,2956,2850,3458,61,67,152,240,15,1,159,230,3034,3119,2929,3588,169,213,181,284,22,13,5925,6694,2761,2773,2819,3417,45,48,149,239,11,1,140,216,2865,2924,2897,3539,138,185,173,280,16,11,226,258,153,183,31,41,16,19,3,1,4,0,19,14,169,195,32,49,31,28,8,4,6,2
050,24,017,Maryland,Charles County,1,13,10381,4905,5476,2602,2596,1988,2469,53,50,149,213,9,4,104,144,2676,2700,2038,2550,117,133,175,250,13,7,4782,5301,2512,2461,1970,2447,48,37,148,213,8,4,96,139,2578,2562,2015,2524,112,120,170,247,12,5,123,175,90,135,18,22,5,13,1,0,1,0,8,5,98,138,23,26,5,13,5,3,1,2
050,24,017,Maryland,Charles County,1,14,7587,3405,4182,1917,2030,1259,1810,36,35,115,209,4,2,74,96,1973,2096,1294,1871,90,102,126,220,5,7,3304,4083,1850,1958,1242,1788,25,31,115,209,4,2,68,95,1900,2023,1277,1849,73,97,126,220,5,7,101,99,67,72,17,22,11,4,0,0,0,0,6,1,73,73,17,22,17,5,0,0,0,0
050,24,017,Maryland,Charles County,1,15,5864,2579,3285,1548,1742,890,1345,18,22,86,110,5,6,32,60,1574,1783,903,1386,39,64,90,112,7,8,2532,3212,1516,1685,881,1333,13,20,85,110,5,5,32,59,1542,1725,894,1373,34,62,89,112,7,7,47,73,32,57,9,12,5,2,1,0,0,1,0,1,32,58,9,13,5,2,1,0,0,1
050,24,017,Maryland,Charles County,1,16,4088,1788,2300,1137,1321,566,822,8,21,38,74,4,1,35,61,1161,1377,588,855,37,63,41,80,4,3,1760,2238,1111,1281,566,811,8,21,38,69,4,1,33,55,1133,1332,588,838,35,61,41,75,4,3,28,62,26,40,0,11,0,0,0,5,0,0,2,6,28,45,0,17,2,2,0,5,0,0
050,24,017,Maryland,Charles County,1,17,2327,960,1367,632,793,281,492,8,20,21,38,0,0,18,24,642,806,290,511,23,41,22,38,1,0,943,1332,620,770,277,488,8,17,21,35,0,0,17,22,630,781,285,505,22,37,22,35,1,0,17,35,12,23,4,4,0,3,0,3,0,0,1,2,12,25,5,6,1,4,0,3,0,0
050,24,017,Maryland,Charles County,1,18,1968,658,1310,457,815,171,406,2,11,23,45,1,0,4,33,460,839,173,420,6,38,23,50,1,1,647,1287,448,800,170,406,1,5,23,45,1,0,4,31,451,822,172,420,5,30,23,50,1,1,11,23,9,15,1,0,1,6,0,0,0,0,0,2,9,17,1,0,1,8,0,0,0,0
050,24,017,Maryland,Charles County,2,0,166734,79272,87462,31980,32478,39104,45423,837,908,2597,3332,114,88,4640,5233,35645,36545,42163,49017,2560,2988,3825,4629,290,292,73438,81432,28477,28874,37983,44194,444,553,2492,3224,89,68,3953,4519,31564,32340,40622,47328,1821,2280,3604,4406,232,226,5834,6030,3503,3604,1121,1229,393,355,105,108,25,20,687,714,4081,4205,1541,1689,739,708,221,223,58,66
050,24,017,Maryland,Charles County,2,1,9670,4875,4795,1590,1485,2492,2508,65,51,143,149,5,2,580,600,2080,1996,2912,2944,201,198,314,326,24,22,4225,4215,1259,1214,2340,2373,16,17,129,139,4,2,477,470,1662,1608,2689,2715,112,115,282,291,16,16,650,580,331,271,152,135,49,34,14,10,1,0,103,130,418,388,223,229,89,83,32,35,8,6
050,24,017,Maryland,Charles County,2,2,10820,5590,5230,1726,1620,2987,2829,44,40,184,158,14,4,635,579,2257,2105,3442,3245,211,196,369,324,28,23,4963,4644,1404,1309,2859,2698,16,8,168,153,8,2,508,474,1825,1705,3226,3038,130,121,325,300,17,16,627,586,322,311,128,131,28,32,16,5,6,2,127,105,432,400,216,207,81,75,44,24,11,7
050,24,017,Maryland,Charles County,2,3,12133,6168,5965,1836,1720,3448,3336,46,69,206,207,12,13,620,620,2343,2232,3890,3789,229,256,380,372,26,37,5522,5373,1470,1386,3293,3225,21,26,196,196,10,7,532,533,1905,1822,3676,3618,162,171,354,349,23,24,646,592,366,334,155,111,25,43,10,11,2,6,88,87,438,410,214,171,67,85,26,23,3,13
050,24,017,Maryland,Charles County,2,4,11653,6024,5629,1883,1714,3343,3113,44,59,193,196,3,12,558,535,2334,2141,3731,3496,227,230,341,342,16,29,5478,5111,1574,1421,3226,3003,19,35,184,182,2,10,473,460,1954,1786,3563,3336,158,171,317,314,12,24,546,518,309,293,117,110,25,24,9,14,1,2,85,75,380,355,168,160,69,59,24,28,4,5
050,24,017,Maryland,Charles County,2,5,10181,5252,4929,1889,1638,2763,2653,51,66,169,188,2,2,378,382,2190,1943,3024,2919,180,195,272,297,17,18,4808,4557,1613,1407,2669,2579,29,46,163,178,1,0,333,347,1874,1683,2901,2824,135,154,259,280,13,13,444,372,276,231,94,74,22,20,6,10,1,2,45,35,316,260,123,95,45,41,13,17,4,5
050,24,017,Maryland,Charles County,2,6,10063,4864,5199,1848,1755,2513,2854,64,60,141,169,4,2,294,359,2078,2042,2706,3096,176,190,219,255,15,17,4445,4703,1603,1439,2425,2759,28,33,134,160,4,2,251,310,1799,1685,2594,2971,116,139,207,239,13,14,419,496,245,316,88,95,36,27,7,9,0,0,43,49,279,357,112,125,60,51,12,16,2,3
050,24,017,Maryland,Charles County,2,7,10517,4978,5539,2012,1986,2421,2926,72,57,175,222,13,10,285,338,2232,2244,2596,3147,196,206,242,307,25,26,4478,5029,1690,1679,2348,2818,21,27,165,210,10,10,244,285,1877,1895,2499,3005,121,147,228,291,20,22,500,510,322,307,73,108,51,30,10,12,3,0,41,53,355,349,97,142,75,59,14,16,5,4
050,24,017,Maryland,Charles County,2,8,11098,5043,6055,2044,2090,2496,3337,61,62,203,249,5,9,234,308,2223,2315,2635,3540,168,208,262,320,18,21,4570,5529,1729,1760,2431,3217,27,34,194,240,5,9,184,269,1866,1953,2541,3399,105,156,248,308,15,18,473,526,315,330,65,120,34,28,9,9,0,0,50,39,357,362,94,141,63,52,14,12,3,3
050,24,017,Maryland,Charles County,2,9,10471,4720,5751,1755,1802,2483,3284,66,70,188,282,4,7,224,306,1925,2023,2613,3486,178,221,248,352,16,23,4333,5321,1494,1527,2418,3203,31,42,186,271,4,6,200,272,1641,1720,2539,3386,127,176,241,336,15,16,387,430,261,275,65,81,35,28,2,11,0,1,24,34,284,303,74,100,51,45,7,16,1,7
050,24,017,Maryland,Charles County,2,10,11568,5197,6371,1845,1944,2888,3768,67,69,195,312,6,1,196,277,1980,2137,2998,3941,170,212,247,381,19,14,4878,6018,1641,1739,2835,3688,38,46,187,309,5,1,172,235,1756,1899,2936,3839,126,162,235,369,15,11,319,353,204,205,53,80,29,23,8,3,1,0,24,42,224,238,62,102,44,50,12,12,4,3
050,24,017,Maryland,Charles County,2,11,13000,6023,6977,2377,2504,3155,3851,67,79,212,263,7,12,205,268,2519,2694,3273,4021,178,237,258,311,20,20,5753,6645,2210,2308,3105,3781,46,59,203,258,3,6,186,233,2338,2469,3213,3932,144,193,247,303,15,14,270,332,167,196,50,70,21,20,9,5,4,6,19,35,181,225,60,89,34,44,11,8,5,6
050,24,017,Maryland,Charles County,2,12,13123,6147,6976,2876,2934,2880,3509,64,64,152,236,16,2,159,231,2991,3094,2966,3658,159,208,184,278,28,13,5931,6712,2733,2745,2851,3466,48,47,149,235,11,2,139,217,2831,2894,2930,3609,128,181,177,273,22,13,216,264,143,189,29,43,16,17,3,1,5,0,20,14,160,200,36,49,31,27,7,5,6,0
050,24,017,Maryland,Charles County,2,13,10449,4953,5496,2591,2580,2039,2501,53,49,155,219,9,4,106,143,2665,2677,2096,2591,119,139,173,242,13,11,4821,5324,2494,2447,2021,2479,47,36,154,219,8,4,97,139,2560,2541,2073,2569,109,124,171,240,11,10,132,172,97,133,18,22,6,13,1,0,1,0,9,4,105,136,23,22,10,15,2,2,2,1
050,24,017,Maryland,Charles County,2,14,7639,3425,4214,1926,2042,1268,1821,35,37,116,208,4,1,76,105,1981,2114,1305,1888,80,104,132,222,8,4,3323,4111,1859,1965,1249,1801,25,32,116,208,4,1,70,104,1908,2036,1283,1867,68,99,131,222,8,4,102,103,67,77,19,20,10,5,0,0,0,0,6,1,73,78,22,21,12,5,1,0,0,0
050,24,017,Maryland,Charles County,2,15,5916,2607,3309,1561,1728,904,1377,19,23,86,115,5,6,32,60,1584,1769,919,1418,37,60,92,123,8,9,2560,3234,1529,1671,895,1363,14,21,85,115,5,5,32,59,1552,1711,910,1404,32,57,91,123,8,8,47,75,32,57,9,14,5,2,1,0,0,1,0,1,32,58,9,14,5,3,1,0,0,1
050,24,017,Maryland,Charles County,2,16,4100,1785,2315,1137,1323,564,836,7,21,39,74,3,1,35,60,1162,1368,586,876,28,60,45,81,6,3,1757,2253,1111,1281,564,827,7,21,39,69,3,1,33,54,1135,1320,585,863,27,57,44,76,6,2,28,62,26,42,0,9,0,0,0,5,0,0,2,6,27,48,1,13,1,3,1,5,0,1
050,24,017,Maryland,Charles County,2,17,2355,962,1393,626,797,290,509,10,19,16,40,1,0,19,28,640,814,299,526,19,34,22,46,2,1,945,1358,615,776,285,503,10,16,16,37,1,0,18,26,629,792,293,518,18,30,22,43,2,1,17,35,11,21,5,6,0,3,0,3,0,0,1,2,11,22,6,8,1,4,0,3,0,0
050,24,017,Maryland,Charles County,2,18,1978,659,1319,458,816,170,411,2,13,24,45,1,0,4,34,461,837,172,436,4,34,25,50,1,1,648,1295,449,800,169,411,1,7,24,45,1,0,4,32,452,821,171,435,3,27,25,49,1,0,11,24,9,16,1,0,1,6,0,0,0,0,0,2,9,16,1,1,1,7,0,1,0,1
050,24,017,Maryland,Charles County,3,0,168826,80188,88638,31598,32100,40287,46885,874,896,2672,3398,115,87,4642,5272,35270,36182,43364,50497,2598,2985,3919,4733,284,276,73935,82090,27815,28194,39096,45540,433,512,2560,3290,89,66,3942,4488,30900,31624,41745,48653,1811,2215,3680,4482,223,210,6253,6548,3783,3906,1191,1345,441,384,112,108,26,21,700,784,4370,4558,1619,1844,787,770,239,251,61,66
050,24,017,Maryland,Charles County,3,1,9760,4906,4854,1581,1537,2511,2503,64,47,153,171,3,2,594,594,2087,2042,2936,2937,197,193,331,352,21,26,4258,4183,1247,1214,2367,2354,9,9,140,155,2,2,493,449,1666,1592,2722,2683,105,98,301,307,14,17,648,671,334,323,144,149,55,38,13,16,1,0,101,145,421,450,214,254,92,95,30,45,7,9
050,24,017,Maryland,Charles County,3,2,10769,5557,5212,1709,1590,2996,2867,57,44,177,147,15,4,603,560,2212,2058,3429,3270,215,196,354,300,35,23,4909,4597,1370,1267,2864,2726,20,12,164,147,11,2,480,443,1769,1637,3216,3048,128,114,313,281,21,16,648,615,339,323,132,141,37,32,13,0,4,2,123,117,443,421,213,222,87,82,41,19,14,7
050,24,017,Maryland,Charles County,3,3,12309,6279,6030,1817,1679,3581,3452,41,76,211,202,10,16,619,605,2326,2176,4023,3898,220,251,385,370,28,33,5584,5393,1427,1323,3419,3328,16,25,196,189,6,10,520,518,1851,1745,3798,3713,148,159,351,342,21,23,695,637,390,356,162,124,25,51,15,13,4,6,99,87,475,431,225,185,72,92,34,28,7,10
050,24,017,Maryland,Charles County,3,4,11669,5995,5674,1822,1688,3366,3166,48,57,194,199,5,7,560,557,2279,2132,3760,3560,226,238,348,343,20,23,5403,5123,1479,1384,3241,3048,17,28,185,183,4,5,477,475,1864,1761,3586,3389,154,167,320,317,15,17,592,551,343,304,125,118,31,29,9,16,1,2,83,82,415,371,174,171,72,71,28,26,5,6
050,24,017,Maryland,Charles County,3,5,10450,5364,5086,1910,1668,2833,2759,57,64,175,202,3,3,386,390,2218,1974,3093,3038,183,190,286,316,18,14,4861,4647,1590,1405,2735,2662,29,40,168,191,1,2,338,347,1858,1677,2964,2915,134,148,270,293,12,11,503,439,320,263,98,97,28,24,7,11,2,1,48,43,360,297,129,123,49,42,16,23,6,3
050,24,017,Maryland,Charles County,3,6,9913,4797,5116,1804,1668,2518,2866,42,63,159,179,2,2,272,338,2017,1936,2697,3097,147,184,234,268,17,14,4382,4622,1544,1347,2424,2778,28,38,151,172,2,1,233,286,1727,1573,2582,2977,110,132,220,250,15,9,415,494,260,321,94,88,14,25,8,7,0,1,39,52,290,363,115,120,37,52,14,18,2,5
050,24,017,Maryland,Charles County,3,7,10840,5140,5700,1987,2013,2615,3062,74,40,181,231,15,12,268,342,2196,2278,2779,3288,186,180,252,317,25,23,4593,5157,1637,1669,2525,2946,15,21,172,221,12,12,232,288,1818,1889,2670,3140,108,128,237,299,20,23,547,543,350,344,90,116,59,19,9,10,3,0,36,54,378,389,109,148,78,52,15,18,5,0
050,24,017,Maryland,Charles County,3,8,11357,5200,6157,2075,2112,2604,3466,80,55,193,224,5,3,243,297,2259,2327,2753,3659,193,197,258,298,17,17,4687,5581,1750,1736,2526,3336,34,31,181,217,5,2,191,259,1891,1922,2641,3508,118,154,238,284,14,10,513,576,325,376,78,130,46,24,12,7,0,1,52,38,368,405,112,151,75,43,20,14,3,7
050,24,017,Maryland,Charles County,3,9,10893,4932,5961,1799,1827,2624,3432,79,80,200,296,5,11,225,315,1961,2050,2757,3636,192,241,251,364,17,27,4483,5475,1507,1529,2549,3338,32,43,196,283,5,10,194,272,1645,1716,2665,3515,124,177,243,345,17,22,449,486,292,298,75,94,47,37,4,13,0,1,31,43,316,334,92,121,68,64,8,19,0,5
050,24,017,Maryland,Charles County,3,10,11005,4921,6084,1730,1818,2751,3619,53,74,192,293,5,1,190,279,1865,2020,2866,3795,157,220,243,362,11,10,4577,5697,1494,1591,2707,3534,22,46,187,291,4,1,163,234,1606,1758,2809,3685,107,165,236,352,9,8,344,387,236,227,44,85,31,28,5,2,1,0,27,45,259,262,57,110,50,55,7,10,2,2
050,24,017,Maryland,Charles County,3,11,12997,5995,7002,2236,2361,3246,4011,79,67,211,272,3,11,220,280,2395,2561,3370,4185,201,231,263,329,15,25,5705,6670,2055,2175,3190,3943,53,40,199,268,3,5,205,239,2202,2341,3306,4096,165,176,249,320,15,18,290,332,181,186,56,68,26,27,12,4,0,6,15,41,193,220,64,89,36,55,14,9,0,7
050,24,017,Maryland,Charles County,3,12,13154,6124,7030,2708,2794,2991,3707,66,57,167,230,19,3,173,239,2832,2963,3089,3858,172,203,196,275,23,7,5906,6726,2568,2579,2964,3653,52,40,164,229,11,3,147,222,2670,2734,3050,3796,140,176,190,270,15,7,218,304,140,215,27,54,14,17,3,1,8,0,26,17,162,229,39,62,32,27,6,5,8,0
050,24,017,Maryland,Charles County,3,13,10796,5142,5654,2605,2560,2199,2639,53,48,166,244,10,4,109,159,2684,2673,2254,2733,120,141,186,273,15,11,4977,5479,2490,2430,2174,2612,41,37,165,244,8,4,99,152,2559,2537,2225,2704,102,127,184,271,13,10,165,175,115,130,25,27,12,11,1,0,2,0,10,7,125,136,29,29,18,14,2,2,2,1
050,24,017,Maryland,Charles County,3,14,7962,3566,4396,1934,2086,1387,1938,36,45,126,202,4,1,79,124,1991,2170,1434,2018,84,122,139,223,6,4,3456,4274,1863,1994,1362,1920,28,34,126,202,4,1,73,123,1916,2077,1404,2000,73,111,138,222,6,4,110,122,71,92,25,18,8,11,0,0,0,0,6,1,75,93,30,18,11,11,1,1,0,0
050,24,017,Maryland,Charles County,3,15,6252,2755,3497,1611,1719,993,1540,21,25,89,142,4,6,37,65,1636,1761,1014,1584,44,67,98,153,6,10,2700,3420,1574,1667,983,1519,15,23,88,142,4,5,36,64,1598,1709,1004,1563,37,65,97,152,6,8,55,77,37,52,10,21,6,2,1,0,0,1,1,1,38,52,10,21,7,2,1,1,0,2
050,24,017,Maryland,Charles County,3,16,4182,1813,2369,1150,1358,577,865,7,21,40,68,2,1,37,56,1175,1395,600,899,32,56,49,79,3,5,1784,2297,1125,1301,576,859,6,21,40,63,2,1,35,52,1149,1335,599,892,30,54,47,72,3,5,29,72,25,57,1,6,1,0,0,5,0,0,2,4,26,60,1,7,2,2,2,7,0,0
050,24,017,Maryland,Charles County,3,17,2518,1024,1494,640,821,329,564,15,18,14,52,3,0,23,39,655,843,341,590,26,39,21,62,4,4,1004,1456,626,802,324,556,15,15,14,49,3,0,22,34,640,820,335,579,26,34,21,57,4,2,20,38,14,19,5,8,0,3,0,3,0,0,1,5,15,23,6,11,0,5,0,5,0,2
050,24,017,Maryland,Charles County,3,18,2000,678,1322,480,801,166,429,2,15,24,44,2,0,4,33,482,823,169,452,3,36,25,49,3,0,666,1293,469,781,166,428,1,9,24,44,2,0,4,31,471,801,169,450,2,30,25,48,3,0,12,29,11,20,0,1,1,6,0,0,0,0,0,2,11,22,0,2,1,6,0,1,0,0
050,24,017,Maryland,Charles County,4,0,170246,80856,89390,30883,31418,41368,48073,912,956,2710,3494,114,93,4869,5356,34732,35567,44622,51768,2702,3062,4034,4865,279,279,74032,82454,26729,27234,40082,46711,425,520,2611,3387,86,70,4099,4532,29938,30711,42852,49865,1824,2223,3804,4608,216,209,6824,6936,4154,4184,1286,1362,487,436,99,107,28,23,770,824,4794,4856,1770,1903,878,839,230,257,63,70
050,24,017,Maryland,Charles County,4,1,9912,5066,4846,1614,1512,2561,2498,58,57,150,174,5,3,678,602,2189,2019,3050,2939,211,199,358,362,24,18,4344,4169,1244,1162,2400,2360,8,11,136,158,3,2,553,476,1714,1563,2797,2707,115,103,316,319,17,13,722,677,370,350,161,138,50,46,14,16,2,1,125,126,475,456,253,232,96,96,42,43,7,5
050,24,017,Maryland,Charles County,4,2,10745,5507,5238,1672,1507,2966,2938,66,60,165,169,12,4,626,560,2195,1982,3417,3343,228,209,348,328,29,23,4793,4600,1283,1189,2824,2799,18,12,156,166,9,2,503,432,1703,1552,3189,3112,130,109,318,300,20,16,714,638,389,318,142,139,48,48,9,3,3,2,123,128,492,430,228,231,98,100,30,28,9,7
050,24,017,Maryland,Charles County,4,3,12240,6274,5966,1784,1636,3579,3418,58,57,213,229,5,14,635,612,2304,2132,4034,3867,235,230,392,402,21,30,5557,5293,1380,1252,3419,3291,22,16,206,216,0,9,530,509,1813,1663,3802,3670,152,143,367,369,12,20,717,673,404,384,160,127,36,41,7,13,5,5,105,103,491,469,232,197,83,87,25,33,9,10
050,24,017,Maryland,Charles County,4,4,11784,6031,5753,1775,1669,3450,3240,59,62,191,225,6,8,550,549,2219,2110,3840,3629,235,232,342,371,22,24,5391,5165,1400,1333,3315,3117,18,34,180,212,5,6,473,463,1782,1703,3657,3452,155,164,318,345,18,18,640,588,375,336,135,123,41,28,11,13,1,2,77,86,437,407,183,177,80,68,24,26,4,6
050,24,017,Maryland,Charles County,4,5,10381,5393,4988,1801,1623,2929,2693,64,75,181,195,4,4,414,398,2133,1938,3209,2974,210,201,295,306,17,23,4849,4518,1486,1341,2813,2598,30,44,174,183,2,2,344,350,1757,1619,3050,2847,138,148,276,281,11,16,544,470,315,282,116,95,34,31,7,12,2,2,70,48,376,319,159,127,72,53,19,25,6,7
050,24,017,Maryland,Charles County,4,6,9814,4847,4967,1831,1610,2502,2781,28,52,173,177,2,2,311,345,2080,1879,2704,3022,142,171,260,265,12,17,4344,4476,1496,1269,2406,2704,18,31,163,175,1,0,260,297,1700,1502,2579,2912,105,125,239,253,10,11,503,491,335,341,96,77,10,21,10,2,1,2,51,48,380,377,125,110,37,46,21,12,2,6
050,24,017,Maryland,Charles County,4,7,11082,5172,5910,1910,1979,2714,3288,80,69,176,212,14,13,278,349,2121,2252,2892,3520,190,214,250,302,26,34,4638,5322,1567,1620,2625,3165,21,30,167,200,11,13,247,294,1755,1849,2785,3361,114,145,237,282,20,28,534,588,343,359,89,123,59,39,9,12,3,0,31,55,366,403,107,159,76,69,13,20,6,6
050,24,017,Maryland,Charles County,4,8,11636,5430,6206,2119,2073,2775,3529,93,66,177,227,2,4,264,307,2318,2301,2939,3731,210,212,250,305,17,13,4803,5604,1704,1672,2684,3416,27,29,170,220,2,3,216,264,1866,1866,2820,3594,115,147,236,292,13,11,627,602,415,401,91,113,66,37,7,7,0,1,48,43,452,435,119,137,95,65,14,13,4,2
050,24,017,Maryland,Charles County,4,9,11156,5125,6031,1848,1832,2755,3483,71,75,213,320,11,10,227,311,2017,2055,2894,3692,188,237,268,393,19,22,4629,5491,1528,1502,2664,3365,36,38,209,307,11,10,181,269,1658,1690,2778,3546,121,173,258,378,18,20,496,540,320,330,91,118,35,37,4,13,0,0,46,42,359,365,116,146,67,64,10,15,1,2
050,24,017,Maryland,Charles County,4,10,10865,4816,6049,1646,1779,2708,3624,57,79,210,279,4,3,191,285,1781,1977,2825,3807,160,229,260,355,10,15,4458,5624,1401,1509,2667,3537,16,50,206,278,3,2,165,248,1516,1682,2772,3701,102,178,254,345,7,11,358,425,245,270,41,87,41,29,4,1,1,1,26,37,265,295,53,106,58,51,6,10,3,4
050,24,017,Maryland,Charles County,4,11,12777,5817,6960,2046,2219,3288,4099,74,60,206,289,4,9,199,284,2187,2420,3402,4277,184,226,256,342,12,14,5503,6608,1848,2030,3218,4025,57,39,193,284,4,5,183,225,1974,2181,3327,4170,155,167,241,333,12,8,314,352,198,189,70,74,17,21,13,5,0,4,16,59,213,239,75,107,29,59,15,9,0,6
050,24,017,Maryland,Charles County,4,12,13051,6004,7047,2529,2662,3037,3842,59,57,169,229,16,4,194,253,2667,2844,3148,4000,178,208,207,276,27,11,5760,6723,2364,2443,3013,3781,40,38,168,227,10,2,165,232,2479,2606,3111,3928,137,179,201,269,19,7,244,324,165,219,24,61,19,19,1,2,6,2,29,21,188,238,37,72,41,29,6,7,8,4
050,24,017,Maryland,Charles County,4,13,10944,5163,5781,2499,2513,2329,2808,54,54,159,246,12,7,110,153,2575,2617,2388,2908,124,145,183,274,16,13,4994,5590,2390,2370,2301,2781,41,42,157,246,8,7,97,144,2455,2470,2353,2876,103,130,180,270,12,10,169,191,109,143,28,27,13,12,2,0,4,0,13,9,120,147,35,32,21,15,3,4,4,3
050,24,017,Maryland,Charles County,4,14,8330,3739,4591,1910,2082,1564,2144,47,47,140,198,5,0,73,120,1964,2158,1601,2224,91,121,154,221,7,2,3632,4439,1835,1973,1542,2120,40,31,140,198,5,0,70,117,1886,2047,1578,2198,83,104,153,220,7,2,107,152,75,109,22,24,7,16,0,0,0,0,3,3,78,111,23,26,8,17,1,1,0,0
050,24,017,Maryland,Charles County,4,15,6243,2718,3525,1521,1628,1029,1626,18,26,99,159,0,7,51,79,1555,1684,1058,1675,51,77,106,173,3,13,2645,3457,1472,1584,1015,1608,12,24,99,159,0,6,47,76,1503,1637,1042,1657,42,73,106,172,3,12,73,68,49,44,14,18,6,2,0,0,0,1,4,3,52,47,16,18,9,4,0,1,0,1
050,24,017,Maryland,Charles County,4,16,4528,1928,2600,1207,1443,628,1003,9,23,42,62,7,1,35,68,1231,1493,647,1051,29,64,53,70,10,3,1897,2521,1183,1377,627,997,6,23,41,58,7,1,33,65,1205,1425,644,1042,24,64,52,66,10,2,31,79,24,66,1,6,3,0,1,4,0,0,2,3,26,68,3,9,5,0,1,4,0,1
050,24,017,Maryland,Charles County,4,17,2676,1108,1568,674,844,373,602,16,23,19,62,3,0,23,37,694,869,387,627,29,46,23,68,4,2,1090,1524,663,819,368,595,15,20,19,58,3,0,22,32,682,841,381,616,27,39,23,64,4,2,18,44,11,25,5,7,1,3,0,4,0,0,1,5,12,28,6,11,2,7,0,4,0,0
050,24,017,Maryland,Charles County,4,18,2082,718,1364,497,807,181,457,1,14,27,42,2,0,10,44,502,837,187,482,7,41,29,52,3,2,705,1330,485,789,181,452,0,8,27,42,2,0,10,39,490,815,187,476,6,32,29,50,3,2,13,34,12,18,0,5,1,6,0,0,0,0,0,5,12,22,0,6,1,9,0,2,0,0
050,24,017,Maryland,Charles County,5,0,172174,81422,90752,30542,31108,42209,49455,919,987,2780,3594,114,104,4858,5504,34383,35373,45468,53242,2673,3122,4131,5017,293,305,74305,83261,26128,26633,40863,47951,416,497,2672,3483,86,77,4140,4620,29369,30166,43665,51156,1829,2207,3886,4743,224,230,7117,7491,4414,4475,1346,1504,503,490,108,111,28,27,718,884,5014,5207,1803,2086,844,915,245,274,69,75
050,24,017,Maryland,Charles County,5,1,9720,4896,4824,1541,1492,2452,2490,75,41,170,175,5,5,653,621,2092,2017,2929,2934,214,189,369,370,23,25,4179,4114,1168,1123,2300,2339,8,8,149,160,3,4,551,480,1633,1527,2698,2682,113,100,328,321,16,17,717,710,373,369,152,151,67,33,21,15,2,1,102,141,459,490,231,252,101,89,41,49,7,8
050,24,017,Maryland,Charles County,5,2,10886,5521,5365,1708,1506,3026,3002,62,61,152,188,5,5,568,603,2186,2015,3433,3441,207,225,327,364,25,21,4766,4659,1280,1151,2854,2845,14,13,145,180,5,3,468,467,1670,1540,3193,3185,118,124,296,328,16,14,755,706,428,355,172,157,48,48,7,8,0,2,100,136,516,475,240,256,89,101,31,36,9,7
050,24,017,Maryland,Charles County,5,3,12112,6232,5880,1756,1636,3583,3362,58,60,215,233,13,9,607,580,2261,2113,4021,3780,235,222,399,400,31,23,5502,5160,1341,1222,3420,3218,20,16,206,220,6,6,509,478,1762,1609,3789,3567,148,137,371,368,21,16,730,720,415,414,163,144,38,44,9,13,7,3,98,102,499,504,232,213,87,85,28,32,10,7
050,24,017,Maryland,Charles County,5,4,12030,6120,5910,1796,1664,3498,3366,46,75,187,221,7,12,586,572,2267,2126,3920,3778,222,248,349,378,24,32,5421,5243,1365,1284,3339,3231,21,28,179,216,5,8,512,476,1777,1668,3714,3579,163,157,325,357,19,22,699,667,431,380,159,135,25,47,8,5,2,4,74,96,490,458,206,199,59,91,24,21,5,10
050,24,017,Maryland,Charles County,5,5,10458,5380,5078,1751,1577,2936,2795,76,74,186,189,2,5,429,438,2094,1929,3236,3106,218,218,307,313,18,20,4804,4557,1410,1282,2835,2696,28,34,177,174,2,3,352,368,1689,1577,3081,2959,134,143,285,285,12,14,576,521,341,295,101,99,48,40,9,15,0,2,77,70,405,352,155,147,84,75,22,28,6,6
050,24,017,Maryland,Charles County,5,6,9943,4913,5030,1837,1629,2540,2795,38,58,176,188,3,7,319,353,2088,1915,2752,3038,147,181,268,277,20,21,4438,4502,1502,1285,2461,2702,24,33,173,181,1,1,277,300,1718,1528,2649,2912,116,129,258,262,14,11,475,528,335,344,79,93,14,25,3,7,2,6,42,53,370,387,103,126,31,52,10,15,6,10
050,24,017,Maryland,Charles County,5,7,10966,5157,5809,1837,1903,2780,3271,62,64,175,219,7,11,296,341,2068,2168,2965,3496,181,203,253,307,19,28,4617,5197,1502,1511,2681,3152,24,31,159,210,4,11,247,282,1693,1726,2838,3343,118,137,229,289,12,24,540,612,335,392,99,119,38,33,16,9,3,0,49,59,375,442,127,153,63,66,24,18,7,4
050,24,017,Maryland,Charles County,5,8,11867,5481,6386,2051,2086,2892,3634,82,73,180,257,7,8,269,328,2255,2329,3055,3853,197,217,262,342,17,22,4861,5737,1622,1674,2815,3503,24,23,170,246,6,7,224,284,1791,1881,2953,3696,115,145,243,324,14,18,620,649,429,412,77,131,58,50,10,11,1,1,45,44,464,448,102,157,82,72,19,18,3,4
050,24,017,Maryland,Charles County,5,9,11545,5290,6255,1940,1902,2832,3666,78,61,214,323,13,11,213,292,2098,2108,2961,3861,183,206,270,392,20,25,4732,5670,1568,1530,2723,3530,40,26,212,313,13,11,176,260,1696,1714,2831,3704,124,151,263,377,18,22,558,585,372,372,109,136,38,35,2,10,0,0,37,32,402,394,130,157,59,55,7,15,2,3
050,24,017,Maryland,Charles County,5,10,10927,4904,6023,1670,1735,2740,3633,59,97,236,263,1,3,198,292,1814,1938,2853,3823,159,245,291,338,6,14,4486,5564,1394,1443,2675,3556,12,52,233,260,0,2,172,251,1514,1615,2777,3722,100,176,282,328,5,10,418,459,276,292,65,77,47,45,3,3,1,1,26,41,300,323,76,101,59,69,9,10,1,4
050,24,017,Maryland,Charles County,5,11,12522,5676,6846,1935,2066,3276,4121,72,68,198,307,6,3,189,281,2069,2263,3390,4302,176,220,240,370,13,16,5330,6446,1720,1864,3205,4014,47,39,183,302,6,3,169,224,1839,2017,3307,4160,136,155,223,358,13,13,346,400,215,202,71,107,25,29,15,5,0,0,20,57,230,246,83,142,40,65,17,12,0,3
050,24,017,Maryland,Charles County,5,12,12921,5887,7034,2349,2501,3105,3967,45,55,190,227,15,10,183,274,2478,2690,3210,4141,151,218,230,277,23,23,5660,6721,2188,2300,3072,3904,37,40,189,225,9,4,165,248,2302,2469,3170,4061,129,187,225,270,17,16,227,313,161,201,33,63,8,15,1,2,6,6,18,26,176,221,40,80,22,31,5,7,6,7
050,24,017,Maryland,Charles County,5,13,11365,5351,6014,2505,2493,2473,3038,73,64,156,240,10,8,134,171,2599,2609,2551,3147,152,165,181,269,18,14,5158,5791,2389,2329,2445,3007,48,44,153,240,6,8,117,163,2470,2439,2513,3112,118,141,176,267,13,13,193,223,116,164,28,31,25,20,3,0,4,0,17,8,129,170,38,35,34,24,5,2,5,1
050,24,017,Maryland,Charles County,5,14,8697,3907,4790,1930,2108,1694,2306,47,45,145,208,9,0,82,123,1989,2189,1738,2386,99,125,158,228,13,3,3785,4625,1844,1985,1675,2282,36,31,145,208,9,0,76,119,1897,2062,1717,2362,85,108,157,227,12,3,122,165,86,123,19,24,11,14,0,0,0,0,6,4,92,127,21,24,14,17,1,1,1,0
050,24,017,Maryland,Charles County,5,15,6326,2736,3590,1493,1618,1067,1685,18,25,96,166,0,5,62,91,1538,1680,1097,1745,59,83,107,178,6,6,2658,3512,1437,1564,1056,1667,11,22,96,166,0,5,58,88,1478,1623,1086,1726,48,78,106,178,6,6,78,78,56,54,11,18,7,3,0,0,0,0,4,3,60,57,11,19,11,5,1,0,0,0
050,24,017,Maryland,Charles County,5,16,4796,2031,2765,1212,1442,708,1156,11,23,59,76,7,1,34,67,1237,1491,727,1197,33,65,67,86,10,5,1994,2698,1185,1383,705,1151,7,23,58,74,7,0,32,67,1209,1432,724,1192,27,65,66,84,9,4,37,67,27,59,3,5,4,0,1,2,0,1,2,0,28,59,3,5,6,0,1,2,1,1
050,24,017,Maryland,Charles County,5,17,2877,1181,1696,723,916,394,661,15,26,21,54,2,1,26,38,736,934,411,684,32,51,27,61,5,5,1169,1643,716,886,390,652,15,23,21,50,2,1,25,31,728,900,407,671,31,42,27,57,5,5,12,53,7,30,4,9,0,3,0,4,0,0,1,7,8,34,4,13,1,9,0,4,0,0
050,24,017,Maryland,Charles County,5,18,2216,759,1457,508,834,213,507,2,17,24,60,2,0,10,39,514,859,219,530,8,41,26,67,2,2,745,1422,497,817,212,502,0,11,24,58,2,0,10,34,503,839,218,523,6,32,26,63,2,2,14,35,11,17,1,5,2,6,0,2,0,0,0,5,11,20,1,7,2,9,0,4,0,0
050,24,017,Maryland,Charles County,6,0,174499,82601,91898,30258,30921,43531,50465,985,986,2851,3727,111,106,4865,5693,34091,35345,46797,54409,2715,3169,4185,5193,293,317,74902,83901,25480,26087,42057,48897,411,500,2736,3608,85,76,4133,4733,28703,29714,44851,52196,1797,2223,3944,4895,231,232,7699,7997,4778,4834,1474,1568,574,486,115,119,26,30,732,960,5388,5631,1946,2213,918,946,241,298,62,85
050,24,017,Maryland,Charles County,6,1,9676,4948,4728,1564,1465,2545,2383,80,44,161,188,3,6,595,642,2068,2004,2975,2854,216,207,351,387,17,20,4165,3992,1156,1096,2362,2228,6,10,139,171,1,5,501,482,1580,1498,2723,2579,111,111,309,334,10,15,783,736,408,369,183,155,74,34,22,17,2,1,94,160,488,506,252,275,105,96,42,53,7,5
050,24,017,Maryland,Charles County,6,2,10974,5552,5422,1686,1495,3021,3058,83,51,159,209,7,4,596,605,2183,2006,3449,3499,225,206,341,384,24,26,4726,4696,1217,1104,2844,2886,15,14,151,198,7,3,492,491,1626,1518,3199,3244,119,128,315,354,18,15,826,726,469,391,177,172,68,37,8,11,0,1,104,114,557,488,250,255,106,78,26,30,6,11
050,24,017,Maryland,Charles County,6,3,12132,6224,5908,1727,1670,3634,3344,58,53,217,248,9,5,579,588,2200,2149,4053,3771,224,216,381,418,23,24,5494,5112,1320,1218,3471,3185,18,12,208,235,2,3,475,459,1709,1587,3816,3523,133,122,358,376,11,15,730,796,407,452,163,159,40,41,9,13,7,2,104,129,491,562,237,248,91,94,23,42,12,9
050,24,017,Maryland,Charles County,6,4,12118,6137,5981,1769,1622,3548,3433,56,93,201,224,7,17,556,592,2220,2099,3951,3863,217,266,352,384,24,40,5348,5246,1282,1195,3367,3297,22,34,189,219,5,10,483,491,1673,1592,3719,3659,150,161,326,364,22,26,789,735,487,427,181,136,34,59,12,5,2,7,73,101,547,507,232,204,67,105,26,20,2,14
050,24,017,Maryland,Charles County,6,5,10547,5477,5070,1702,1535,3015,2850,72,64,196,188,3,7,489,426,2087,1880,3354,3158,234,203,332,299,21,22,4830,4534,1302,1226,2904,2745,25,29,185,174,3,4,411,356,1623,1511,3194,3004,148,132,306,274,16,14,647,536,400,309,111,105,47,35,11,14,0,3,78,70,464,369,160,154,86,71,26,25,5,8
050,24,017,Maryland,Charles County,6,6,10153,5054,5099,1889,1724,2655,2749,47,62,159,198,2,8,302,358,2127,2010,2858,2997,146,183,244,287,17,18,4534,4539,1513,1351,2566,2663,31,32,156,191,2,1,266,301,1720,1594,2748,2873,113,125,234,270,15,8,520,560,376,373,89,86,16,30,3,7,0,7,36,57,407,416,110,124,33,58,10,17,2,10
050,24,017,Maryland,Charles County,6,7,11061,5199,5862,1784,1855,2905,3346,59,52,175,217,4,6,272,386,1998,2153,3077,3604,164,204,251,315,15,22,4656,5169,1445,1404,2799,3215,20,27,160,208,3,6,229,309,1624,1639,2944,3425,103,137,229,295,12,18,543,693,339,451,106,131,39,25,15,9,1,0,43,77,374,514,133,179,61,67,22,20,3,4
050,24,017,Maryland,Charles County,6,8,12113,5671,6442,2035,2060,3045,3692,98,66,189,265,11,11,293,348,2266,2321,3225,3924,223,220,266,361,25,23,5001,5790,1586,1645,2955,3569,24,22,182,253,8,10,246,291,1776,1861,3109,3765,121,143,254,337,21,18,670,652,449,415,90,123,74,44,7,12,3,1,47,57,490,460,116,159,102,77,12,24,4,5
050,24,017,Maryland,Charles County,6,9,12035,5469,6566,2005,2003,2923,3821,84,76,227,327,10,11,220,328,2168,2238,3052,4040,190,234,281,410,22,27,4876,5915,1612,1584,2817,3684,38,30,223,318,10,11,176,288,1738,1789,2921,3877,118,164,270,390,19,24,593,651,393,419,106,137,46,46,4,9,0,0,44,40,430,449,131,163,72,70,11,20,3,3
050,24,017,Maryland,Charles County,6,10,10982,4931,6051,1654,1746,2792,3645,53,98,223,278,3,3,206,281,1801,1948,2919,3823,152,239,275,349,10,14,4484,5551,1351,1421,2716,3559,17,56,219,273,3,2,178,240,1473,1588,2829,3715,103,172,267,337,9,11,447,500,303,325,76,86,36,42,4,5,0,1,28,41,328,360,90,108,49,67,8,12,1,3
050,24,017,Maryland,Charles County,6,11,12226,5544,6682,1832,1892,3227,4130,73,63,204,308,5,0,203,289,1972,2098,3349,4313,176,217,254,374,17,9,5155,6280,1603,1675,3140,4021,38,38,192,305,4,0,178,241,1723,1840,3246,4178,126,160,238,363,15,7,389,402,229,217,87,109,35,25,12,3,1,0,25,48,249,258,103,135,50,57,16,11,2,2
050,24,017,Maryland,Charles County,6,12,12733,5810,6923,2191,2354,3173,4001,51,56,208,237,15,12,172,263,2315,2541,3269,4167,147,214,242,281,22,23,5565,6592,2020,2151,3137,3931,42,38,204,234,9,6,153,232,2129,2312,3226,4078,126,177,234,273,15,16,245,331,171,203,36,70,9,18,4,3,6,6,19,31,186,229,43,89,21,37,8,8,7,7
050,24,017,Maryland,Charles County,6,13,11825,5511,6314,2470,2490,2644,3297,74,66,163,249,10,6,150,206,2578,2632,2731,3426,162,188,193,287,16,14,5292,6059,2334,2308,2622,3259,42,44,160,248,6,6,128,194,2422,2441,2697,3382,118,160,188,283,11,12,219,255,136,182,22,38,32,22,3,1,4,0,22,12,156,191,34,44,44,28,5,4,5,2
050,24,017,Maryland,Charles County,6,14,9013,4127,4886,1979,2097,1853,2400,47,49,154,203,10,3,84,134,2036,2185,1896,2489,96,130,174,224,17,10,3993,4729,1886,1978,1829,2385,38,32,154,203,10,3,76,128,1938,2060,1869,2471,84,109,171,224,15,10,134,157,93,119,24,15,9,17,0,0,0,0,8,6,98,125,27,18,12,21,3,0,2,0
050,24,017,Maryland,Charles County,6,15,6518,2790,3728,1470,1653,1130,1785,24,25,94,179,1,3,71,83,1519,1708,1173,1844,71,74,110,189,7,10,2707,3636,1413,1585,1117,1765,15,22,94,179,1,3,67,82,1460,1639,1157,1823,60,71,109,189,6,10,83,92,57,68,13,20,9,3,0,0,0,0,4,1,59,69,16,21,11,3,1,0,1,0
050,24,017,Maryland,Charles County,6,16,4982,2081,2901,1197,1440,759,1275,10,20,75,99,7,3,33,64,1219,1487,779,1313,32,60,81,112,9,7,2037,2832,1165,1386,754,1264,6,20,74,98,7,2,31,62,1185,1431,772,1301,26,59,80,111,9,6,44,69,32,54,5,11,4,0,1,1,0,1,2,2,34,56,7,12,6,1,1,1,0,1
050,24,017,Maryland,Charles County,6,17,3080,1264,1816,775,981,421,704,12,22,24,50,2,1,30,58,793,1020,439,744,29,56,32,62,5,4,1246,1752,758,945,420,694,12,20,24,43,2,1,30,49,776,975,438,727,29,49,32,55,5,4,18,64,17,36,1,10,0,2,0,7,0,0,0,9,17,45,1,17,0,7,0,7,0,0
050,24,017,Maryland,Charles County,6,18,2331,812,1519,529,839,241,552,4,26,22,60,2,0,14,42,541,866,248,580,11,52,25,70,2,4,793,1477,517,815,237,547,2,20,22,58,2,0,13,37,528,839,244,572,9,43,24,66,2,3,19,42,12,24,4,5,2,6,0,2,0,0,1,5,13,27,4,8,2,9,1,4,0,1
050,24,017,Maryland,Charles County,7,0,176593,83621,92972,30089,30810,44425,51406,1032,1014,2963,3809,115,110,4997,5823,34043,35371,47782,55435,2789,3253,4352,5288,303,318,75437,84393,24990,25625,42865,49753,424,496,2836,3668,86,80,4236,4771,28306,29314,45737,53082,1819,2224,4094,4964,237,223,8184,8579,5099,5185,1560,1653,608,518,127,141,29,30,761,1052,5737,6057,2045,2353,970,1029,258,324,66,95
050,24,017,Maryland,Charles County,7,1,9380,4803,4577,1527,1406,2457,2302,104,52,161,193,2,8,552,616,1991,1921,2853,2747,228,206,326,387,19,27,3978,3830,1110,1016,2276,2160,9,11,132,170,1,7,450,466,1491,1406,2600,2497,94,104,276,329,13,19,825,747,417,390,181,142,95,41,29,23,1,1,102,150,500,515,253,250,134,102,50,58,6,8
050,24,017,Maryland,Charles County,7,2,11100,5606,5494,1679,1578,2987,3024,79,36,196,215,9,3,656,638,2234,2118,3460,3488,240,198,399,394,22,29,4711,4691,1176,1141,2797,2848,11,12,180,202,6,3,541,485,1631,1550,3188,3199,126,116,363,353,17,15,895,803,503,437,190,176,68,24,16,13,3,0,115,153,603,568,272,289,114,82,36,41,5,14
050,24,017,Maryland,Charles County,7,3,12197,6255,5942,1718,1670,3625,3356,63,78,210,252,11,5,628,581,2232,2148,4077,3787,231,238,403,415,28,21,5514,5069,1300,1192,3460,3175,18,11,201,242,5,3,530,446,1735,1556,3843,3505,145,115,376,379,19,15,741,873,418,478,165,181,45,67,9,10,6,2,98,135,497,592,234,282,86,123,27,36,9,6
050,24,017,Maryland,Charles County,7,4,12330,6266,6064,1764,1622,3661,3483,64,65,207,235,6,19,564,640,2225,2140,4072,3951,229,254,358,405,24,40,5425,5287,1258,1147,3460,3358,24,26,200,224,4,12,479,520,1647,1568,3813,3743,149,157,340,377,18,27,841,777,506,475,201,125,40,39,7,11,2,7,85,120,578,572,259,208,80,97,18,28,6,13
050,24,017,Maryland,Charles County,7,5,10633,5504,5129,1761,1523,3012,2928,69,73,189,192,2,8,471,405,2139,1845,3343,3214,222,201,320,305,21,27,4793,4544,1279,1192,2910,2800,27,29,177,177,1,5,399,341,1592,1460,3195,3045,148,129,296,274,14,16,711,585,482,331,102,128,42,44,12,15,1,3,72,64,547,385,148,169,74,72,24,31,7,11
050,24,017,Maryland,Charles County,7,6,10292,5151,5141,1840,1678,2750,2819,62,60,177,205,4,9,318,370,2091,1973,2964,3081,172,186,267,300,19,20,4579,4591,1432,1319,2652,2738,31,28,175,195,4,1,285,310,1658,1568,2847,2962,122,123,259,279,15,7,572,550,408,359,98,81,31,32,2,10,0,8,33,60,433,405,117,119,50,63,8,21,4,13
050,24,017,Maryland,Charles County,7,7,10814,5101,5713,1788,1845,2794,3234,66,58,178,196,5,2,270,378,1996,2142,2973,3488,168,209,248,291,18,15,4532,4949,1435,1336,2687,3105,24,26,165,183,3,2,218,297,1603,1569,2831,3306,100,131,227,268,14,10,569,764,353,509,107,129,42,32,13,13,2,0,52,81,393,573,142,182,68,78,21,23,4,5
050,24,017,Maryland,Charles County,7,8,12470,5858,6612,2057,2078,3206,3774,88,80,208,294,13,16,286,370,2279,2363,3380,4023,203,243,293,384,27,27,5165,5889,1584,1638,3102,3634,28,25,199,281,10,15,242,296,1770,1862,3253,3834,121,146,274,363,20,21,693,723,473,440,104,140,60,55,9,13,3,1,44,74,509,501,127,189,82,97,19,21,7,6
050,24,017,Maryland,Charles County,7,9,12419,5658,6761,2028,2038,3055,3967,82,78,245,337,3,6,245,335,2217,2290,3201,4186,193,238,312,413,17,18,5028,6068,1617,1571,2942,3833,34,33,239,332,3,6,193,293,1761,1785,3061,4028,114,167,296,406,13,15,630,693,411,467,113,134,48,45,6,5,0,0,52,42,456,505,140,158,79,71,16,7,4,3
050,24,017,Maryland,Charles County,7,10,11289,5090,6199,1691,1785,2884,3745,64,86,220,277,6,2,225,304,1850,2009,3020,3947,172,242,280,352,16,15,4609,5635,1361,1433,2799,3639,27,44,216,267,6,1,200,251,1499,1614,2922,3809,121,166,273,333,15,11,481,564,330,352,85,106,37,42,4,10,0,1,25,53,351,395,98,138,51,76,7,19,1,4
050,24,017,Maryland,Charles County,7,11,11764,5330,6434,1737,1766,3120,3990,68,73,202,312,5,2,198,291,1879,1978,3232,4170,169,229,254,374,15,13,4932,6018,1490,1537,3034,3876,33,54,194,309,4,2,177,240,1614,1704,3138,4029,120,178,241,365,14,12,398,416,247,229,86,114,35,19,8,3,1,0,21,51,265,274,94,141,49,51,13,9,1,1
050,24,017,Maryland,Charles County,7,12,12647,5785,6862,2060,2263,3277,4021,51,55,211,247,7,14,179,262,2186,2451,3380,4185,150,207,250,303,15,24,5520,6517,1884,2055,3227,3944,43,33,203,245,3,8,160,232,1993,2220,3321,4093,129,167,240,295,10,17,265,345,176,208,50,77,8,22,8,2,4,6,19,30,193,231,59,92,21,40,10,8,5,7
050,24,017,Maryland,Charles County,7,13,12126,5614,6512,2380,2432,2832,3559,63,63,165,232,16,3,158,223,2496,2589,2926,3699,155,194,196,279,22,11,5389,6242,2239,2253,2808,3509,38,39,162,229,11,3,131,209,2332,2401,2885,3642,114,163,191,272,16,9,225,270,141,179,24,50,25,24,3,3,5,0,27,14,164,188,41,57,41,31,5,7,6,2
050,24,017,Maryland,Charles County,7,14,9354,4307,5047,2001,2069,1989,2582,54,56,155,202,11,6,97,132,2067,2153,2042,2670,114,137,176,221,14,12,4166,4880,1902,1946,1968,2560,41,37,155,202,10,6,90,129,1963,2027,2018,2646,96,118,175,220,13,12,141,167,99,123,21,22,13,19,0,0,1,0,7,3,104,126,24,24,18,19,1,1,1,0
050,24,017,Maryland,Charles County,7,15,6830,2933,3897,1511,1715,1218,1853,26,31,105,191,4,1,69,106,1561,1786,1255,1924,69,96,117,207,9,7,2831,3789,1447,1630,1198,1837,14,27,105,191,4,1,63,103,1491,1698,1232,1908,54,90,116,207,9,6,102,108,64,85,20,16,12,4,0,0,0,0,6,3,70,88,23,16,15,6,1,0,0,1
050,24,017,Maryland,Charles County,7,16,5184,2123,3061,1180,1463,815,1390,14,22,84,121,6,5,24,60,1192,1508,831,1427,26,58,91,130,7,6,2081,2985,1151,1409,808,1375,9,20,83,120,6,4,24,57,1163,1451,824,1411,21,54,90,129,7,5,42,76,29,54,7,15,5,2,1,1,0,1,0,3,29,57,7,16,5,4,1,1,0,1
050,24,017,Maryland,Charles County,7,17,3327,1379,1948,827,1031,478,784,6,20,29,46,2,1,37,66,854,1075,495,825,29,62,38,60,6,5,1350,1878,801,989,477,773,6,20,29,40,2,1,35,55,826,1025,494,810,28,54,37,51,6,5,29,70,26,42,1,11,0,0,0,6,0,0,2,11,28,50,1,15,1,8,1,9,0,0
050,24,017,Maryland,Charles County,7,18,2437,858,1579,540,848,265,595,9,28,21,62,3,0,20,46,554,882,278,623,19,55,24,68,4,1,834,1531,524,821,260,589,7,21,21,59,3,0,19,41,537,850,272,615,17,46,24,64,4,1,24,48,16,27,5,6,2,7,0,3,0,0,1,5,17,32,6,8,2,9,0,4,0,0
050,24,019,Maryland,Dorchester County,1,0,32522,15540,16982,10249,10992,4332,5034,157,89,185,194,0,2,617,671,10819,11622,4704,5452,431,322,234,288,20,11,14654,16088,9694,10400,4194,4888,58,34,177,177,0,2,531,587,10181,10951,4519,5249,287,242,213,254,17,5,886,894,555,592,138,146,99,55,8,17,0,0,86,84,638,671,185,203,144,80,21,34,3,6
050,24,019,Maryland,Dorchester County,1,1,1750,884,866,484,477,291,306,3,4,15,1,0,0,91,78,570,554,354,364,31,12,26,15,4,0,787,779,431,423,264,288,0,2,15,1,0,0,77,65,503,487,316,334,23,8,24,15,4,0,97,87,53,54,27,18,3,2,0,0,0,0,14,13,67,67,38,30,8,4,2,0,0,0
050,24,019,Maryland,Dorchester County,1,2,1836,953,883,487,462,360,332,13,6,19,10,0,0,74,73,555,533,419,393,33,15,21,18,1,2,842,793,422,414,349,310,0,2,18,7,0,0,53,60,469,472,392,362,16,8,19,13,1,0,111,90,65,48,11,22,13,4,1,3,0,0,21,13,86,61,27,31,17,7,2,5,0,2
050,24,019,Maryland,Dorchester County,1,3,2119,1042,1077,507,552,403,420,15,8,14,13,0,2,103,82,605,630,472,490,53,19,24,20,8,3,950,972,463,487,391,405,3,0,13,9,0,2,80,69,538,552,451,462,26,11,18,16,5,3,92,105,44,65,12,15,12,8,1,4,0,0,23,13,67,78,21,28,27,8,6,4,3,0
050,24,019,Maryland,Dorchester County,1,4,1823,931,892,535,536,310,268,6,10,21,3,0,0,59,75,594,609,352,323,27,23,23,17,0,0,852,809,474,492,301,254,0,0,19,3,0,0,58,60,532,550,343,304,20,7,21,12,0,0,79,83,61,44,9,14,6,10,2,0,0,0,1,15,62,59,9,19,7,16,2,5,0,0
050,24,019,Maryland,Dorchester County,1,5,1523,773,750,497,439,215,261,8,0,9,14,0,0,44,36,538,470,239,281,31,17,13,19,2,1,724,696,468,401,200,255,6,0,8,14,0,0,42,26,507,425,224,272,29,11,10,14,2,0,49,54,29,38,15,6,2,0,1,0,0,0,2,10,31,45,15,9,2,6,3,5,0,1
050,24,019,Maryland,Dorchester County,1,6,1821,833,988,539,607,224,313,11,9,14,20,0,0,45,39,577,646,240,333,41,28,20,21,0,0,800,930,512,561,224,306,10,4,14,20,0,0,40,39,547,600,238,326,35,23,20,21,0,0,33,58,27,46,0,7,1,5,0,0,0,0,5,0,30,46,2,7,6,5,0,0,0,0
050,24,019,Maryland,Dorchester County,1,7,1963,940,1023,611,604,284,358,16,13,5,13,0,0,24,35,630,638,296,377,27,29,9,18,4,0,861,940,557,551,275,343,3,2,5,10,0,0,21,34,573,585,285,361,13,17,9,14,4,0,79,83,54,53,9,15,13,11,0,3,0,0,3,1,57,53,11,16,14,12,0,4,0,0
050,24,019,Maryland,Dorchester County,1,8,1767,848,919,571,581,231,278,18,6,10,20,0,0,18,34,589,610,239,288,26,27,12,36,0,0,781,846,529,530,222,267,3,1,9,17,0,0,18,31,547,556,230,275,11,20,11,31,0,0,67,73,42,51,9,11,15,5,1,3,0,0,0,3,42,54,9,13,15,7,1,5,0,0
050,24,019,Maryland,Dorchester County,1,9,1641,760,881,504,563,217,274,14,3,14,15,0,0,11,26,512,587,220,289,25,14,14,17,0,0,699,826,470,519,204,264,1,3,14,15,0,0,10,25,477,542,207,278,11,14,14,17,0,0,61,55,34,44,13,10,13,0,0,0,0,0,1,1,35,45,13,11,14,0,0,0,0,0
050,24,019,Maryland,Dorchester County,1,10,1757,839,918,556,592,223,272,16,7,5,18,0,0,39,29,595,619,249,285,33,22,6,21,0,0,783,876,518,561,221,271,8,0,5,18,0,0,31,26,549,585,242,281,17,15,6,21,0,0,56,42,38,31,2,1,8,7,0,0,0,0,8,3,46,34,7,4,16,7,0,0,0,0
050,24,019,Maryland,Dorchester County,1,11,2039,958,1081,658,698,263,330,6,4,10,18,0,0,21,31,678,725,273,345,19,20,11,25,0,2,920,1066,634,688,253,328,3,3,10,18,0,0,20,29,653,713,262,343,15,19,11,23,0,2,38,15,24,10,10,2,3,1,0,0,0,0,1,2,25,12,11,2,4,1,0,2,0,0
050,24,019,Maryland,Dorchester County,1,12,2555,1245,1310,839,902,355,373,3,3,14,5,0,0,34,27,865,922,372,390,25,19,17,10,0,0,1211,1282,820,876,349,373,1,3,12,5,0,0,29,25,841,894,366,388,20,17,13,10,0,0,34,28,19,26,6,0,2,0,2,0,0,0,5,2,24,28,6,2,5,2,4,0,0,0
050,24,019,Maryland,Dorchester County,1,13,2675,1265,1410,925,990,305,350,13,9,10,15,0,0,12,46,937,1033,314,369,14,37,11,18,1,1,1232,1392,898,977,304,350,9,9,10,15,0,0,11,41,909,1015,313,365,10,35,10,18,1,0,33,18,27,13,1,0,4,0,0,0,0,0,1,5,28,18,1,4,4,2,1,0,0,1
050,24,019,Maryland,Dorchester County,1,14,2320,1071,1249,775,880,260,340,1,2,9,5,0,0,26,22,799,900,269,353,19,11,11,7,0,0,1055,1232,765,871,255,335,1,2,9,2,0,0,25,22,789,891,263,348,18,11,11,4,0,0,16,17,10,9,5,5,0,0,0,3,0,0,1,0,10,9,6,5,1,0,0,3,0,0
050,24,019,Maryland,Dorchester County,1,15,1913,919,994,722,759,180,210,6,2,3,9,0,0,8,14,728,773,183,216,13,10,3,9,0,0,908,974,717,745,178,207,2,0,3,9,0,0,8,13,723,758,181,212,9,8,3,9,0,0,11,20,5,14,2,3,4,2,0,0,0,0,0,1,5,15,2,4,4,2,0,0,0,0
050,24,019,Maryland,Dorchester County,1,16,1375,607,768,498,614,94,138,8,2,6,6,0,0,1,8,499,621,94,144,9,4,6,6,0,2,598,744,490,596,93,134,8,2,6,6,0,0,1,6,491,602,93,139,9,3,6,6,0,0,9,24,8,18,1,4,0,0,0,0,0,0,0,2,8,19,1,5,0,1,0,0,0,2
050,24,019,Maryland,Dorchester County,1,17,865,375,490,305,372,67,103,0,0,0,8,0,0,3,7,308,379,68,103,2,7,0,8,0,0,370,473,304,360,63,98,0,0,0,8,0,0,3,7,307,367,64,98,2,7,0,8,0,0,5,17,1,12,4,5,0,0,0,0,0,0,0,0,1,12,4,5,0,0,0,0,0,0
050,24,019,Maryland,Dorchester County,1,18,780,297,483,236,364,50,108,0,1,7,1,0,0,4,9,240,373,51,109,3,8,7,3,0,0,281,458,222,348,48,100,0,1,7,0,0,0,4,9,226,357,49,101,3,8,7,2,0,0,16,25,14,16,2,8,0,0,0,1,0,0,0,0,14,16,2,8,0,0,0,1,0,0
050,24,019,Maryland,Dorchester County,2,0,32523,15537,16986,10229,10993,4336,5031,162,96,178,193,0,2,632,671,10814,11599,4715,5441,357,316,259,282,33,40,14636,16076,9670,10389,4195,4887,57,37,172,177,0,2,542,584,10174,10917,4522,5246,215,222,243,255,29,37,901,910,559,604,141,144,105,59,6,16,0,0,90,87,640,682,193,195,142,94,16,27,4,3
050,24,019,Maryland,Dorchester County,2,1,1758,888,870,479,481,293,304,8,5,15,2,0,0,93,78,566,556,362,360,25,21,27,12,5,3,789,780,428,424,267,287,0,2,15,2,0,0,79,65,503,486,327,335,12,14,26,11,3,3,99,90,51,57,26,17,8,3,0,0,0,0,14,13,63,70,35,25,13,7,1,1,2,0
050,24,019,Maryland,Dorchester County,2,2,1825,942,883,484,465,355,330,12,6,18,8,0,0,73,74,554,533,403,383,29,19,28,20,1,3,834,788,421,415,344,307,0,2,17,5,0,0,52,59,472,471,380,348,10,10,24,15,0,3,108,95,63,50,11,23,12,4,1,3,0,0,21,15,82,62,23,35,19,9,4,5,1,0
050,24,019,Maryland,Dorchester County,2,3,2105,1036,1069,500,549,402,421,17,9,12,12,0,2,105,76,599,623,474,474,41,28,23,19,4,4,941,962,454,483,390,406,3,0,11,8,0,2,83,63,533,544,448,451,18,12,21,15,4,4,95,107,46,66,12,15,14,9,1,4,0,0,22,13,66,79,26,23,23,16,2,4,0,0
050,24,019,Maryland,Dorchester County,2,4,1816,928,888,530,528,311,270,7,10,19,3,0,0,61,77,588,600,352,323,21,24,26,15,2,5,847,807,470,485,301,257,0,0,18,3,0,0,58,62,526,544,341,300,12,12,24,12,2,3,81,81,60,43,10,13,7,10,1,0,0,0,3,15,62,56,11,23,9,12,2,3,0,2
050,24,019,Maryland,Dorchester County,2,5,1553,790,763,504,445,224,265,8,1,11,15,0,0,43,37,543,478,253,289,20,11,16,20,3,3,735,705,470,405,209,259,6,0,10,15,0,0,40,26,506,429,236,276,16,6,14,18,3,3,55,58,34,40,15,6,2,1,1,0,0,0,3,11,37,49,17,13,4,5,2,2,0,0
050,24,019,Maryland,Dorchester County,2,6,1785,815,970,530,598,217,305,11,10,11,18,0,0,46,39,569,636,249,330,26,18,17,23,1,3,780,913,502,553,217,299,10,4,11,18,0,0,40,39,536,591,244,324,24,12,16,23,1,3,35,57,28,45,0,6,1,6,0,0,0,0,6,0,33,45,5,6,2,6,1,0,0,0
050,24,019,Maryland,Dorchester County,2,7,1981,950,1031,615,613,285,359,16,12,6,13,0,0,28,34,642,643,300,377,25,27,10,17,1,3,877,948,568,559,276,342,3,3,6,11,0,0,24,33,591,588,288,359,12,18,9,15,1,3,73,83,47,54,9,17,13,9,0,2,0,0,4,1,51,55,12,18,13,9,1,2,0,0
050,24,019,Maryland,Dorchester County,2,8,1779,854,925,568,581,240,279,17,7,9,20,0,0,20,38,587,615,249,302,24,19,12,26,2,1,785,853,525,530,230,270,2,1,8,17,0,0,20,35,544,561,239,292,9,12,11,22,2,1,69,72,43,51,10,9,15,6,1,3,0,0,0,3,43,54,10,10,15,7,1,4,0,0
050,24,019,Maryland,Dorchester County,2,9,1651,771,880,511,562,221,278,14,3,12,13,0,0,13,24,523,582,228,290,18,14,15,17,0,1,705,822,473,515,207,268,1,3,12,13,0,0,12,23,484,534,214,280,4,13,15,17,0,1,66,58,38,47,14,10,13,0,0,0,0,0,1,1,39,48,14,10,14,1,0,0,0,0
050,24,019,Maryland,Dorchester County,2,10,1734,829,905,551,585,221,264,16,7,6,21,0,0,35,28,583,607,233,280,35,15,10,27,4,4,774,862,514,555,219,262,8,0,6,21,0,0,27,24,539,574,229,276,21,8,9,25,3,3,55,43,37,30,2,2,8,7,0,0,0,0,8,4,44,33,4,4,14,7,1,2,1,1
050,24,019,Maryland,Dorchester County,2,11,2032,955,1077,654,692,261,333,7,4,10,17,0,0,23,31,673,720,271,346,17,23,15,19,2,2,913,1062,626,681,251,332,4,3,10,17,0,0,22,29,644,707,260,345,14,20,15,19,2,2,42,15,28,11,10,1,3,1,0,0,0,0,1,2,29,13,11,1,3,3,0,0,0,0
050,24,019,Maryland,Dorchester County,2,12,2528,1228,1300,836,895,345,369,2,3,12,6,0,0,33,27,868,914,359,381,19,13,14,14,2,5,1197,1272,818,869,338,369,1,3,11,6,0,0,29,25,846,887,350,380,16,11,13,14,2,5,31,28,18,26,7,0,1,0,1,0,0,0,4,2,22,27,9,1,3,2,1,0,0,0
050,24,019,Maryland,Dorchester County,2,13,2672,1264,1408,922,983,305,355,12,10,11,15,0,0,14,45,935,1022,309,375,21,39,13,16,0,3,1231,1390,896,968,304,355,8,10,11,15,0,0,12,42,907,1004,308,375,15,36,13,16,0,3,33,18,26,15,1,0,4,0,0,0,0,0,2,3,28,18,1,0,6,3,0,0,0,0
050,24,019,Maryland,Dorchester County,2,14,2346,1090,1256,789,891,265,334,1,3,9,7,0,0,26,21,811,909,272,343,14,16,15,9,4,0,1073,1239,778,883,260,329,1,3,9,4,0,0,25,20,799,900,266,338,14,15,15,6,4,0,17,17,11,8,5,5,0,0,0,3,0,0,1,1,12,9,6,5,0,1,0,3,0,0
050,24,019,Maryland,Dorchester County,2,15,1943,925,1018,724,773,181,218,5,3,4,8,0,0,11,16,733,786,186,227,10,11,5,11,2,0,913,996,718,758,179,215,1,0,4,8,0,0,11,15,727,770,184,224,6,7,5,11,2,0,12,22,6,15,2,3,4,3,0,0,0,0,0,1,6,16,2,3,4,4,0,0,0,0
050,24,019,Maryland,Dorchester County,2,16,1368,600,768,492,616,92,135,9,2,6,6,0,0,1,9,493,624,92,139,10,7,6,8,0,0,591,745,484,599,91,131,9,2,6,6,0,0,1,7,485,605,91,134,10,5,6,8,0,0,9,23,8,17,1,4,0,0,0,0,0,0,0,2,8,19,1,5,0,2,0,0,0,0
050,24,019,Maryland,Dorchester County,2,17,868,376,492,308,370,65,107,0,0,0,8,0,0,3,7,311,376,68,111,0,4,0,8,0,0,371,474,307,357,61,102,0,0,0,8,0,0,3,7,310,363,64,106,0,4,0,8,0,0,5,18,1,13,4,5,0,0,0,0,0,0,0,0,1,13,4,5,0,0,0,0,0,0
050,24,019,Maryland,Dorchester County,2,18,779,296,483,232,366,53,105,0,1,7,1,0,0,4,10,236,375,55,111,2,7,7,1,0,0,280,458,218,350,51,97,0,1,7,0,0,0,4,10,222,359,53,103,2,7,7,0,0,0,16,25,14,16,2,8,0,0,0,1,0,0,0,0,14,16,2,8,0,0,0,1,0,0
050,24,019,Maryland,Dorchester County,3,0,32596,15516,17080,10201,11022,4354,5107,164,93,170,188,0,3,627,667,10785,11626,4731,5510,378,319,244,283,25,30,14582,16106,9645,10391,4197,4948,58,36,164,171,0,3,518,557,10128,10894,4512,5292,228,222,227,250,20,24,934,974,556,631,157,159,106,57,6,17,0,0,109,110,657,732,219,218,150,97,17,33,5,6
050,24,019,Maryland,Dorchester County,3,1,1759,875,884,468,488,294,310,10,5,15,5,0,0,88,76,555,561,357,364,30,23,22,14,4,2,749,784,408,419,268,295,0,2,15,4,0,0,58,64,466,480,311,343,10,15,21,12,3,0,126,100,60,69,26,15,10,3,0,1,0,0,30,12,89,81,46,21,20,8,1,2,1,2
050,24,019,Maryland,Dorchester County,3,2,1832,932,900,481,462,356,343,9,5,14,5,0,0,72,85,551,545,406,402,24,23,23,15,1,2,826,796,422,414,338,313,0,1,13,4,0,0,53,64,474,476,375,358,10,13,20,13,0,2,106,104,59,48,18,30,9,4,1,1,0,0,19,21,77,69,31,44,14,10,3,2,1,0
050,24,019,Maryland,Dorchester County,3,3,2082,1036,1046,502,546,408,421,16,8,10,13,0,2,100,56,596,596,475,464,41,20,22,18,5,6,935,933,448,475,396,403,2,1,9,7,0,2,80,45,525,517,454,437,17,11,17,11,3,4,101,113,54,71,12,18,14,7,1,6,0,0,20,11,71,79,21,27,24,9,5,7,2,2
050,24,019,Maryland,Dorchester County,3,4,1838,943,895,509,501,341,292,11,8,16,6,0,0,66,88,572,583,384,351,28,30,23,17,2,3,851,814,450,458,328,279,1,0,15,6,0,0,57,71,505,523,366,328,14,16,21,16,2,3,92,81,59,43,13,13,10,8,1,0,0,0,9,17,67,60,18,23,14,14,2,1,0,0
050,24,019,Maryland,Dorchester County,3,5,1621,828,793,519,471,247,263,8,3,13,12,0,0,41,44,559,509,272,294,20,15,18,19,0,1,772,721,484,425,232,255,6,0,12,12,0,0,38,29,522,450,255,278,17,7,16,15,0,1,56,72,35,46,15,8,2,3,1,0,0,0,3,15,37,59,17,16,3,8,2,4,0,0
050,24,019,Maryland,Dorchester County,3,6,1658,759,899,513,570,189,280,10,8,6,11,0,0,41,30,549,596,216,299,23,17,14,16,1,1,729,848,488,530,187,276,10,3,6,11,0,0,38,28,522,556,213,293,22,11,12,15,1,1,30,51,25,40,2,4,0,5,0,0,0,0,3,2,27,40,3,6,1,6,2,1,0,0
050,24,019,Maryland,Dorchester County,3,7,1999,929,1070,607,642,268,377,12,8,9,15,0,0,33,28,635,666,287,395,25,16,14,20,2,1,882,983,581,586,261,353,3,4,9,13,0,0,28,27,604,609,277,371,14,11,14,18,2,1,47,87,26,56,7,24,9,4,0,2,0,0,5,1,31,57,10,24,11,5,0,2,0,0
050,24,019,Maryland,Dorchester County,3,8,1854,870,984,565,604,256,308,20,12,8,19,0,0,21,41,584,638,267,331,31,28,9,26,1,3,790,905,517,550,242,300,3,1,7,16,0,0,21,38,536,583,253,322,14,16,8,21,1,2,80,79,48,54,14,8,17,11,1,3,0,0,0,3,48,55,14,9,17,12,1,5,0,1
050,24,019,Maryland,Dorchester County,3,9,1713,815,898,523,575,252,288,14,4,10,8,0,0,16,23,538,596,259,296,19,14,13,11,2,5,752,828,488,521,238,279,1,3,10,8,0,0,15,17,502,536,245,286,5,10,13,10,2,4,63,70,35,54,14,9,13,1,0,0,0,0,1,6,36,60,14,10,14,4,0,1,0,1
050,24,019,Maryland,Dorchester County,3,10,1604,770,834,518,540,201,232,14,6,13,26,0,0,24,30,542,568,212,246,27,18,15,31,1,1,724,795,489,515,200,228,4,0,13,26,0,0,18,26,507,539,209,241,12,10,15,30,1,1,46,39,29,25,1,4,10,6,0,0,0,0,6,4,35,29,3,5,15,8,0,1,0,0
050,24,019,Maryland,Dorchester County,3,11,1985,922,1063,634,689,240,332,10,5,7,16,0,0,31,21,660,707,254,342,25,15,10,20,4,0,874,1039,600,670,231,332,8,3,7,16,0,0,28,18,623,685,244,340,22,12,10,20,3,0,48,24,34,19,9,0,2,2,0,0,0,0,3,3,37,22,10,2,3,3,0,0,1,0
050,24,019,Maryland,Dorchester County,3,12,2466,1192,1274,819,864,330,363,3,3,8,11,0,0,32,33,848,893,345,378,20,20,11,20,1,1,1154,1245,800,841,319,362,1,3,7,11,0,0,27,28,824,865,331,375,16,18,10,19,1,1,38,29,19,23,11,1,2,0,1,0,0,0,5,5,24,28,14,3,4,2,1,1,0,0
050,24,019,Maryland,Dorchester County,3,13,2680,1269,1411,922,971,305,376,10,9,12,9,0,1,20,45,940,1010,311,395,23,33,15,15,0,3,1234,1390,895,954,304,376,7,9,12,9,0,1,16,41,909,989,308,394,18,31,15,14,0,3,35,21,27,17,1,0,3,0,0,0,0,0,4,4,31,21,3,1,5,2,0,1,0,0
050,24,019,Maryland,Dorchester County,3,14,2430,1158,1272,854,922,264,317,3,3,12,13,0,0,25,17,877,938,275,324,17,13,14,15,0,0,1139,1255,842,915,259,313,2,3,12,10,0,0,24,14,864,928,269,320,16,11,14,11,0,0,19,17,12,7,5,4,1,0,0,3,0,0,1,3,13,10,6,4,1,2,0,4,0,0
050,24,019,Maryland,Dorchester County,3,15,2023,912,1111,705,825,191,260,4,3,4,4,0,0,8,19,710,842,194,269,10,12,6,7,1,1,896,1088,695,810,189,256,0,0,4,4,0,0,8,18,700,826,192,264,6,9,6,7,1,1,16,23,10,15,2,4,4,3,0,0,0,0,0,1,10,16,2,5,4,3,0,0,0,0
050,24,019,Maryland,Dorchester County,3,16,1378,616,762,501,617,98,123,9,2,6,6,0,0,2,14,502,630,100,129,11,10,6,8,0,0,606,741,492,602,97,119,9,2,6,6,0,0,2,12,493,613,99,124,11,9,6,8,0,0,10,21,9,15,1,4,0,0,0,0,0,0,0,2,9,17,1,5,0,1,0,0,0,0
050,24,019,Maryland,Dorchester County,3,17,893,394,499,329,371,61,116,1,0,0,8,0,0,3,4,331,374,62,118,3,2,1,9,0,0,389,482,328,359,57,111,1,0,0,8,0,0,3,4,330,362,58,113,3,2,1,9,0,0,5,17,1,12,4,5,0,0,0,0,0,0,0,0,1,12,4,5,0,0,0,0,0,0
050,24,019,Maryland,Dorchester County,3,18,781,296,485,232,364,53,106,0,1,7,1,0,0,4,13,236,374,55,113,1,10,8,2,0,0,280,459,218,347,51,98,0,1,7,0,0,0,4,13,222,357,53,105,1,10,8,1,0,0,16,26,14,17,2,8,0,0,0,1,0,0,0,0,14,17,2,8,0,0,0,1,0,0
050,24,019,Maryland,Dorchester County,4,0,32605,15534,17071,10184,11006,4323,5110,184,96,165,193,0,3,678,663,10814,11617,4728,5513,403,325,260,273,33,34,14546,16067,9620,10334,4139,4956,60,38,158,175,0,3,569,561,10149,10851,4490,5297,231,224,238,245,24,32,988,1004,564,672,184,154,124,58,7,18,0,0,109,102,665,766,238,216,172,101,22,28,9,2
050,24,019,Maryland,Dorchester County,4,1,1797,917,880,477,473,322,323,21,4,8,8,0,0,89,72,561,543,385,376,37,16,21,18,3,2,768,788,417,404,277,315,2,2,7,7,0,0,65,60,480,462,323,361,11,9,17,16,2,2,149,92,60,69,45,8,19,2,1,1,0,0,24,12,81,81,62,15,26,7,4,2,1,0
050,24,019,Maryland,Dorchester County,4,2,1859,962,897,489,477,351,333,9,5,12,4,0,0,101,78,585,553,424,386,28,21,29,13,2,4,862,799,425,421,337,315,1,1,12,3,0,0,87,59,507,478,402,356,16,10,27,10,2,4,100,98,64,56,14,18,8,4,0,1,0,0,14,19,78,75,22,30,12,11,2,3,0,0
050,24,019,Maryland,Dorchester County,4,3,2001,995,1006,508,530,375,400,10,8,13,10,0,0,89,58,591,584,434,441,30,18,24,18,5,3,892,886,447,459,365,377,0,1,11,5,0,0,69,44,513,500,413,408,13,7,19,12,3,3,103,120,61,71,10,23,10,7,2,5,0,0,20,14,78,84,21,33,17,11,5,6,2,0
050,24,019,Maryland,Dorchester County,4,4,1845,938,907,482,494,351,313,18,8,13,6,0,2,74,84,552,574,399,369,38,30,21,13,6,7,832,807,423,439,334,295,2,0,12,5,0,2,61,66,480,501,377,340,16,15,19,11,4,7,106,100,59,55,17,18,16,8,1,1,0,0,13,18,72,73,22,29,22,15,2,2,2,0
050,24,019,Maryland,Dorchester County,4,5,1662,847,815,509,491,272,254,9,7,12,11,0,0,45,52,551,539,299,289,22,20,18,17,2,3,790,743,481,444,254,244,6,1,12,10,0,0,37,44,515,484,278,274,15,11,18,15,1,3,57,72,28,47,18,10,3,6,0,1,0,0,8,8,36,55,21,15,7,9,0,2,1,0
050,24,019,Maryland,Dorchester County,4,6,1646,765,881,527,552,178,277,8,6,12,13,0,0,40,33,564,582,200,298,18,17,19,16,4,2,721,831,494,510,175,274,5,3,11,13,0,0,36,31,527,539,196,294,14,12,16,16,4,2,44,50,33,42,3,3,3,3,1,0,0,0,4,2,37,43,4,4,4,5,3,0,0,0
050,24,019,Maryland,Dorchester County,4,7,2019,930,1089,604,657,262,379,12,7,10,20,0,0,42,26,642,681,287,395,28,17,14,21,3,2,884,997,574,593,254,356,8,4,10,18,0,0,38,26,608,617,277,372,21,14,13,19,3,2,46,92,30,64,8,23,4,3,0,2,0,0,4,0,34,64,10,23,7,3,1,2,0,0
050,24,019,Maryland,Dorchester County,4,8,1828,836,992,542,605,246,317,20,14,5,15,0,0,23,41,562,640,259,342,30,29,10,21,1,2,762,910,502,552,229,307,3,2,5,12,0,0,23,37,522,584,242,329,13,16,10,17,1,2,74,82,40,53,17,10,17,12,0,3,0,0,0,4,40,56,17,13,17,13,0,4,0,0
050,24,019,Maryland,Dorchester County,4,9,1704,809,895,510,586,259,273,16,5,8,6,0,0,16,25,524,607,268,287,23,17,9,11,1,2,754,813,488,518,244,265,0,2,7,6,0,0,15,22,501,537,253,277,6,13,8,11,1,1,55,82,22,68,15,8,16,3,1,0,0,0,1,3,23,70,15,10,17,4,1,0,0,1
050,24,019,Maryland,Dorchester County,4,10,1602,795,807,545,520,197,231,11,4,19,24,0,0,23,28,566,544,210,245,22,20,23,29,0,0,744,770,511,494,195,227,1,1,19,24,0,0,18,24,528,515,205,240,9,13,23,28,0,0,51,37,34,26,2,4,10,3,0,0,0,0,5,4,38,29,5,5,13,7,0,1,0,0
050,24,019,Maryland,Dorchester County,4,11,1958,904,1054,622,700,225,309,19,7,6,22,0,0,32,16,648,716,240,316,35,14,12,24,2,0,853,1025,587,680,220,306,12,3,6,22,0,0,28,14,610,694,235,311,25,10,11,24,1,0,51,29,35,20,5,3,7,4,0,0,0,0,4,2,38,22,5,5,10,4,1,0,1,0
050,24,019,Maryland,Dorchester County,4,12,2397,1153,1244,791,823,314,372,3,2,6,12,0,0,39,35,828,855,327,386,26,21,10,16,2,1,1107,1219,770,805,299,371,0,2,6,12,0,0,32,29,800,831,311,382,17,18,9,16,2,1,46,25,21,18,15,1,3,0,0,0,0,0,7,6,28,24,16,4,9,3,1,0,0,0
050,24,019,Maryland,Dorchester County,4,13,2607,1232,1375,899,941,296,375,5,6,8,10,0,1,24,42,921,979,308,392,19,32,12,12,2,3,1198,1351,873,921,295,375,3,6,7,10,0,1,20,38,891,956,304,390,15,29,10,12,0,3,34,24,26,20,1,0,2,0,1,0,0,0,4,4,30,23,4,2,4,3,2,0,2,0
050,24,019,Maryland,Dorchester County,4,14,2516,1198,1318,898,958,254,319,9,7,15,12,0,0,22,22,920,976,260,328,21,19,19,17,0,0,1173,1302,880,952,250,315,7,7,15,9,0,0,21,19,901,969,256,322,18,17,19,13,0,0,25,16,18,6,4,4,2,0,0,3,0,0,1,3,19,7,4,6,3,2,0,4,0,0
050,24,019,Maryland,Dorchester County,4,15,1976,870,1106,658,803,195,279,4,3,5,3,0,0,8,18,665,820,198,289,10,11,5,5,0,1,857,1084,652,789,192,275,0,0,5,3,0,0,8,17,659,805,195,284,6,8,5,5,0,1,13,22,6,14,3,4,4,3,0,0,0,0,0,1,6,15,3,5,4,3,0,0,0,0
050,24,019,Maryland,Dorchester County,4,16,1526,703,823,571,671,116,129,6,2,7,6,0,0,3,15,574,684,116,139,8,12,8,7,0,0,690,805,559,657,115,126,6,2,7,6,0,0,3,14,562,669,115,136,8,11,8,7,0,0,13,18,12,14,1,3,0,0,0,0,0,0,0,1,12,15,1,3,0,1,0,0,0,0
050,24,019,Maryland,Dorchester County,4,17,921,411,510,344,374,60,122,4,0,0,9,0,0,3,5,347,379,62,125,5,3,0,10,0,1,405,492,342,363,56,116,4,0,0,9,0,0,3,4,345,367,58,119,5,3,0,9,0,0,6,18,2,11,4,6,0,0,0,0,0,0,0,1,2,12,4,6,0,0,0,1,0,1
050,24,019,Maryland,Dorchester County,4,18,741,269,472,208,351,50,105,0,1,6,2,0,0,5,13,213,361,52,110,3,8,6,5,0,1,254,445,195,333,48,97,0,1,6,1,0,0,5,13,200,343,50,102,3,8,6,4,0,1,15,27,13,18,2,8,0,0,0,1,0,0,0,0,13,18,2,8,0,0,0,1,0,0
050,24,019,Maryland,Dorchester County,5,0,32981,15744,17237,10305,11070,4335,5148,188,101,194,204,1,5,721,709,10971,11711,4762,5572,419,339,301,307,31,37,14670,16179,9669,10346,4152,4996,62,43,182,187,0,4,605,603,10223,10888,4518,5358,245,245,277,277,26,32,1074,1058,636,724,183,152,126,58,12,17,1,1,116,106,748,823,244,214,174,94,24,30,5,5
050,24,019,Maryland,Dorchester County,5,1,1817,917,900,487,459,316,335,22,5,5,10,0,0,87,91,567,547,379,397,40,19,17,24,3,5,766,795,412,380,279,330,3,5,3,9,0,0,69,71,474,449,329,380,15,15,14,20,3,3,151,105,75,79,37,5,19,0,2,1,0,0,18,20,93,98,50,17,25,4,3,4,0,2
050,24,019,Maryland,Dorchester County,5,2,1838,973,865,502,477,337,298,9,3,16,3,0,0,109,84,605,556,412,359,29,19,33,17,4,0,850,764,426,408,319,286,1,0,16,3,0,0,88,67,508,471,381,335,16,14,30,13,4,0,123,101,76,69,18,12,8,3,0,0,0,0,21,17,97,85,31,24,13,5,3,4,0,0
050,24,019,Maryland,Dorchester County,5,3,1937,953,984,487,535,344,369,7,11,16,12,1,1,98,56,581,588,413,408,30,22,31,20,2,3,841,858,418,461,335,342,0,2,12,9,0,0,76,44,490,502,391,373,14,10,24,17,1,1,112,126,69,74,9,27,7,9,4,3,1,1,22,12,91,86,22,35,16,12,7,3,1,2
050,24,019,Maryland,Dorchester County,5,4,1908,986,922,503,480,384,343,16,8,12,8,0,2,71,81,567,558,436,394,31,31,22,18,2,3,881,822,436,426,371,326,2,0,11,4,0,2,61,64,490,488,419,368,12,15,20,13,2,3,105,100,67,54,13,17,14,8,1,4,0,0,10,17,77,70,17,26,19,16,2,5,0,0
050,24,019,Maryland,Dorchester County,5,5,1699,840,859,501,514,265,262,9,8,16,13,0,0,49,62,548,573,292,306,23,22,24,21,2,3,779,786,470,466,246,253,5,1,16,13,0,0,42,53,511,517,271,290,15,11,23,20,1,3,61,73,31,48,19,9,4,7,0,0,0,0,7,9,37,56,21,16,8,11,1,1,1,0
050,24,019,Maryland,Dorchester County,5,6,1739,842,897,562,558,202,279,9,6,17,15,0,0,52,39,611,591,234,303,24,18,24,21,5,3,783,845,526,516,192,274,5,4,16,15,0,0,44,36,567,546,220,298,17,14,23,20,4,3,59,52,36,42,10,5,4,2,1,0,0,0,8,3,44,45,14,5,7,4,1,1,1,0
050,24,019,Maryland,Dorchester County,5,7,2052,951,1101,610,663,264,389,12,7,14,16,0,0,51,26,658,685,292,404,29,18,20,19,4,3,898,1004,575,592,255,369,10,3,14,14,0,0,44,26,616,614,280,384,25,14,19,17,3,3,53,97,35,71,9,20,2,4,0,2,0,0,7,0,42,71,12,20,4,4,1,2,1,0
050,24,019,Maryland,Dorchester County,5,8,1886,842,1044,552,640,246,334,22,16,8,14,0,1,14,39,563,674,255,355,27,30,12,22,1,3,765,952,506,579,235,321,3,4,8,11,0,1,13,36,517,610,243,341,8,17,12,18,0,3,77,92,46,61,11,13,19,12,0,3,0,0,1,3,46,64,12,14,19,13,0,4,1,0
050,24,019,Maryland,Dorchester County,5,9,1710,824,886,520,588,254,257,16,3,10,12,0,0,24,26,542,610,265,270,25,14,14,14,2,4,768,811,498,526,239,251,0,0,7,12,0,0,24,22,520,545,250,261,9,9,11,14,2,4,56,75,22,62,15,6,16,3,3,0,0,0,0,4,22,65,15,9,16,5,3,0,0,0
050,24,019,Maryland,Dorchester County,5,10,1605,777,828,525,519,196,255,15,6,20,19,0,0,21,29,544,542,204,269,26,21,23,23,1,2,716,778,490,483,189,247,1,3,20,19,0,0,16,26,504,503,195,259,10,17,22,23,1,2,61,50,35,36,7,8,14,3,0,0,0,0,5,3,40,39,9,10,16,4,1,0,0,0
050,24,019,Maryland,Dorchester County,5,11,1941,906,1035,613,682,231,304,20,7,6,26,0,0,36,16,647,696,246,312,38,14,10,29,1,1,850,1002,574,657,227,301,12,3,6,26,0,0,31,15,603,670,240,308,27,10,10,29,1,1,56,33,39,25,4,3,8,4,0,0,0,0,5,1,44,26,6,4,11,4,0,0,0,0
050,24,019,Maryland,Dorchester County,5,12,2263,1074,1189,751,774,281,368,3,0,9,14,0,0,30,33,777,801,293,380,20,17,12,22,3,4,1032,1171,732,760,265,367,0,0,9,14,0,0,26,30,754,785,275,378,15,15,12,22,3,3,42,18,19,14,16,1,3,0,0,0,0,0,4,3,23,16,18,2,5,2,0,0,0,1
050,24,019,Maryland,Dorchester County,5,13,2635,1276,1359,907,942,321,358,2,7,8,10,0,0,38,42,941,980,334,379,24,30,14,14,1,0,1235,1329,875,919,320,358,2,7,7,10,0,0,31,35,904,951,331,375,18,27,12,13,1,0,41,30,32,23,1,0,0,0,1,0,0,0,7,7,37,29,3,4,6,3,2,1,0,0
050,24,019,Maryland,Dorchester County,5,14,2554,1200,1354,903,976,252,328,12,8,15,12,0,1,18,29,918,1002,259,342,24,25,18,13,0,2,1173,1339,884,971,248,325,8,8,15,9,0,1,18,25,899,993,255,337,20,23,18,10,0,2,27,15,19,5,4,3,4,0,0,3,0,0,0,4,19,9,4,5,4,2,0,3,0,0
050,24,019,Maryland,Dorchester County,5,15,2028,895,1133,671,816,200,293,4,2,8,3,0,0,12,19,680,831,203,303,14,13,10,6,0,0,879,1109,663,799,197,288,0,0,8,3,0,0,11,19,671,814,200,298,9,11,10,6,0,0,16,24,8,17,3,5,4,2,0,0,0,0,1,0,9,17,3,5,5,2,0,0,0,0
050,24,019,Maryland,Dorchester County,5,16,1633,775,858,632,689,130,148,4,2,6,2,0,0,3,17,635,702,131,155,5,13,7,6,0,0,764,839,622,677,129,144,4,1,6,2,0,0,3,15,625,688,130,151,5,11,7,5,0,0,11,19,10,12,1,4,0,1,0,0,0,0,0,2,10,14,1,4,0,2,0,1,0,0
050,24,019,Maryland,Dorchester County,5,17,976,442,534,370,396,62,121,6,1,2,10,0,0,2,6,372,400,62,123,7,4,3,12,0,1,434,513,366,382,58,115,6,1,2,10,0,0,2,5,368,385,58,117,7,3,3,12,0,1,8,21,4,14,4,6,0,0,0,0,0,0,0,1,4,15,4,6,0,1,0,0,0,0
050,24,019,Maryland,Dorchester County,5,18,760,271,489,209,362,50,107,0,1,6,5,0,0,6,14,215,375,52,113,3,9,7,6,0,0,256,462,196,344,48,99,0,1,6,4,0,0,6,14,202,357,50,105,3,9,7,5,0,0,15,27,13,18,2,8,0,0,0,1,0,0,0,0,13,18,2,8,0,0,0,1,0,0
050,24,019,Maryland,Dorchester County,6,0,33208,15827,17381,10331,11150,4363,5156,192,106,206,213,2,8,733,748,11010,11839,4807,5617,427,344,301,299,29,43,14682,16225,9642,10355,4166,5011,63,42,191,194,1,7,619,616,10216,10925,4544,5392,253,233,274,265,27,36,1145,1156,689,795,197,145,129,64,15,19,1,1,114,132,794,914,263,225,174,111,27,34,2,7
050,24,019,Maryland,Dorchester County,6,1,1889,946,943,505,473,341,342,20,4,8,14,0,0,72,110,573,575,396,422,33,31,16,25,1,3,774,807,413,377,295,336,2,4,5,13,0,0,59,77,471,449,338,394,13,19,11,21,1,3,172,136,92,96,46,6,18,0,3,1,0,0,13,33,102,126,58,28,20,12,5,4,0,0
050,24,019,Maryland,Dorchester County,6,2,1810,933,877,498,485,311,304,9,3,11,1,1,0,103,84,595,566,382,365,29,21,27,11,4,1,821,779,427,418,295,293,0,1,11,1,1,0,87,66,508,481,358,342,14,14,25,9,4,1,112,98,71,67,16,11,9,2,0,0,0,0,16,18,87,85,24,23,15,7,2,2,0,0
050,24,019,Maryland,Dorchester County,6,3,1914,965,949,483,526,351,338,10,9,20,10,1,0,100,66,574,590,420,385,34,15,32,21,7,4,837,824,404,450,341,315,0,2,16,7,0,0,76,50,473,500,397,351,13,6,26,14,5,3,128,125,79,76,10,23,10,7,4,3,1,0,24,16,101,90,23,34,21,9,6,7,2,1
050,24,019,Maryland,Dorchester County,6,4,1938,986,952,492,480,388,352,12,12,13,10,0,4,81,94,569,568,443,415,30,34,22,21,3,8,891,837,436,417,376,339,2,0,10,6,0,3,67,72,500,485,421,389,16,14,18,15,3,6,95,115,56,63,12,13,10,12,3,4,0,1,14,22,69,83,22,26,14,20,4,6,0,2
050,24,019,Maryland,Dorchester County,6,5,1689,819,870,477,533,260,260,9,8,21,8,0,1,52,60,523,589,294,300,27,22,26,14,2,6,742,778,432,471,242,250,2,0,21,8,0,1,45,48,472,517,272,282,16,10,26,13,2,4,77,92,45,62,18,10,7,8,0,0,0,0,7,12,51,72,22,18,11,12,0,1,0,2
050,24,019,Maryland,Dorchester County,6,6,1778,875,903,587,552,214,289,9,6,16,20,0,0,49,36,634,585,242,313,24,14,22,26,2,1,806,843,549,503,198,284,4,3,15,20,0,0,40,33,587,534,223,305,15,11,19,25,2,1,69,60,38,49,16,5,5,3,1,0,0,0,9,3,47,51,19,8,9,3,3,1,0,0
050,24,019,Maryland,Dorchester County,6,7,2024,957,1067,624,666,246,346,17,6,18,14,0,0,52,35,675,700,274,365,34,17,27,18,1,3,894,986,577,602,238,333,15,3,18,13,0,0,46,35,622,636,263,352,30,14,26,17,1,3,63,81,47,64,8,13,2,3,0,1,0,0,6,0,53,64,11,13,4,3,1,1,0,0
050,24,019,Maryland,Dorchester County,6,8,1957,881,1076,569,657,257,369,19,21,9,13,0,1,27,15,595,670,271,379,29,25,13,16,1,1,810,969,530,585,245,354,2,5,9,10,0,1,24,14,553,597,258,363,11,9,12,13,1,1,71,107,39,72,12,15,17,16,0,3,0,0,3,1,42,73,13,16,18,16,1,3,0,0
050,24,019,Maryland,Dorchester County,6,9,1761,841,920,548,600,243,273,17,3,10,15,0,0,23,29,569,625,254,289,29,18,11,18,1,0,781,850,515,549,235,264,1,0,7,14,0,0,23,23,536,569,246,277,13,12,8,16,1,0,60,70,33,51,8,9,16,3,3,1,0,0,0,6,33,56,8,12,16,6,3,2,0,0
050,24,019,Maryland,Dorchester County,6,10,1700,807,893,519,562,232,269,15,5,19,22,0,1,22,34,539,593,246,284,24,22,22,25,1,3,744,825,488,511,218,259,1,3,19,20,0,1,18,31,504,539,229,273,9,18,22,23,1,3,63,68,31,51,14,10,14,2,0,2,0,0,4,3,35,54,17,11,15,4,0,2,0,0
050,24,019,Maryland,Dorchester County,6,11,1842,882,960,601,632,219,278,17,7,4,20,0,0,41,23,639,655,237,290,36,16,10,21,1,1,824,923,556,602,218,277,11,2,4,20,0,0,35,22,589,624,233,289,27,10,9,21,1,1,58,37,45,30,1,1,6,5,0,0,0,0,6,1,50,31,4,1,9,6,1,0,0,0
050,24,019,Maryland,Dorchester County,6,12,2164,1017,1147,718,737,254,361,8,1,10,22,0,0,27,26,742,760,267,369,21,15,12,25,3,4,968,1124,696,720,234,358,1,1,10,22,0,0,27,23,720,740,247,366,14,13,12,25,3,3,49,23,22,17,20,3,7,0,0,0,0,0,0,3,22,20,20,3,7,2,0,0,0,1
050,24,019,Maryland,Dorchester County,6,13,2567,1239,1328,858,941,325,341,3,5,11,6,0,0,42,35,894,972,344,360,24,24,17,8,2,0,1200,1295,831,915,324,341,3,5,10,6,0,0,32,28,858,940,337,356,19,20,16,8,2,0,39,33,27,26,1,0,0,0,1,0,0,0,10,7,36,32,7,4,5,4,1,0,0,0
050,24,019,Maryland,Dorchester County,6,14,2590,1223,1367,924,971,258,328,12,10,13,17,0,1,16,40,939,1006,262,345,21,30,17,22,0,5,1192,1351,903,964,253,325,8,10,13,15,0,1,15,36,917,995,257,341,16,28,17,19,0,5,31,16,21,7,5,3,4,0,0,2,0,0,1,4,22,11,5,4,5,2,0,3,0,0
050,24,019,Maryland,Dorchester County,6,15,2105,930,1175,691,834,213,317,4,0,9,2,0,0,13,22,700,853,219,330,15,12,11,3,0,1,910,1155,678,818,210,314,1,0,9,1,0,0,12,22,686,837,216,327,11,12,11,2,0,1,20,20,13,16,3,3,3,0,0,1,0,0,1,0,14,16,3,3,4,0,0,1,0,0
050,24,019,Maryland,Dorchester County,6,16,1659,779,880,630,691,140,164,3,3,1,4,0,0,5,18,635,706,142,171,5,14,2,6,0,1,766,856,619,678,139,158,2,0,1,4,0,0,5,16,624,692,141,164,4,10,2,6,0,0,13,24,11,13,1,6,1,3,0,0,0,0,0,2,11,14,1,7,1,4,0,0,0,1
050,24,019,Maryland,Dorchester County,6,17,1018,451,567,377,431,58,123,8,2,7,6,0,0,1,5,378,435,58,125,8,4,8,8,0,0,443,545,373,416,54,117,8,2,7,6,0,0,1,4,374,419,54,119,8,3,8,8,0,0,8,22,4,15,4,6,0,0,0,0,0,0,0,1,4,16,4,6,0,1,0,0,0,0
050,24,019,Maryland,Dorchester County,6,18,803,296,507,230,379,53,102,0,1,6,9,0,0,7,16,237,391,56,110,4,10,6,11,0,1,279,478,215,359,51,94,0,1,6,8,0,0,7,16,222,371,54,102,4,10,6,10,0,1,17,29,15,20,2,8,0,0,0,1,0,0,0,0,15,20,2,8,0,0,0,1,0,0
050,24,019,Maryland,Dorchester County,7,0,33628,16030,17598,10423,11210,4460,5289,194,106,205,226,3,13,745,754,11115,11908,4910,5754,430,360,295,319,44,43,14821,16351,9685,10352,4256,5129,60,44,189,204,2,9,629,613,10270,10921,4644,5512,244,238,270,284,39,34,1209,1247,738,858,204,160,134,62,16,22,1,4,116,141,845,987,266,242,186,122,25,35,5,9
050,24,019,Maryland,Dorchester County,7,1,1937,962,975,534,481,332,361,12,5,7,16,0,0,77,112,607,588,388,441,25,33,16,30,4,1,786,821,424,373,289,355,2,5,3,12,0,0,68,76,489,448,339,411,11,19,11,22,4,1,176,154,110,108,43,6,10,0,4,4,0,0,9,36,118,140,49,30,14,14,5,8,0,0
050,24,019,Maryland,Dorchester County,7,2,1823,923,900,502,499,319,322,12,3,12,4,0,0,78,72,576,567,376,373,28,20,20,14,3,2,806,795,432,424,298,312,1,1,12,4,0,0,63,54,493,475,345,351,11,10,19,13,3,1,117,105,70,75,21,10,11,2,0,0,0,0,15,18,83,92,31,22,17,10,1,1,0,1
050,24,019,Maryland,Dorchester County,7,3,1928,989,939,498,501,356,345,14,10,18,9,2,2,101,72,592,569,433,398,35,24,29,15,4,5,856,807,416,423,343,321,1,3,15,6,1,1,80,53,490,473,403,361,17,12,25,11,3,3,133,132,82,78,13,24,13,7,3,3,1,1,21,19,102,96,30,37,18,12,4,4,1,2
050,24,019,Maryland,Dorchester County,7,4,1984,995,989,490,512,383,365,18,11,12,12,0,4,92,85,579,595,448,426,42,25,21,23,1,7,891,869,438,445,371,346,2,0,9,8,0,2,71,68,506,511,425,396,17,10,17,17,1,5,104,120,52,67,12,19,16,11,3,4,0,2,21,17,73,84,23,30,25,15,4,6,0,2
050,24,019,Maryland,Dorchester County,7,5,1679,835,844,463,493,290,281,11,6,15,7,0,2,56,55,515,540,328,317,26,23,22,15,3,5,750,753,404,428,279,271,2,0,14,7,0,2,51,45,451,467,314,302,16,11,21,13,2,5,85,91,59,65,11,10,9,6,1,0,0,0,5,10,64,73,14,15,10,12,1,2,1,0
050,24,019,Maryland,Dorchester County,7,6,1907,939,968,632,596,229,302,9,6,18,19,0,0,51,45,679,638,257,332,26,19,26,23,4,1,860,878,587,526,208,295,4,2,17,19,0,0,44,36,629,560,233,320,16,11,25,22,3,1,79,90,45,70,21,7,5,4,1,0,0,0,7,9,50,78,24,12,10,8,1,1,1,0
050,24,019,Maryland,Dorchester County,7,7,2002,950,1052,630,659,243,323,7,7,21,20,0,2,49,41,674,697,270,349,22,19,29,26,4,6,891,977,582,602,237,311,7,4,21,20,0,1,44,39,623,638,261,336,20,15,28,26,3,5,59,75,48,57,6,12,0,3,0,0,0,1,5,2,51,59,9,13,2,4,1,0,1,1
050,24,019,Maryland,Dorchester County,7,8,1971,893,1078,573,660,260,373,16,18,10,12,0,1,34,14,605,673,277,381,27,22,16,14,2,2,830,977,542,592,245,356,3,5,10,10,0,1,30,13,571,604,262,363,11,9,14,12,2,2,63,101,31,68,15,17,13,13,0,2,0,0,4,1,34,69,15,18,16,13,2,2,0,0
050,24,019,Maryland,Dorchester County,7,9,1836,880,956,581,611,246,296,16,7,13,16,1,0,23,26,603,634,259,310,22,19,16,19,3,1,803,877,536,553,236,287,1,1,10,13,1,0,19,23,554,573,247,300,6,12,12,16,3,0,77,79,45,58,10,9,15,6,3,3,0,0,4,3,49,61,12,10,16,7,4,3,0,1
050,24,019,Maryland,Dorchester County,7,10,1768,835,933,519,597,262,284,17,3,16,15,0,1,21,33,537,627,269,303,27,15,20,22,3,3,775,862,491,541,247,272,1,3,16,15,0,1,20,30,508,569,254,290,10,14,20,21,3,2,60,71,28,56,15,12,16,0,0,0,0,0,1,3,29,58,15,13,17,1,0,1,0,1
050,24,019,Maryland,Dorchester County,7,11,1767,845,922,563,600,216,271,18,7,7,22,0,0,41,22,600,622,231,280,41,17,11,24,3,1,785,875,522,567,215,269,8,0,7,20,0,0,33,19,551,586,229,277,25,9,10,21,3,1,60,47,41,33,1,2,10,7,0,2,0,0,8,3,49,36,2,3,16,8,1,3,0,0
050,24,019,Maryland,Dorchester County,7,12,2065,976,1089,680,715,250,318,11,3,6,22,0,0,29,31,706,745,264,329,24,21,9,27,4,1,917,1062,648,697,231,314,4,3,6,22,0,0,28,26,673,722,245,324,16,17,9,27,4,1,59,27,32,18,19,4,7,0,0,0,0,0,1,5,33,23,19,5,8,4,0,0,0,0
050,24,019,Maryland,Dorchester County,7,13,2603,1232,1371,843,938,322,387,6,3,15,10,0,0,46,33,885,969,340,400,31,21,19,15,4,1,1196,1329,823,906,320,385,5,3,14,10,0,0,34,25,853,930,334,395,23,16,18,15,3,0,36,42,20,32,2,2,1,0,1,0,0,0,12,8,32,39,6,5,8,5,1,0,1,1
050,24,019,Maryland,Dorchester County,7,14,2628,1247,1381,938,968,272,337,12,8,11,19,0,1,14,48,952,1007,277,361,21,37,12,22,0,4,1210,1365,912,957,267,335,8,8,11,19,0,1,12,45,924,993,271,358,16,35,12,22,0,4,37,16,26,11,5,2,4,0,0,0,0,0,2,3,28,14,6,3,5,2,0,0,0,0
050,24,019,Maryland,Dorchester County,7,15,2181,1002,1179,748,836,223,315,1,3,10,4,0,0,20,21,764,855,230,324,14,15,13,7,1,1,982,1158,732,823,220,311,1,3,10,1,0,0,19,20,747,841,226,320,14,14,13,4,1,1,20,21,16,13,3,4,0,0,0,3,0,0,1,1,17,14,4,4,0,1,0,3,0,0
050,24,019,Maryland,Dorchester County,7,16,1682,762,920,611,701,140,194,5,3,1,4,0,0,5,18,615,717,143,201,6,13,2,6,1,1,743,898,597,688,139,189,1,0,1,4,0,0,5,17,601,703,142,196,2,9,2,6,1,1,19,22,14,13,1,5,4,3,0,0,0,0,0,1,14,14,1,5,4,4,0,0,0,0
050,24,019,Maryland,Dorchester County,7,17,1055,462,593,379,464,67,112,9,2,6,6,0,0,1,9,380,471,67,118,10,7,6,7,0,0,453,566,374,446,63,105,9,2,6,6,0,0,1,7,375,452,63,109,10,5,6,7,0,0,9,27,5,18,4,7,0,0,0,0,0,0,0,2,5,19,4,9,0,2,0,0,0,0
050,24,019,Maryland,Dorchester County,7,18,812,303,509,239,379,50,103,0,1,7,9,0,0,7,17,246,394,53,111,3,10,8,10,0,1,287,482,225,361,48,95,0,1,7,8,0,0,7,17,232,376,51,103,3,10,8,9,0,1,16,27,14,18,2,8,0,0,0,1,0,0,0,0,14,18,2,8,0,0,0,1,0,0
050,24,021,Maryland,Frederick County,1,0,271710,132918,138792,102977,107044,14870,15774,1374,1413,6738,7360,111,172,6848,7029,109371,113586,17963,19064,3879,4022,8814,9393,308,352,116974,122650,91316,95324,13395,14197,221,200,6497,7150,56,105,5489,5674,96463,100648,15830,16800,2028,2113,8283,8881,202,257,15944,16142,11661,11720,1475,1577,1153,1213,241,210,55,67,1359,1355,12908,12938,2133,2264,1851,1909,531,512,106,95
050,24,021,Maryland,Frederick County,1,1,15717,7909,7808,5475,5411,1047,1016,91,111,432,407,10,5,854,858,6275,6250,1526,1497,285,286,733,684,27,22,6472,6300,4483,4391,896,857,11,9,414,383,3,0,665,660,5110,5039,1264,1233,119,107,671,609,14,13,1437,1508,992,1020,151,159,80,102,18,24,7,5,189,198,1165,1211,262,264,166,179,62,75,13,9
050,24,021,Maryland,Frederick County,1,2,17567,8904,8663,6096,5864,1187,1262,99,120,548,523,14,10,960,884,7003,6684,1689,1759,336,315,893,833,41,19,7303,7081,5001,4790,1020,1099,11,4,515,492,7,7,749,689,5712,5430,1424,1474,159,139,792,757,27,16,1601,1582,1095,1074,167,163,88,116,33,31,7,3,211,195,1291,1254,265,285,177,176,101,76,14,3
050,24,021,Maryland,Frederick County,1,3,19194,9799,9395,6761,6418,1330,1328,120,120,560,535,1,12,1027,982,7715,7339,1873,1867,408,370,907,857,20,38,8076,7734,5523,5256,1172,1152,11,14,530,515,1,4,839,793,6307,6017,1601,1579,222,180,834,787,13,21,1723,1661,1238,1162,158,176,109,106,30,20,0,8,188,189,1408,1322,272,288,186,190,73,70,7,17
050,24,021,Maryland,Frederick County,1,4,19121,9867,9254,7068,6498,1376,1340,111,116,511,482,12,35,789,783,7818,7228,1749,1731,351,339,755,739,33,47,8293,7882,5954,5535,1203,1203,17,11,484,470,6,24,629,639,6556,6125,1511,1531,178,172,686,693,22,34,1574,1372,1114,963,173,137,94,105,27,12,6,11,160,144,1262,1103,238,200,173,167,69,46,11,13
050,24,021,Maryland,Frederick County,1,5,15904,8158,7746,6043,5640,1061,1088,128,109,378,337,18,20,530,552,6542,6151,1328,1369,292,271,536,499,41,40,6855,6485,5106,4749,927,945,16,15,363,317,13,13,430,446,5510,5172,1146,1164,124,124,504,458,32,31,1303,1261,937,891,134,143,112,94,15,20,5,7,100,106,1032,979,182,205,168,147,32,41,9,9
050,24,021,Maryland,Frederick County,1,6,15817,7977,7840,6073,5994,1004,893,102,102,369,401,7,18,422,432,6472,6386,1187,1097,276,273,481,528,13,37,6755,6639,5180,5092,869,784,10,6,352,392,3,13,341,352,5502,5419,1018,943,128,119,456,498,9,31,1222,1201,893,902,135,109,92,96,17,9,4,5,81,80,970,967,169,154,148,154,25,30,4,6
050,24,021,Maryland,Frederick County,1,7,18336,9009,9327,7048,7056,976,1107,130,157,443,561,8,14,404,432,7431,7457,1135,1281,316,348,539,684,26,27,7730,7946,6110,6061,863,960,13,23,427,551,6,11,311,340,6409,6376,974,1094,145,158,514,655,17,24,1279,1381,938,995,113,147,117,134,16,10,2,3,93,92,1022,1081,161,187,171,190,25,29,9,3
050,24,021,Maryland,Frederick County,1,8,18994,9261,9733,7038,7227,1097,1228,149,137,595,712,2,12,380,417,7378,7608,1257,1404,315,334,706,816,20,18,7882,8370,6049,6251,967,1083,10,13,566,685,1,5,289,333,6306,6559,1090,1222,119,155,661,778,13,8,1379,1363,989,976,130,145,139,124,29,27,1,7,91,84,1072,1049,167,182,196,179,45,38,7,10
050,24,021,Maryland,Frederick County,1,9,17208,8380,8828,6302,6500,1042,1163,111,99,587,690,12,5,326,371,6607,6845,1172,1290,254,308,678,775,23,13,7138,7602,5367,5594,947,1038,7,6,572,678,4,1,241,285,5596,5865,1030,1137,113,147,648,750,8,9,1242,1226,935,906,95,125,104,93,15,12,8,4,85,86,1011,980,142,153,141,161,30,25,15,4
050,24,021,Maryland,Frederick County,1,10,17326,8472,8854,6451,6702,1044,1080,76,77,602,695,7,5,292,295,6702,6970,1143,1191,217,233,698,777,21,16,7553,7898,5739,5979,969,987,19,10,594,682,2,5,230,235,5936,6195,1040,1065,126,130,678,749,15,13,919,956,712,723,75,93,57,67,8,13,5,0,62,60,766,775,103,126,91,103,20,28,6,3
050,24,021,Maryland,Frederick County,1,11,19002,9236,9766,7368,7886,1046,993,100,61,502,534,0,8,220,284,7574,8150,1103,1081,239,238,553,597,10,16,8487,8983,6783,7245,994,942,29,6,491,523,0,8,190,259,6960,7485,1043,1020,143,165,537,583,10,15,749,783,585,641,52,51,71,55,11,11,0,0,30,25,614,665,60,61,96,73,16,14,0,1
050,24,021,Maryland,Frederick County,1,12,20035,9800,10235,8217,8514,941,957,47,73,368,422,3,10,224,259,8433,8756,984,1025,191,244,413,473,9,19,9226,9594,7749,8033,905,907,15,13,361,415,3,6,193,220,7934,8237,941,967,140,155,399,458,8,14,574,641,468,481,36,50,32,60,7,7,0,4,31,39,499,519,43,58,51,89,14,15,1,5
050,24,021,Maryland,Frederick County,1,13,17009,8147,8862,7024,7502,628,753,38,50,292,380,7,7,158,170,7168,7656,673,800,141,164,320,407,13,17,7775,8456,6723,7167,601,725,21,31,283,376,1,3,146,154,6855,7305,641,769,116,135,311,400,7,13,372,406,301,335,27,28,17,19,9,4,6,4,12,16,313,351,32,31,25,29,9,7,6,4
050,24,021,Maryland,Frederick County,1,14,13649,6433,7216,5601,6232,461,570,34,35,228,257,7,6,102,116,5702,6337,467,607,113,118,246,273,8,8,6201,6939,5415,6015,451,545,11,20,226,252,3,4,95,103,5510,6108,456,579,83,94,244,264,4,6,232,277,186,217,10,25,23,15,2,5,4,2,7,13,192,229,11,28,30,24,2,9,4,2
050,24,021,Maryland,Frederick County,1,15,10828,5034,5794,4487,5095,283,415,16,19,157,172,3,2,88,91,4566,5177,312,437,73,92,172,184,3,5,4884,5578,4364,4904,277,404,8,13,155,172,3,0,77,85,4435,4982,304,422,57,80,166,184,3,2,150,216,123,191,6,11,8,6,2,0,0,2,11,6,131,195,8,15,16,12,6,0,0,3
050,24,021,Maryland,Frederick County,1,16,7116,3127,3989,2821,3514,168,274,14,10,88,142,0,0,36,49,2852,3558,175,300,40,39,97,148,0,0,3027,3853,2745,3407,160,268,5,2,86,138,0,0,31,38,2774,3443,163,289,27,22,95,144,0,0,100,136,76,107,8,6,9,8,2,4,0,0,5,11,78,115,12,11,13,17,2,4,0,0
050,24,021,Maryland,Frederick County,1,17,4388,1848,2540,1673,2283,114,156,0,6,40,62,0,2,21,31,1688,2305,122,166,14,24,46,70,0,7,1797,2460,1629,2219,109,153,0,2,40,62,0,0,19,24,1642,2237,116,159,13,16,46,67,0,5,51,80,44,64,5,3,0,4,0,0,0,2,2,7,46,68,6,7,1,8,0,3,0,2
050,24,021,Maryland,Frederick County,1,18,4499,1557,2942,1431,2708,65,151,8,11,38,48,0,1,15,23,1445,2729,68,162,18,26,41,49,0,3,1520,2850,1396,2636,65,145,7,2,38,47,0,1,14,19,1409,2654,68,153,16,15,41,47,0,2,37,92,35,72,0,6,1,9,0,1,0,0,1,4,36,75,0,9,2,11,0,2,0,1
050,24,021,Maryland,Frederick County,2,0,272767,133503,139264,103207,107204,15047,15919,1391,1439,6853,7470,114,172,6891,7060,109638,113758,18195,19274,3795,3941,8967,9545,323,380,117377,122971,91418,95366,13545,14342,222,203,6612,7257,55,105,5525,5698,96566,100645,16093,17086,1918,2003,8478,9091,213,258,16126,16293,11789,11838,1502,1577,1169,1236,241,213,59,67,1366,1362,13072,13113,2102,2188,1877,1938,489,454,110,122
050,24,021,Maryland,Frederick County,2,1,15789,7957,7832,5474,5396,1059,1033,96,118,453,427,10,5,865,853,6292,6209,1532,1489,282,303,766,732,36,32,6499,6324,4475,4381,903,880,11,9,436,400,3,1,671,653,5109,4998,1269,1234,122,115,701,656,22,16,1458,1508,999,1015,156,153,85,109,17,27,7,4,194,200,1183,1211,263,255,160,188,65,76,14,16
050,24,021,Maryland,Frederick County,2,2,17570,8911,8659,6094,5869,1195,1261,103,122,554,522,14,8,951,877,6998,6697,1695,1727,324,330,883,812,39,31,7305,7085,4999,4797,1025,1095,11,6,519,494,7,6,744,687,5704,5446,1421,1463,150,133,798,748,23,22,1606,1574,1095,1072,170,166,92,116,35,28,7,2,207,190,1294,1251,274,264,174,197,85,64,16,9
050,24,021,Maryland,Frederick County,2,3,19229,9829,9400,6764,6409,1351,1331,120,124,563,532,3,15,1028,989,7729,7341,1894,1860,393,387,901,854,25,36,8096,7712,5523,5236,1189,1156,11,13,535,511,2,5,836,791,6310,5978,1637,1587,192,184,837,793,19,19,1733,1688,1241,1173,162,175,109,111,28,21,1,10,192,198,1419,1363,257,273,201,203,64,61,6,17
050,24,021,Maryland,Frederick County,2,4,19079,9835,9244,7018,6468,1376,1346,110,115,519,489,12,35,800,791,7772,7208,1776,1760,347,337,766,734,27,58,8263,7861,5901,5493,1207,1209,17,11,491,476,5,24,642,648,6504,6099,1539,1555,175,167,709,692,15,41,1572,1383,1117,975,169,137,93,104,28,13,7,11,158,143,1268,1109,237,205,172,170,57,42,12,17
050,24,021,Maryland,Frederick County,2,5,16073,8255,7818,6110,5691,1075,1093,128,113,391,341,16,18,535,562,6610,6212,1335,1366,302,280,558,525,35,35,6927,6551,5153,4789,937,956,16,16,376,322,12,11,433,457,5557,5214,1151,1186,137,131,522,482,27,25,1328,1267,957,902,138,137,112,97,15,19,4,7,102,105,1053,998,184,180,165,149,36,43,8,10
050,24,021,Maryland,Frederick County,2,6,15806,7981,7825,6062,5980,1012,893,104,106,370,400,8,17,425,429,6459,6387,1197,1088,257,265,502,522,20,31,6761,6608,5166,5072,880,783,11,6,354,390,4,12,346,345,5489,5397,1036,947,119,119,477,500,12,22,1220,1217,896,908,132,110,93,100,16,10,4,5,79,84,970,990,161,141,138,146,25,22,8,9
050,24,021,Maryland,Frederick County,2,7,18377,9037,9340,7046,7057,1004,1113,128,154,447,573,9,17,403,426,7417,7452,1164,1295,299,331,561,695,23,31,7751,7966,6098,6063,885,966,14,22,432,562,6,13,316,340,6389,6377,1010,1111,134,149,535,675,16,26,1286,1374,948,994,119,147,114,132,15,11,3,4,87,86,1028,1075,154,184,165,182,26,20,7,5
050,24,021,Maryland,Frederick County,2,8,19174,9360,9814,7116,7284,1097,1232,150,140,602,724,3,11,392,423,7479,7670,1239,1413,328,333,711,834,19,22,7961,8442,6110,6291,969,1093,10,15,575,698,1,5,296,340,6384,6601,1078,1242,124,154,674,799,14,13,1399,1372,1006,993,128,139,140,125,27,26,2,6,96,83,1095,1069,161,171,204,179,37,35,5,9
050,24,021,Maryland,Frederick County,2,9,17452,8486,8966,6368,6577,1072,1198,112,104,600,707,12,5,322,375,6662,6917,1185,1353,272,282,691,797,22,23,7209,7702,5413,5646,969,1066,6,7,583,694,3,1,235,288,5626,5905,1055,1186,107,130,658,776,10,13,1277,1264,955,931,103,132,106,97,17,13,9,4,87,87,1036,1012,130,167,165,152,33,21,12,10
050,24,021,Maryland,Frederick County,2,10,17238,8440,8798,6398,6631,1049,1096,80,78,613,692,7,5,293,296,6664,6897,1145,1212,234,226,691,769,21,14,7501,7832,5671,5904,974,1000,20,9,604,681,2,5,230,233,5879,6113,1049,1091,129,115,677,750,12,13,939,966,727,727,75,96,60,69,9,11,5,0,63,63,785,784,96,121,105,111,14,19,9,1
050,24,021,Maryland,Frederick County,2,11,19013,9248,9765,7355,7873,1069,997,99,58,507,546,0,8,218,283,7550,8125,1141,1100,219,212,563,611,8,18,8488,8982,6766,7227,1012,947,28,6,495,535,0,8,187,259,6935,7458,1072,1044,126,143,546,596,7,18,760,783,589,646,57,50,71,52,12,11,0,0,31,24,615,667,69,56,93,69,17,15,1,0
050,24,021,Maryland,Frederick County,2,12,20042,9790,10252,8171,8509,957,967,49,71,378,430,3,9,232,266,8384,8746,1027,1067,181,230,429,485,10,16,9211,9598,7701,8015,918,917,16,11,371,423,3,6,202,226,7886,8220,981,1001,130,143,416,471,8,11,579,654,470,494,39,50,33,60,7,7,0,3,30,40,498,526,46,66,51,87,13,14,2,5
050,24,021,Maryland,Frederick County,2,13,17099,8208,8891,7077,7509,632,760,37,51,292,385,7,7,163,179,7223,7673,681,821,132,155,327,422,14,12,7825,8475,6764,7167,608,730,19,31,284,381,1,3,149,163,6896,7316,652,788,106,124,318,415,8,8,383,416,313,342,24,30,18,20,8,4,6,4,14,16,327,357,29,33,26,31,9,7,6,4
050,24,021,Maryland,Frederick County,2,14,13779,6496,7283,5650,6274,467,586,34,37,234,268,7,6,104,112,5745,6374,496,625,94,108,257,286,13,8,6261,7000,5462,6052,456,560,11,22,231,262,3,4,98,100,5552,6142,482,597,68,83,253,278,9,6,235,283,188,222,11,26,23,15,3,6,4,2,6,12,193,232,14,28,26,25,4,8,4,2
050,24,021,Maryland,Frederick County,2,15,10958,5092,5866,4534,5155,291,420,15,20,161,177,3,2,88,92,4617,5236,319,458,68,73,176,192,7,6,4936,5640,4405,4960,285,407,7,13,159,176,3,0,77,84,4477,5034,308,442,54,61,174,190,7,4,156,226,129,195,6,13,8,7,2,1,0,2,11,8,140,202,11,16,14,12,2,2,0,2
050,24,021,Maryland,Frederick County,2,16,7181,3144,4037,2842,3557,164,277,18,10,87,143,0,0,33,50,2873,3599,176,299,38,38,95,152,2,2,3037,3897,2762,3446,156,271,7,2,85,139,0,0,27,39,2787,3479,167,287,22,24,93,148,2,0,107,140,80,111,8,6,11,8,2,4,0,0,6,11,86,120,9,12,16,14,2,4,0,2
050,24,021,Maryland,Frederick County,2,17,4415,1873,2542,1693,2272,113,164,0,7,44,62,0,3,23,34,1713,2302,122,177,11,27,49,68,1,3,1821,2459,1648,2208,108,161,0,2,44,62,0,0,21,26,1666,2232,116,170,10,15,49,68,1,0,52,83,45,64,5,3,0,5,0,0,0,3,2,8,47,70,6,7,1,12,0,0,0,3
050,24,021,Maryland,Frederick County,2,18,4493,1561,2932,1435,2693,64,152,8,11,38,52,0,1,16,23,1451,2713,71,164,14,24,41,55,1,2,1525,2837,1401,2619,64,145,7,2,38,51,0,1,15,19,1416,2636,70,155,13,13,41,54,1,1,36,95,34,74,0,7,1,9,0,1,0,0,1,4,35,77,1,9,1,11,0,1,0,1
050,24,021,Maryland,Frederick County,3,0,280520,137204,143316,104550,108785,16172,17130,1472,1444,7633,8240,127,190,7250,7527,111311,115775,19507,20724,3972,4076,9902,10477,336,409,120022,125973,92011,96138,14559,15463,234,212,7397,8005,62,121,5759,6034,97373,101716,17223,18377,1980,2092,9380,9968,220,285,17182,17343,12539,12647,1613,1667,1238,1232,236,235,65,69,1491,1493,13938,14059,2284,2347,1992,1984,522,509,116,124
050,24,021,Maryland,Frederick County,3,1,16263,8213,8050,5517,5414,1135,1125,119,109,479,485,10,4,953,913,6420,6283,1648,1618,319,313,814,811,33,24,6635,6477,4474,4377,974,967,12,5,466,458,5,2,704,668,5141,5009,1349,1331,126,111,745,726,21,13,1578,1573,1043,1037,161,158,107,104,13,27,5,2,249,245,1279,1274,299,287,193,202,69,85,12,11
050,24,021,Maryland,Frederick County,3,2,17930,9015,8915,6020,5981,1281,1314,108,111,635,569,12,5,959,935,6924,6868,1794,1819,332,330,966,877,36,29,7387,7289,4931,4874,1096,1134,7,9,603,539,6,3,744,730,5632,5565,1495,1529,144,147,884,809,19,19,1628,1626,1089,1107,185,180,101,102,32,30,6,2,215,205,1292,1303,299,290,188,183,82,68,17,10
050,24,021,Maryland,Frederick County,3,3,19504,9970,9534,6768,6343,1439,1454,123,121,604,569,9,20,1027,1027,7733,7311,1977,2010,392,380,947,910,35,45,8173,7812,5499,5139,1263,1274,15,13,574,543,5,8,817,835,6268,5924,1699,1733,187,190,874,846,25,27,1797,1722,1269,1204,176,180,108,108,30,26,4,12,210,192,1465,1387,278,277,205,190,73,64,10,18
050,24,021,Maryland,Frederick County,3,4,19185,9782,9403,6867,6438,1418,1416,110,111,538,517,10,33,839,888,7659,7265,1849,1879,350,363,804,790,30,58,8182,7876,5721,5366,1249,1268,17,11,514,501,2,24,679,706,6360,6021,1607,1645,177,179,743,742,17,43,1600,1527,1146,1072,169,148,93,100,24,16,8,9,160,182,1299,1244,242,234,173,184,61,48,13,15
050,24,021,Maryland,Frederick County,3,5,16872,8665,8207,6347,5887,1144,1194,135,117,453,382,11,21,575,606,6882,6453,1418,1498,307,292,646,579,30,38,7211,6873,5287,4930,988,1053,17,19,440,363,10,12,469,496,5724,5394,1218,1306,139,142,609,533,26,26,1454,1334,1060,957,156,141,118,98,13,19,1,9,106,110,1158,1059,200,192,168,150,37,46,4,12
050,24,021,Maryland,Frederick County,3,6,16237,8169,8068,6137,6031,1040,1007,113,121,419,431,15,16,445,462,6551,6459,1239,1222,263,289,562,567,28,33,6930,6748,5214,5045,920,898,15,7,395,423,9,12,377,363,5564,5380,1092,1072,124,119,528,539,18,25,1239,1320,923,986,120,109,98,114,24,8,6,4,68,99,987,1079,147,150,139,170,34,28,10,8
050,24,021,Maryland,Frederick County,3,7,19121,9424,9697,7220,7199,1133,1211,116,140,509,693,10,26,436,428,7628,7592,1307,1398,294,307,642,815,25,42,8039,8261,6195,6161,990,1050,13,14,493,677,5,20,343,339,6516,6472,1127,1199,138,128,611,786,18,33,1385,1436,1025,1038,143,161,103,126,16,16,5,6,93,89,1112,1120,180,199,156,179,31,29,7,9
050,24,021,Maryland,Frederick County,3,8,20282,9960,10322,7475,7571,1163,1314,166,150,701,806,7,12,448,469,7890,8004,1330,1506,371,354,836,938,20,31,8452,8870,6385,6500,1036,1179,15,24,686,780,3,6,327,381,6687,6848,1159,1338,142,173,804,900,15,19,1508,1452,1090,1071,127,135,151,126,15,26,4,6,121,88,1203,1156,171,168,229,181,32,38,5,12
050,24,021,Maryland,Frederick County,3,9,18763,9142,9621,6733,6995,1262,1324,118,111,702,797,12,5,315,389,7020,7351,1374,1479,277,305,786,895,25,18,7728,8255,5682,5981,1133,1181,5,7,681,781,3,2,224,303,5884,6256,1214,1304,103,143,753,868,12,11,1414,1366,1051,1014,129,143,113,104,21,16,9,3,91,86,1136,1095,160,175,174,162,33,27,13,7
050,24,021,Maryland,Frederick County,3,10,17088,8378,8710,6211,6415,1085,1153,96,98,679,727,8,8,299,309,6483,6694,1192,1268,251,255,766,804,17,16,7353,7625,5408,5620,1010,1040,22,9,671,712,1,6,241,238,5626,5832,1097,1130,136,120,751,781,6,14,1025,1085,803,795,75,113,74,89,8,15,7,2,58,71,857,862,95,138,115,135,15,23,11,2
050,24,021,Maryland,Frederick County,3,11,19204,9370,9834,7323,7838,1182,1044,90,44,540,620,1,11,234,277,7531,8086,1264,1148,221,192,599,685,9,19,8524,9018,6670,7144,1112,993,25,9,524,611,1,11,192,250,6840,7365,1178,1088,124,137,578,674,7,19,846,816,653,694,70,51,65,35,16,9,0,0,42,27,691,721,86,60,97,55,21,11,2,0
050,24,021,Maryland,Frederick County,3,12,19886,9666,10220,7921,8395,1013,1031,60,54,420,449,3,10,249,281,8150,8649,1091,1136,203,219,475,511,11,16,9057,9516,7426,7841,973,980,20,6,415,439,3,7,220,243,7628,8062,1042,1070,143,147,468,496,11,11,609,704,495,554,40,51,40,48,5,10,0,3,29,38,522,587,49,66,60,72,7,15,0,5
050,24,021,Maryland,Frederick County,3,13,17622,8469,9153,7246,7633,693,831,42,66,306,419,7,6,175,198,7404,7813,745,900,142,182,346,459,13,14,8042,8664,6899,7238,673,789,17,33,297,416,2,3,154,185,7038,7407,717,856,106,137,333,455,7,11,427,489,347,395,20,42,25,33,9,3,5,3,21,13,366,406,28,44,36,45,13,4,6,3
050,24,021,Maryland,Frederick County,3,14,14248,6726,7522,5819,6417,486,648,29,38,272,299,9,7,111,113,5922,6518,521,687,93,108,295,319,11,9,6461,7228,5603,6178,469,625,11,24,267,294,4,4,107,103,5702,6269,501,664,74,86,290,312,6,6,265,294,216,239,17,23,18,14,5,5,5,3,4,10,220,249,20,23,19,22,5,7,5,3
050,24,021,Maryland,Frederick County,3,15,11599,5378,6221,4752,5435,337,457,13,25,177,192,2,2,97,110,4842,5532,368,501,73,92,195,207,8,7,5198,5960,4603,5222,328,437,3,15,175,189,2,0,87,97,4684,5308,356,477,56,73,193,202,7,4,180,261,149,213,9,20,10,10,2,3,0,2,10,13,158,224,12,24,17,19,2,5,1,3
050,24,021,Maryland,Frederick County,3,16,7509,3284,4225,2960,3722,170,289,23,10,98,148,1,0,32,56,2990,3772,179,310,45,44,105,157,1,1,3154,4073,2864,3600,162,282,11,2,95,144,1,0,21,45,2884,3639,170,301,25,29,99,152,1,0,130,152,96,122,8,7,12,8,3,4,0,0,11,11,106,133,9,9,20,15,6,5,0,1
050,24,021,Maryland,Frederick County,3,17,4655,1995,2660,1778,2369,124,176,3,5,56,68,0,3,34,39,1805,2402,135,191,23,23,66,77,2,8,1937,2570,1729,2296,117,174,2,2,56,68,0,0,33,30,1755,2321,128,186,21,15,66,75,2,3,58,90,49,73,7,2,1,3,0,0,0,3,1,9,50,81,7,5,2,8,0,2,0,5
050,24,021,Maryland,Frederick County,3,18,4552,1598,2954,1456,2702,67,142,8,13,45,69,0,1,22,27,1477,2723,76,154,16,28,52,76,2,1,1559,2858,1421,2626,66,139,7,3,45,67,0,1,20,22,1440,2644,74,148,15,16,51,72,2,1,39,96,35,76,1,3,1,10,0,2,0,0,2,5,37,79,2,6,1,12,1,4,0,0
050,24,021,Maryland,Frederick County,4,0,287899,140624,147275,105600,110159,17134,18079,1409,1496,8816,9470,128,194,7537,7877,112643,117492,20610,21886,3975,4196,11201,11839,339,399,122361,128598,92114,96373,15414,16351,240,219,8547,9198,63,120,5983,6337,97693,102253,18190,19429,2031,2167,10613,11281,212,279,18263,18677,13486,13786,1720,1728,1169,1277,269,272,65,74,1554,1540,14950,15239,2420,2457,1944,2029,588,558,127,120
050,24,021,Maryland,Frederick County,4,1,16843,8441,8402,5556,5494,1152,1232,98,124,631,590,9,4,995,958,6499,6402,1693,1752,308,333,985,935,33,21,6818,6724,4493,4383,992,1059,11,9,609,568,4,2,709,703,5161,5050,1374,1439,122,118,888,855,18,15,1623,1678,1063,1111,160,173,87,115,22,22,5,2,286,255,1338,1352,319,313,186,215,97,80,15,6
050,24,021,Maryland,Frederick County,4,2,18474,9241,9233,6087,6069,1350,1363,109,114,742,699,11,6,942,982,6986,7002,1848,1894,312,346,1077,1026,36,33,7535,7484,4917,4881,1160,1185,8,11,709,660,5,0,736,747,5617,5587,1551,1590,134,147,997,937,21,22,1706,1749,1170,1188,190,178,101,103,33,39,6,6,206,235,1369,1415,297,304,178,199,80,89,15,11
050,24,021,Maryland,Frederick County,4,3,19540,9930,9610,6646,6341,1437,1514,112,114,671,624,14,23,1050,994,7635,7276,1992,2051,384,354,1023,964,37,47,8077,7829,5333,5066,1259,1328,18,10,633,594,9,11,825,820,6108,5836,1702,1778,186,175,938,898,26,29,1853,1781,1313,1275,178,186,94,104,38,30,5,12,225,174,1527,1440,290,273,198,179,85,66,11,18
050,24,021,Maryland,Frederick County,4,4,19716,10004,9712,6949,6529,1484,1480,122,136,555,565,9,24,885,978,7780,7441,1940,1990,373,405,838,866,32,48,8256,7946,5677,5263,1306,1326,15,14,533,546,2,20,723,777,6356,5986,1690,1742,186,189,780,810,18,39,1748,1766,1272,1266,178,154,107,122,22,19,7,4,162,201,1424,1455,250,248,187,216,58,56,14,9
050,24,021,Maryland,Frederick County,4,5,16993,8721,8272,6250,5863,1251,1208,76,122,479,433,12,25,653,621,6860,6443,1564,1522,275,299,696,638,31,43,7282,6876,5168,4850,1086,1068,15,21,462,415,10,14,541,508,5673,5322,1353,1329,156,144,652,592,27,27,1439,1396,1082,1013,165,140,61,101,17,18,2,11,112,113,1187,1121,211,193,119,155,44,46,4,16
050,24,021,Maryland,Frederick County,4,6,16482,8318,8164,6152,5989,1105,1090,140,105,466,481,12,13,443,486,6564,6441,1304,1324,284,270,608,619,24,29,7002,6800,5191,4956,971,982,23,6,443,464,7,9,367,383,5532,5312,1140,1169,128,116,570,585,17,22,1316,1364,961,1033,134,108,117,99,23,17,5,4,76,103,1032,1129,164,155,156,154,38,34,7,7
050,24,021,Maryland,Frederick County,4,7,19599,9540,10059,7173,7392,1159,1212,90,128,626,855,9,25,483,447,7621,7806,1359,1412,282,299,772,987,27,39,8141,8499,6134,6208,995,1063,15,12,605,831,3,18,389,367,6494,6549,1157,1228,154,140,733,952,14,27,1399,1560,1039,1184,164,149,75,116,21,24,6,7,94,80,1127,1257,202,184,128,159,39,35,13,12
050,24,021,Maryland,Frederick County,4,8,21603,10678,10925,7896,7833,1305,1454,151,173,850,977,10,16,466,472,8324,8266,1482,1656,356,379,999,1112,23,27,9039,9327,6674,6646,1161,1295,6,26,834,960,6,10,358,390,7004,7001,1296,1465,143,181,966,1085,14,19,1639,1598,1222,1187,144,159,145,147,16,17,4,6,108,82,1320,1265,186,191,213,198,33,27,9,8
050,24,021,Maryland,Frederick County,4,9,20069,9987,10082,7199,7234,1419,1367,101,114,916,935,10,6,342,426,7518,7626,1541,1547,271,308,1008,1049,25,24,8379,8657,5951,6166,1278,1231,8,4,891,907,3,3,248,346,6181,6482,1371,1379,116,151,969,1009,14,17,1608,1425,1248,1068,141,136,93,110,25,28,7,3,94,80,1337,1144,170,168,155,157,39,40,11,7
050,24,021,Maryland,Frederick County,4,10,17396,8484,8912,6172,6416,1147,1269,120,106,754,781,8,7,283,333,6432,6717,1247,1402,263,274,832,872,19,16,7342,7697,5272,5501,1075,1145,20,13,746,765,1,4,228,269,5481,5744,1157,1252,125,138,820,848,8,11,1142,1215,900,915,72,124,100,93,8,16,7,3,55,64,951,973,90,150,138,136,12,24,11,5
050,24,021,Maryland,Frederick County,4,11,19009,9304,9705,7098,7564,1255,1112,84,36,595,688,2,12,270,293,7345,7828,1347,1223,230,189,669,757,10,17,8367,8843,6383,6851,1172,1049,18,9,576,677,2,12,216,245,6580,7069,1245,1144,125,132,642,741,9,16,937,862,715,713,83,63,66,27,19,11,0,0,54,48,765,759,102,79,105,57,27,16,1,1
050,24,021,Maryland,Frederick County,4,12,19574,9523,10051,7700,8167,1037,1050,69,48,475,491,4,8,238,287,7914,8432,1109,1156,211,215,529,549,10,10,8856,9319,7156,7579,992,998,30,6,471,480,3,7,204,249,7341,7808,1055,1090,146,148,520,534,8,9,667,732,544,588,45,52,39,42,4,11,1,1,34,38,573,624,54,66,65,67,9,15,2,1
050,24,021,Maryland,Frederick County,4,13,18120,8700,9420,7381,7787,765,872,49,82,332,463,4,6,169,210,7532,7980,821,951,150,203,373,504,6,12,8262,8837,7028,7331,744,818,15,33,323,458,2,4,150,193,7164,7509,791,891,105,143,360,496,2,9,438,583,353,456,21,54,34,49,9,5,2,2,19,17,368,471,30,60,45,60,13,8,4,3
050,24,021,Maryland,Frederick County,4,14,14727,6924,7803,5948,6595,514,683,33,35,298,344,10,13,121,133,6062,6713,547,731,103,117,324,370,12,16,6624,7472,5704,6322,498,665,9,20,292,338,3,5,118,122,5815,6433,530,708,77,92,318,363,5,8,300,331,244,273,16,18,24,15,6,6,7,8,3,11,247,280,17,23,26,25,6,7,7,8
050,24,021,Maryland,Frederick County,4,15,11761,5376,6385,4700,5498,367,518,18,31,194,226,1,2,96,110,4789,5599,396,561,78,95,213,244,6,5,5187,6111,4544,5275,356,496,7,18,193,223,0,0,87,99,4624,5365,382,535,61,77,211,239,3,2,189,274,156,223,11,22,11,13,1,3,1,2,9,11,165,234,14,26,17,18,2,5,3,3
050,24,021,Maryland,Frederick County,4,16,8320,3705,4615,3336,4056,186,319,18,9,120,159,3,0,42,72,3373,4122,200,349,45,51,129,172,4,4,3564,4445,3225,3916,181,310,10,3,116,155,3,0,29,61,3249,3971,191,335,27,40,124,167,4,3,141,170,111,140,5,9,8,6,4,4,0,0,13,11,124,151,9,14,18,11,5,5,0,1
050,24,021,Maryland,Frederick County,4,17,5041,2109,2932,1872,2609,132,174,11,7,62,95,0,2,32,45,1901,2648,140,194,28,30,70,104,3,5,2034,2839,1816,2532,121,174,5,3,61,95,0,0,31,35,1844,2562,129,189,21,22,69,102,3,2,75,93,56,77,11,0,6,4,1,0,0,2,1,10,57,86,11,5,7,8,1,2,0,3
050,24,021,Maryland,Frederick County,4,18,4632,1639,2993,1485,2723,69,162,8,12,50,64,0,2,27,30,1508,2750,80,171,22,29,56,71,1,3,1596,2893,1448,2647,67,159,7,1,50,62,0,1,24,23,1469,2667,76,166,19,14,56,68,1,2,43,100,37,76,2,3,1,11,0,2,0,1,3,7,39,83,4,5,3,15,0,3,0,1
050,24,021,Maryland,Frederick County,5,0,293742,143434,150308,106170,110959,18044,18903,1477,1593,9744,10438,134,190,7865,8225,113501,118600,21700,22904,4113,4388,12262,12932,351,421,124210,130594,91937,96409,16241,17117,242,233,9459,10151,68,119,6263,6565,97765,102495,19158,20318,2096,2230,11665,12332,233,294,19224,19714,14233,14550,1803,1786,1235,1360,285,287,66,71,1602,1660,15736,16105,2542,2586,2017,2158,597,600,118,127
050,24,021,Maryland,Frederick County,5,1,17154,8688,8466,5567,5430,1207,1292,118,132,738,626,6,3,1052,983,6562,6357,1782,1827,337,329,1110,984,29,28,6949,6786,4439,4308,1029,1123,9,11,711,597,1,0,760,747,5157,5015,1438,1525,130,122,1012,901,15,19,1739,1680,1128,1122,178,169,109,121,27,29,5,3,292,236,1405,1342,344,302,207,207,98,83,14,9
050,24,021,Maryland,Frederick County,5,2,18967,9477,9490,6108,6124,1429,1404,115,113,825,786,10,6,990,1057,7044,7125,1956,1978,332,361,1180,1147,30,26,7746,7618,4908,4861,1246,1214,15,14,791,748,6,1,780,780,5644,5598,1660,1636,154,156,1098,1050,20,15,1731,1872,1200,1263,183,190,100,99,34,38,4,5,210,277,1400,1527,296,342,178,205,82,97,10,11
050,24,021,Maryland,Frederick County,5,3,19422,9833,9589,6469,6278,1484,1534,112,106,744,657,18,18,1006,996,7422,7214,2016,2074,372,358,1090,983,40,41,7979,7794,5155,5015,1296,1355,19,7,707,624,11,11,791,782,5901,5746,1717,1786,180,167,1010,909,29,27,1854,1795,1314,1263,188,179,93,99,37,33,7,7,215,214,1521,1468,299,288,192,191,80,74,11,14
050,24,021,Maryland,Frederick County,5,4,20217,10154,10063,6942,6738,1566,1564,139,135,565,614,9,24,933,988,7818,7662,2061,2085,393,399,863,917,31,53,8321,8106,5614,5301,1387,1397,15,18,544,592,1,18,760,780,6326,6028,1799,1816,188,186,806,858,18,39,1833,1957,1328,1437,179,167,124,117,21,22,8,6,173,208,1492,1634,262,269,205,213,57,59,13,14
050,24,021,Maryland,Frederick County,5,5,16847,8673,8174,6168,5684,1251,1220,67,123,491,461,14,27,682,659,6810,6303,1583,1558,266,308,715,675,36,45,7155,6787,5017,4677,1083,1089,15,17,469,442,12,15,559,547,5544,5191,1361,1371,156,151,668,630,28,30,1518,1387,1151,1007,168,131,52,106,22,19,2,12,123,112,1266,1112,222,187,110,157,47,45,8,15
050,24,021,Maryland,Frederick County,5,6,16549,8287,8262,6068,5926,1115,1082,121,100,486,605,13,14,484,535,6522,6427,1337,1342,275,283,648,766,32,33,6967,6875,5098,4893,987,957,16,10,458,584,9,9,399,422,5472,5288,1175,1168,129,133,605,723,24,21,1320,1387,970,1033,128,125,105,90,28,21,4,5,85,113,1050,1139,162,174,146,150,43,43,8,12
050,24,021,Maryland,Frederick County,5,7,20085,9822,10263,7203,7405,1263,1258,114,132,726,967,9,19,507,482,7674,7853,1476,1469,311,315,879,1109,25,37,8313,8644,6106,6180,1076,1125,15,9,707,941,4,13,405,376,6482,6530,1245,1293,156,132,845,1066,16,27,1509,1619,1097,1225,187,133,99,123,19,26,5,6,102,106,1192,1323,231,176,155,183,34,43,9,10
050,24,021,Maryland,Frederick County,5,8,22395,10987,11408,8013,8040,1403,1574,160,183,939,1094,11,19,461,498,8438,8496,1582,1793,349,390,1092,1240,29,35,9328,9605,6752,6694,1263,1389,10,28,925,1079,7,15,371,400,7095,7059,1407,1568,143,176,1062,1213,20,29,1659,1803,1261,1346,140,185,150,155,14,15,4,4,90,98,1343,1437,175,225,206,214,30,27,9,6
050,24,021,Maryland,Frederick County,5,9,21279,10631,10648,7580,7566,1486,1457,97,152,1073,1029,6,6,389,438,7938,7967,1626,1645,284,356,1187,1150,17,20,8885,9157,6203,6462,1338,1319,8,10,1042,1001,2,1,292,364,6469,6791,1446,1477,131,167,1144,1109,9,12,1746,1491,1377,1104,148,138,89,142,31,28,4,5,97,74,1469,1176,180,168,153,189,43,41,8,8
050,24,021,Maryland,Frederick County,5,10,17922,8799,9123,6307,6500,1240,1323,121,120,810,809,12,8,309,363,6583,6827,1345,1466,272,300,900,909,21,20,7538,7817,5315,5509,1157,1199,16,14,801,798,2,6,247,291,5535,5770,1243,1314,127,149,879,887,10,16,1261,1306,992,991,83,124,105,106,9,11,10,2,62,72,1048,1057,102,152,145,151,21,22,11,4
050,24,021,Maryland,Frederick County,5,11,18822,9273,9549,6875,7250,1312,1177,110,49,665,758,4,8,307,307,7155,7523,1417,1296,278,208,743,834,13,19,8236,8622,6103,6505,1222,1100,24,5,645,751,2,8,240,253,6324,6729,1304,1201,142,128,714,820,10,17,1037,927,772,745,90,77,86,44,20,7,2,0,67,54,831,794,113,95,136,80,29,14,3,2
050,24,021,Maryland,Frederick County,5,12,19088,9273,9815,7430,7849,1089,1081,59,63,484,540,1,9,210,273,7616,8096,1158,1183,178,215,536,599,8,17,8567,9029,6846,7217,1033,1030,24,8,482,524,1,9,181,241,7007,7437,1093,1120,122,140,531,578,8,14,706,786,584,632,56,51,35,55,2,16,0,0,29,32,609,659,65,63,56,75,5,21,0,3
050,24,021,Maryland,Frederick County,5,13,18537,8856,9681,7423,7956,826,927,44,73,374,487,6,8,183,230,7587,8160,885,1013,153,204,411,541,12,14,8362,9058,7025,7457,795,870,15,29,367,483,3,5,157,214,7166,7648,846,949,106,151,402,534,7,11,494,623,398,499,31,57,29,44,7,4,3,3,26,16,421,512,39,64,47,53,9,7,5,3
050,24,021,Maryland,Frederick County,5,14,15304,7202,8102,6139,6791,548,726,39,40,339,393,7,13,130,139,6255,6917,587,782,117,122,371,421,12,15,6869,7711,5868,6470,530,705,9,19,332,387,3,6,127,124,5982,6583,567,754,85,93,364,412,8,8,333,391,271,321,18,21,30,21,7,6,4,7,3,15,273,334,20,28,32,29,7,9,4,7
050,24,021,Maryland,Frederick County,5,15,12001,5492,6509,4752,5547,400,555,23,35,216,250,5,4,96,118,4837,5655,426,603,83,106,240,268,10,6,5288,6203,4584,5297,391,532,10,19,214,245,1,1,88,109,4662,5396,414,576,65,83,237,263,5,3,204,306,168,250,9,23,13,16,2,5,4,3,8,9,175,259,12,27,18,23,3,5,5,3
050,24,021,Maryland,Frederick County,5,16,8883,4001,4882,3568,4257,210,361,14,13,143,174,3,0,63,77,3626,4327,227,392,53,61,155,185,6,3,3846,4706,3440,4108,204,350,9,9,140,170,3,0,50,69,3486,4172,218,376,37,53,151,181,6,2,155,176,128,149,6,11,5,4,3,4,0,0,13,8,140,155,9,16,16,8,4,4,0,1
050,24,021,Maryland,Frederick County,5,17,5461,2272,3189,2024,2812,137,204,16,8,67,116,0,0,28,49,2047,2854,147,223,33,40,75,126,0,3,2189,3090,1965,2731,129,202,6,3,65,115,0,0,24,39,1984,2764,139,218,21,26,71,123,0,2,83,99,59,81,8,2,10,5,2,1,0,0,4,10,63,90,8,5,12,14,4,3,0,1
050,24,021,Maryland,Frederick County,5,18,4809,1714,3095,1534,2806,78,164,8,16,59,72,0,4,35,33,1567,2837,89,175,27,33,67,78,0,6,1672,2986,1499,2724,75,161,7,3,59,70,0,1,32,27,1529,2750,86,170,24,17,66,75,0,2,42,109,35,82,3,3,1,13,0,2,0,3,3,6,38,87,3,5,3,16,1,3,0,4
050,24,021,Maryland,Frederick County,6,0,298855,146054,152801,106907,111467,18750,19593,1594,1652,10553,11324,143,184,8107,8581,114461,119431,22512,23747,4286,4571,13157,13905,399,418,125956,132376,92078,96410,16912,17813,254,240,10241,11032,72,117,6399,6764,98033,102668,19881,21098,2119,2279,12502,13276,258,298,20098,20425,14829,15057,1838,1780,1340,1412,312,292,71,67,1708,1817,16428,16763,2631,2649,2167,2292,655,629,141,120
050,24,021,Maryland,Frederick County,6,1,17234,8832,8402,5489,5328,1296,1274,131,116,809,706,4,3,1103,975,6530,6252,1893,1804,370,322,1205,1062,34,21,7003,6725,4333,4198,1116,1108,10,11,770,662,0,1,774,745,5065,4904,1527,1507,135,130,1084,965,19,15,1829,1677,1156,1130,180,166,121,105,39,44,4,2,329,230,1465,1348,366,297,235,192,121,97,15,6
050,24,021,Maryland,Frederick County,6,2,19150,9513,9637,6115,6153,1413,1444,118,101,879,821,13,7,975,1111,7032,7208,1932,2045,329,360,1231,1191,34,37,7787,7751,4918,4886,1237,1264,13,14,844,797,7,1,768,789,5640,5632,1649,1688,144,152,1150,1102,21,20,1726,1886,1197,1267,176,180,105,87,35,24,6,6,207,322,1392,1576,283,357,185,208,81,89,13,17
050,24,021,Maryland,Frederick County,6,3,19501,9904,9597,6471,6164,1543,1570,114,124,772,720,16,13,988,1006,7401,7109,2069,2109,364,372,1111,1059,42,33,8052,7782,5160,4920,1353,1390,18,12,747,683,8,10,766,767,5882,5639,1762,1810,170,159,1042,968,26,25,1852,1815,1311,1244,190,180,96,112,25,37,8,3,222,239,1519,1470,307,299,194,213,69,91,16,8
050,24,021,Maryland,Frederick County,6,4,20362,10229,10133,6898,6680,1599,1619,178,150,585,634,7,26,962,1024,7806,7638,2107,2174,429,414,891,958,29,51,8272,8096,5490,5187,1417,1444,23,13,560,613,1,16,781,823,6224,5957,1836,1895,193,186,827,899,18,34,1957,2037,1408,1493,182,175,155,137,25,21,6,10,181,201,1582,1681,271,279,236,228,64,59,11,17
050,24,021,Maryland,Frederick County,6,5,16983,8776,8207,6115,5650,1314,1230,96,124,511,484,17,26,723,693,6785,6298,1665,1583,314,323,747,704,44,49,7211,6755,4970,4608,1153,1113,15,9,482,466,12,16,579,543,5508,5116,1442,1395,163,138,683,653,29,34,1565,1452,1145,1042,161,117,81,115,29,18,5,10,144,150,1277,1182,223,188,151,185,64,51,15,15
050,24,021,Maryland,Frederick County,6,6,16771,8426,8345,6104,5843,1134,1115,92,127,545,708,13,11,538,541,6605,6349,1380,1375,257,302,724,870,36,27,7033,6963,5059,4815,990,1007,13,21,517,685,10,7,444,428,5472,5216,1200,1215,131,138,677,828,26,20,1393,1382,1045,1028,144,108,79,106,28,23,3,4,94,113,1133,1133,180,160,126,164,47,42,10,7
050,24,021,Maryland,Frederick County,6,7,20012,9782,10230,7151,7248,1232,1299,112,134,783,1007,11,21,493,521,7612,7728,1440,1536,304,329,928,1155,29,39,8240,8579,6025,6016,1056,1157,11,11,758,983,4,15,386,397,6384,6379,1218,1341,142,138,890,1114,17,27,1542,1651,1126,1232,176,142,101,123,25,24,7,6,107,124,1228,1349,222,195,162,191,38,41,12,12
050,24,021,Maryland,Frederick County,6,8,23042,11253,11789,8111,8268,1464,1621,179,164,1015,1205,13,16,471,515,8553,8741,1647,1850,367,375,1166,1354,29,27,9534,9926,6823,6844,1306,1440,17,22,1000,1189,9,13,379,418,7179,7228,1453,1628,150,173,1137,1326,23,22,1719,1863,1288,1424,158,181,162,142,15,16,4,3,92,97,1374,1513,194,222,217,202,29,28,6,5
050,24,021,Maryland,Frederick County,6,9,22362,11214,11148,7932,7827,1539,1544,112,173,1204,1126,4,9,423,469,8322,8252,1690,1741,313,394,1334,1249,19,28,9352,9519,6429,6619,1407,1398,12,14,1173,1103,1,3,330,382,6730,6967,1526,1560,152,175,1285,1215,13,19,1862,1629,1503,1208,132,146,100,159,31,23,3,6,93,87,1592,1285,164,181,161,219,49,34,6,9
050,24,021,Maryland,Frederick County,6,10,18580,9147,9433,6454,6656,1378,1387,115,126,871,873,12,5,317,386,6744,7007,1495,1540,270,311,960,978,24,14,7780,8060,5383,5614,1281,1260,12,15,858,859,3,4,243,308,5606,5891,1371,1383,119,152,937,954,11,11,1367,1373,1071,1042,97,127,103,111,13,14,9,1,74,78,1138,1116,124,157,151,159,23,24,13,3
050,24,021,Maryland,Frederick County,6,11,18472,9086,9386,6641,6948,1304,1227,98,66,714,798,6,5,323,342,6935,7257,1413,1356,265,240,804,886,17,13,7991,8372,5813,6162,1203,1136,21,8,695,793,2,4,257,269,6046,6400,1289,1244,142,132,773,870,11,12,1095,1014,828,786,101,91,77,58,19,5,4,1,66,73,889,857,124,112,123,108,31,16,6,1
050,24,021,Maryland,Frederick County,6,12,18786,9171,9615,7198,7570,1163,1101,85,56,528,592,2,12,195,284,7377,7830,1225,1204,191,213,578,654,12,21,8411,8801,6593,6893,1107,1057,27,7,520,574,1,12,163,258,6743,7128,1160,1151,111,148,567,631,9,21,760,814,605,677,56,44,58,49,8,18,1,0,32,26,634,702,65,53,80,65,11,23,3,0
050,24,021,Maryland,Frederick County,6,13,18970,9016,9954,7447,8075,888,998,57,63,420,557,4,9,200,252,7626,8302,953,1092,171,206,468,607,11,16,8469,9299,7007,7551,854,941,16,21,415,553,3,6,174,227,7163,7756,908,1025,115,148,460,600,9,13,547,655,440,524,34,57,41,42,5,4,1,3,26,25,463,546,45,67,56,58,8,7,2,3
050,24,021,Maryland,Frederick County,6,14,15825,7421,8404,6285,6969,582,788,40,47,358,434,9,11,147,155,6416,7105,622,844,126,139,395,464,14,16,7054,7971,5991,6614,558,760,13,22,349,428,3,5,140,142,6116,6739,595,814,95,104,385,456,8,9,367,433,294,355,24,28,27,25,9,6,6,6,7,13,300,366,27,30,31,35,10,8,6,7
050,24,021,Maryland,Frederick County,6,15,12433,5690,6743,4887,5726,423,586,25,37,251,269,8,5,96,120,4974,5833,450,633,83,114,276,289,16,13,5469,6436,4709,5476,415,567,8,21,249,261,4,3,84,108,4786,5573,440,613,58,89,272,280,9,8,221,307,178,250,8,19,17,16,2,8,4,2,12,12,188,260,10,20,25,25,4,9,7,5
050,24,021,Maryland,Frederick County,6,16,9501,4343,5158,3822,4487,245,387,17,19,172,166,4,2,83,97,3897,4572,272,421,69,81,188,183,7,5,4179,4961,3687,4317,239,376,11,12,170,166,4,0,68,90,3748,4396,262,407,51,69,184,183,7,3,164,197,135,170,6,11,6,7,2,0,0,2,15,7,149,176,10,14,18,12,4,0,0,2
050,24,021,Maryland,Frederick County,6,17,5865,2414,3451,2164,3018,135,228,16,10,69,146,0,0,30,49,2187,3057,145,248,34,39,77,157,1,4,2327,3329,2102,2922,125,223,6,4,68,141,0,0,26,39,2121,2952,134,238,21,28,76,150,1,3,87,122,62,96,10,5,10,6,1,5,0,0,4,10,66,105,11,10,13,11,1,7,0,1
050,24,021,Maryland,Frederick County,6,18,5006,1837,3169,1623,2857,98,175,9,15,67,78,0,3,40,41,1659,2893,114,192,30,37,74,85,1,4,1792,3051,1586,2768,95,172,8,3,66,76,0,1,37,31,1620,2795,109,184,27,20,73,82,1,2,45,118,37,89,3,3,1,12,1,2,0,2,3,10,39,98,5,8,3,17,1,3,0,2
050,24,021,Maryland,Frederick County,7,0,302883,147840,155043,107147,112002,19303,20217,1695,1729,11242,11989,149,190,8304,8916,114910,120329,23173,24578,4417,4724,13915,14700,401,438,127086,133823,91936,96436,17391,18343,262,259,10918,11672,80,122,6499,6991,97998,102943,20420,21754,2119,2331,13233,14027,270,308,20754,21220,15211,15566,1912,1874,1433,1470,324,317,69,68,1805,1925,16912,17386,2753,2824,2298,2393,682,673,131,130
050,24,021,Maryland,Frederick County,7,1,16932,8687,8245,5347,5130,1264,1196,172,119,808,761,2,8,1094,1031,6382,6100,1861,1749,408,330,1189,1147,32,31,6751,6547,4180,3993,1078,1022,8,10,758,704,0,3,727,815,4871,4761,1466,1456,117,137,1049,1038,18,17,1936,1698,1167,1137,186,174,164,109,50,57,2,5,367,216,1511,1339,395,293,291,193,140,109,14,14
050,24,021,Maryland,Frederick County,7,2,19139,9559,9580,6025,6054,1468,1458,114,86,936,851,15,6,1001,1125,6981,7125,2004,2072,329,353,1303,1226,37,39,7839,7693,4850,4781,1282,1290,13,11,910,833,6,1,778,777,5592,5519,1700,1702,146,146,1224,1136,22,22,1720,1887,1175,1273,186,168,101,75,26,18,9,5,223,348,1389,1606,304,370,183,207,79,90,15,17
050,24,021,Maryland,Frederick County,7,3,19576,9872,9704,6370,6158,1540,1617,118,133,841,777,14,11,989,1008,7301,7112,2064,2166,363,380,1188,1122,37,30,8032,7871,5088,4921,1358,1427,20,15,800,739,7,8,759,761,5803,5637,1760,1844,166,160,1095,1028,24,22,1840,1833,1282,1237,182,190,98,118,41,38,7,3,230,247,1498,1475,304,322,197,220,93,94,13,8
050,24,021,Maryland,Frederick County,7,4,20434,10289,10145,6829,6569,1666,1694,159,141,628,647,6,24,1001,1070,7774,7573,2199,2274,423,416,948,983,35,48,8339,8112,5440,5098,1473,1518,23,16,600,617,3,17,800,846,6192,5888,1909,1984,196,190,879,915,23,36,1950,2033,1389,1471,193,176,136,125,28,30,3,7,201,224,1582,1685,290,290,227,226,69,68,12,12
050,24,021,Maryland,Frederick County,7,5,17094,8700,8394,5981,5684,1334,1283,120,167,491,496,15,28,759,736,6692,6374,1709,1661,347,384,728,729,39,48,7029,6747,4783,4525,1149,1154,16,11,469,477,9,18,603,562,5344,5048,1454,1445,168,145,677,672,28,34,1671,1647,1198,1159,185,129,104,156,22,19,6,10,156,174,1348,1326,255,216,179,239,51,57,11,14
050,24,021,Maryland,Frederick County,7,6,16912,8511,8401,6151,5798,1151,1168,100,113,593,744,19,9,497,569,6616,6329,1380,1452,256,293,762,915,35,27,7080,6966,5057,4741,1014,1032,13,19,570,723,14,5,412,446,5443,5162,1208,1259,122,138,723,870,27,17,1431,1435,1094,1057,137,136,87,94,23,21,5,4,85,123,1173,1167,172,193,134,155,39,45,8,10
050,24,021,Maryland,Frederick County,7,7,19846,9670,10176,6966,7146,1244,1295,107,151,835,1023,8,18,510,543,7437,7656,1465,1547,288,342,992,1191,27,40,8166,8506,5837,5912,1072,1155,14,13,813,1001,7,12,423,413,6229,6298,1255,1349,150,135,959,1145,20,30,1504,1670,1129,1234,172,140,93,138,22,22,1,6,87,130,1208,1358,210,198,138,207,33,46,7,10
050,24,021,Maryland,Frederick County,7,8,23367,11386,11981,8201,8337,1460,1644,182,161,1063,1280,14,21,466,538,8634,8836,1641,1886,358,369,1218,1434,36,37,9605,10093,6864,6893,1301,1464,17,19,1038,1260,8,16,377,441,7212,7300,1450,1664,141,171,1179,1404,24,29,1781,1888,1337,1444,159,180,165,142,25,20,6,5,89,97,1422,1536,191,222,217,198,39,30,12,8
050,24,021,Maryland,Frederick County,7,9,23212,11637,11575,8210,8030,1553,1594,136,199,1289,1259,6,13,443,480,8623,8473,1716,1797,332,421,1427,1386,21,31,9713,9828,6677,6744,1417,1432,14,22,1263,1237,5,7,337,386,6986,7100,1543,1596,142,184,1384,1357,17,21,1924,1747,1533,1286,136,162,122,177,26,22,1,6,106,94,1637,1373,173,201,190,237,43,29,4,10
050,24,021,Maryland,Frederick County,7,10,19589,9708,9881,6709,6963,1531,1471,110,117,988,918,14,3,356,409,7030,7339,1661,1642,286,315,1092,1026,23,19,8219,8439,5549,5853,1415,1344,3,14,972,905,3,2,277,321,5798,6146,1518,1479,125,157,1066,1001,11,13,1489,1442,1160,1110,116,127,107,103,16,13,11,1,79,88,1232,1193,143,163,161,158,26,25,12,6
050,24,021,Maryland,Frederick County,7,11,18110,8899,9211,6433,6649,1293,1292,100,90,734,810,8,6,331,364,6735,6982,1407,1429,273,274,821,904,18,15,7778,8110,5567,5823,1198,1180,23,12,723,798,2,5,265,292,5809,6088,1290,1294,147,149,803,882,11,13,1121,1101,866,826,95,112,77,78,11,12,6,1,66,72,926,894,117,135,126,125,18,22,7,2
050,24,021,Maryland,Frederick County,7,12,18673,9076,9597,6975,7467,1233,1138,105,46,555,650,2,11,206,285,7162,7726,1299,1246,211,200,612,717,12,18,8234,8756,6325,6751,1165,1092,32,7,543,637,1,11,168,258,6478,6987,1221,1189,113,142,593,700,9,17,842,841,650,716,68,46,73,39,12,13,1,0,38,27,684,739,78,57,98,58,19,17,3,1
050,24,021,Maryland,Frederick County,7,13,19092,9110,9982,7421,8036,958,1043,52,61,465,592,4,9,210,241,7616,8258,1023,1135,172,198,514,645,12,16,8517,9260,6942,7470,917,980,12,12,459,582,3,6,184,210,7112,7664,974,1061,117,129,505,632,10,11,593,722,479,566,41,63,40,49,6,10,1,3,26,31,504,594,49,74,55,69,9,13,2,5
050,24,021,Maryland,Frederick County,7,14,16182,7586,8596,6379,7057,640,840,42,56,358,446,9,11,158,186,6522,7228,688,913,132,170,396,479,15,13,7199,8139,6071,6672,613,811,18,35,349,442,3,5,145,174,6204,6831,655,880,100,140,386,475,8,7,387,457,308,385,27,29,24,21,9,4,6,6,13,12,318,397,33,33,32,30,10,4,7,6
050,24,021,Maryland,Frederick County,7,15,12991,5941,7050,5067,5956,425,606,30,43,302,315,9,7,108,123,5166,6065,455,653,92,114,330,338,15,13,5696,6724,4873,5690,416,588,10,23,299,306,5,5,93,112,4958,5789,442,631,61,87,324,327,11,11,245,326,194,266,9,18,20,20,3,9,4,2,15,11,208,276,13,22,31,27,6,11,4,2
050,24,021,Maryland,Frederick County,7,16,10201,4640,5561,4048,4816,283,437,19,20,193,182,4,2,93,104,4130,4911,315,475,73,81,213,200,5,5,4460,5322,3903,4615,276,421,9,13,191,180,4,0,77,93,3970,4699,304,455,51,69,209,197,5,2,180,239,145,201,7,16,10,7,2,2,0,2,16,11,160,212,11,20,22,12,4,3,0,3
050,24,021,Maryland,Frederick County,7,17,6227,2598,3629,2301,3175,153,243,20,10,88,149,0,0,36,52,2332,3217,162,264,43,39,97,160,1,4,2507,3506,2236,3078,144,238,9,2,87,144,0,0,31,44,2263,3113,152,256,28,25,95,154,1,4,91,123,65,97,9,5,11,8,1,5,0,0,5,8,69,104,10,8,15,14,2,6,0,0
050,24,021,Maryland,Frederick County,7,18,5306,1971,3335,1734,2977,107,198,9,16,75,89,0,3,46,52,1777,3025,124,217,31,45,85,98,1,4,1922,3204,1694,2876,103,195,8,5,74,87,0,1,43,40,1734,2913,119,210,29,27,83,94,1,2,49,131,40,101,4,3,1,11,1,2,0,2,3,12,43,112,5,7,2,18,2,4,0,2
050,24,023,Maryland,Garrett County,1,0,28806,14246,14560,13713,14089,182,87,20,19,33,62,0,0,298,303,14003,14375,240,168,221,213,83,107,23,11,14093,14400,13595,13956,175,84,17,17,33,60,0,0,273,283,13863,14228,218,154,207,199,75,100,19,9,153,160,118,133,7,3,3,2,0,2,0,0,25,20,140,147,22,14,14,14,8,7,4,2
050,24,023,Maryland,Garrett County,1,1,1380,693,687,666,659,4,4,0,1,2,0,0,0,21,23,686,680,9,16,9,10,11,3,2,1,684,674,659,651,4,1,0,0,2,0,0,0,19,22,677,672,8,12,9,8,10,3,2,1,9,13,7,8,0,3,0,1,0,0,0,0,2,1,9,8,1,4,0,2,1,0,0,0
050,24,023,Maryland,Garrett County,1,2,1487,734,753,689,705,3,2,2,0,5,0,0,0,35,46,724,749,18,15,20,21,8,13,0,3,711,734,674,690,2,2,1,0,5,0,0,0,29,42,703,732,13,15,17,18,7,12,0,1,23,19,15,15,1,0,1,0,0,0,0,0,6,4,21,17,5,0,3,3,1,1,0,2
050,24,023,Maryland,Garrett County,1,3,1613,847,766,803,726,12,13,3,0,0,5,0,0,29,22,832,744,20,29,16,6,11,9,7,0,832,751,793,714,12,13,2,0,0,5,0,0,25,19,818,731,18,26,13,6,10,7,7,0,15,15,10,12,0,0,1,0,0,0,0,0,4,3,14,13,2,3,3,0,1,2,0,0
050,24,023,Maryland,Garrett County,1,4,1745,974,771,853,721,85,14,0,0,2,8,0,0,34,28,884,742,94,26,26,15,6,17,3,0,951,750,841,703,80,14,0,0,2,8,0,0,28,25,868,722,84,23,23,14,4,17,0,0,23,21,12,18,5,0,0,0,0,0,0,0,6,3,16,20,10,3,3,1,2,0,3,0
050,24,023,Maryland,Garrett County,1,5,1539,814,725,759,678,29,16,2,6,0,6,0,0,24,19,783,697,30,22,24,18,0,7,1,0,805,717,750,672,29,16,2,6,0,4,0,0,24,19,774,691,30,22,24,18,0,5,1,0,9,8,9,6,0,0,0,0,0,2,0,0,0,0,9,6,0,0,0,0,0,2,0,0
050,24,023,Maryland,Garrett County,1,6,1512,750,762,729,739,0,6,2,1,1,0,0,0,18,16,746,755,2,7,8,16,9,0,3,0,743,747,723,725,0,6,2,0,1,0,0,0,17,16,740,741,2,7,8,15,8,0,2,0,7,15,6,14,0,0,0,1,0,0,0,0,1,0,6,14,0,0,0,1,1,0,1,0
050,24,023,Maryland,Garrett County,1,7,1447,753,694,733,668,5,7,0,0,3,0,0,0,12,19,743,687,7,7,8,15,5,4,2,0,745,680,726,657,4,7,0,0,3,0,0,0,12,16,736,673,6,7,8,12,5,4,2,0,8,14,7,11,1,0,0,0,0,0,0,0,0,3,7,14,1,0,0,3,0,0,0,0
050,24,023,Maryland,Garrett County,1,8,1575,768,807,746,775,10,6,0,0,1,8,0,0,11,18,757,793,15,8,6,15,1,8,0,1,750,803,728,771,10,6,0,0,1,8,0,0,11,18,739,789,15,8,6,15,1,8,0,1,18,4,18,4,0,0,0,0,0,0,0,0,0,0,18,4,0,0,0,0,0,0,0,0
050,24,023,Maryland,Garrett County,1,9,1558,803,755,778,734,2,0,6,2,0,2,0,0,17,17,795,751,6,1,15,15,3,4,2,2,792,740,769,722,2,0,5,2,0,2,0,0,16,14,785,736,6,0,14,14,2,2,2,2,11,15,9,12,0,0,1,0,0,0,0,0,1,3,10,15,0,1,1,1,1,2,0,0
050,24,023,Maryland,Garrett County,1,10,1709,810,899,778,875,5,4,0,0,5,5,0,0,22,15,799,889,7,4,17,14,10,6,1,1,808,895,777,871,5,4,0,0,5,5,0,0,21,15,797,885,7,4,16,14,10,6,1,1,2,4,1,4,0,0,0,0,0,0,0,0,1,0,2,4,0,0,1,0,0,0,0,0
050,24,023,Maryland,Garrett County,1,11,1938,954,984,926,961,2,0,0,2,6,4,0,0,20,17,946,978,5,0,19,15,7,8,0,2,944,971,920,948,2,0,0,2,6,4,0,0,16,17,936,965,2,0,16,15,6,8,0,2,10,13,6,13,0,0,0,0,0,0,0,0,4,0,10,13,3,0,3,0,1,0,0,0
050,24,023,Maryland,Garrett County,1,12,2244,1114,1130,1091,1108,4,0,1,0,1,2,0,0,17,20,1108,1127,4,2,16,19,3,3,0,1,1109,1130,1086,1108,4,0,1,0,1,2,0,0,17,20,1103,1127,4,2,16,19,3,3,0,1,5,0,5,0,0,0,0,0,0,0,0,0,0,0,5,0,0,0,0,0,0,0,0,0
050,24,023,Maryland,Garrett County,1,13,2272,1113,1159,1097,1138,7,3,0,0,0,9,0,0,9,9,1106,1147,8,9,8,6,0,9,0,0,1113,1151,1097,1133,7,3,0,0,0,9,0,0,9,6,1106,1139,8,6,8,3,0,9,0,0,0,8,0,5,0,0,0,0,0,0,0,0,0,3,0,8,0,3,0,3,0,0,0,0
050,24,023,Maryland,Garrett County,1,14,2106,1026,1080,1014,1058,6,3,2,6,1,4,0,0,3,9,1017,1067,6,3,5,12,1,7,0,0,1020,1080,1008,1058,6,3,2,6,1,4,0,0,3,9,1011,1067,6,3,5,12,1,7,0,0,6,0,6,0,0,0,0,0,0,0,0,0,0,0,6,0,0,0,0,0,0,0,0,0
050,24,023,Maryland,Garrett County,1,15,1765,850,915,830,895,2,0,0,0,6,9,0,0,12,11,842,906,3,2,11,9,7,9,0,0,848,912,828,892,2,0,0,0,6,9,0,0,12,11,840,903,3,2,11,9,7,9,0,0,2,3,2,3,0,0,0,0,0,0,0,0,0,0,2,3,0,0,0,0,0,0,0,0
050,24,023,Maryland,Garrett County,1,16,1258,603,655,594,650,2,1,1,1,0,0,0,0,6,3,600,653,2,1,5,4,0,0,2,0,602,655,593,650,2,1,1,1,0,0,0,0,6,3,599,653,2,1,5,4,0,0,2,0,1,0,1,0,0,0,0,0,0,0,0,0,0,0,1,0,0,0,0,0,0,0,0,0
050,24,023,Maryland,Garrett County,1,17,808,373,435,367,429,1,3,1,0,0,0,0,0,4,3,371,432,1,5,5,1,0,0,0,0,371,430,365,424,1,3,1,0,0,0,0,0,4,3,369,427,1,5,5,1,0,0,0,0,2,5,2,5,0,0,0,0,0,0,0,0,0,0,2,5,0,0,0,0,0,0,0,0
050,24,023,Maryland,Garrett County,1,18,850,267,583,260,570,3,5,0,0,0,0,0,0,4,8,264,578,3,11,3,2,1,0,0,0,265,580,258,567,3,5,0,0,0,0,0,0,4,8,262,575,3,11,3,2,1,0,0,0,2,3,2,3,0,0,0,0,0,0,0,0,0,0,2,3,0,0,0,0,0,0,0,0
050,24,023,Maryland,Garrett County,2,0,28798,14264,14534,13729,14057,178,89,20,21,34,63,0,0,303,304,14012,14326,274,196,204,196,72,107,9,20,14110,14373,13612,13926,171,86,17,19,34,61,0,0,276,281,13869,14174,261,183,181,182,70,104,9,18,154,161,117,131,7,3,3,2,0,2,0,0,27,23,143,152,13,13,23,14,2,3,0,2
050,24,023,Maryland,Garrett County,2,1,1404,709,695,679,666,4,5,0,1,3,0,0,0,23,23,702,687,16,12,6,10,8,6,1,3,701,682,673,658,4,2,0,0,3,0,0,0,21,22,694,678,15,9,6,8,7,6,1,3,8,13,6,8,0,3,0,1,0,0,0,0,2,1,8,9,1,3,0,2,1,0,0,0
050,24,023,Maryland,Garrett County,2,2,1480,730,750,688,700,2,2,2,0,5,0,0,0,33,48,720,743,13,21,20,21,11,11,0,3,708,731,674,686,1,2,1,0,5,0,0,0,27,43,700,726,11,19,14,17,11,11,0,2,22,19,14,14,1,0,1,0,0,0,0,0,6,5,20,17,2,2,6,4,0,0,0,1
050,24,023,Maryland,Garrett County,2,3,1598,837,761,792,724,11,11,2,0,1,4,0,0,31,22,822,744,22,19,19,12,3,7,2,1,822,746,783,712,11,11,1,0,1,4,0,0,26,19,808,729,21,18,14,10,3,7,2,1,15,15,9,12,0,0,1,0,0,0,0,0,5,3,14,15,1,1,5,2,0,0,0,0
050,24,023,Maryland,Garrett County,2,4,1715,961,754,841,702,84,15,0,0,1,9,0,0,35,28,875,721,97,30,19,16,4,12,1,3,934,734,827,685,79,15,0,0,1,9,0,0,27,25,853,701,90,27,13,16,4,12,1,3,27,20,14,17,5,0,0,0,0,0,0,0,8,3,22,20,7,3,6,0,0,0,0,0
050,24,023,Maryland,Garrett County,2,5,1566,830,736,775,690,29,16,3,6,0,5,0,0,23,19,795,708,39,22,16,16,4,9,0,1,820,728,765,683,29,16,3,6,0,4,0,0,23,19,785,701,39,22,16,16,4,8,0,1,10,8,10,7,0,0,0,0,0,1,0,0,0,0,10,7,0,0,0,0,0,1,0,0
050,24,023,Maryland,Garrett County,2,6,1499,748,751,726,728,0,5,2,2,1,1,0,0,19,15,742,742,7,9,15,10,2,4,1,1,741,739,720,718,0,5,2,1,1,0,0,0,18,15,735,732,7,9,14,9,2,3,1,1,7,12,6,10,0,0,0,1,0,1,0,0,1,0,7,10,0,0,1,1,0,1,0,0
050,24,023,Maryland,Garrett County,2,7,1455,756,699,736,673,5,8,0,0,3,0,0,0,12,18,748,690,9,14,5,13,6,1,0,0,748,685,729,661,4,8,0,0,3,0,0,0,12,16,741,676,8,13,5,12,6,1,0,0,8,14,7,12,1,0,0,0,0,0,0,0,0,2,7,14,1,1,0,1,0,0,0,0
050,24,023,Maryland,Garrett County,2,8,1561,770,791,748,759,10,5,0,0,1,9,0,0,11,18,758,774,12,11,9,14,2,11,0,0,752,786,730,755,10,5,0,0,1,9,0,0,11,17,740,769,12,11,9,13,2,11,0,0,18,5,18,4,0,0,0,0,0,0,0,0,0,1,18,5,0,0,0,1,0,0,0,0
050,24,023,Maryland,Garrett County,2,9,1570,805,765,778,743,2,0,6,2,0,3,0,0,19,17,794,758,8,6,18,11,3,4,1,3,793,749,768,731,2,0,5,2,0,3,0,0,18,13,783,742,7,4,17,10,3,4,1,2,12,16,10,12,0,0,1,0,0,0,0,0,1,4,11,16,1,2,1,1,0,0,0,1
050,24,023,Maryland,Garrett County,2,10,1705,811,894,778,870,5,4,0,0,5,5,0,0,23,15,799,883,9,8,16,10,9,8,2,1,809,889,777,865,5,4,0,0,5,5,0,0,22,15,797,878,9,8,15,10,9,8,2,1,2,5,1,5,0,0,0,0,0,0,0,0,1,0,2,5,0,0,1,0,0,0,0,0
050,24,023,Maryland,Garrett County,2,11,1924,946,978,919,954,2,1,0,3,6,3,0,0,19,17,935,970,6,5,16,17,8,3,0,1,937,965,913,941,2,1,0,3,6,3,0,0,16,17,927,957,6,5,13,17,7,3,0,1,9,13,6,13,0,0,0,0,0,0,0,0,3,0,8,13,0,0,3,0,1,0,0,0
050,24,023,Maryland,Garrett County,2,12,2224,1103,1121,1081,1099,4,0,1,0,1,2,0,0,16,20,1096,1116,8,4,14,14,1,6,0,1,1100,1121,1078,1099,4,0,1,0,1,2,0,0,16,20,1093,1116,8,4,14,14,1,6,0,1,3,0,3,0,0,0,0,0,0,0,0,0,0,0,3,0,0,0,0,0,0,0,0,0
050,24,023,Maryland,Garrett County,2,13,2292,1123,1169,1106,1147,7,3,0,0,0,9,0,0,10,10,1116,1157,9,7,6,4,2,11,0,0,1123,1159,1106,1141,7,3,0,0,0,9,0,0,10,6,1116,1147,9,6,6,2,2,10,0,0,0,10,0,6,0,0,0,0,0,0,0,0,0,4,0,10,0,1,0,2,0,1,0,0
050,24,023,Maryland,Garrett County,2,14,2105,1027,1078,1015,1055,6,3,2,6,1,4,0,0,3,10,1018,1064,7,7,4,12,1,5,0,0,1020,1078,1008,1055,6,3,2,6,1,4,0,0,3,10,1011,1064,7,7,4,12,1,5,0,0,7,0,7,0,0,0,0,0,0,0,0,0,0,0,7,0,0,0,0,0,0,0,0,0
050,24,023,Maryland,Garrett County,2,15,1767,856,911,837,890,2,1,0,0,5,9,0,0,12,11,849,900,5,5,9,6,5,9,0,2,855,909,836,888,2,1,0,0,5,9,0,0,12,11,848,898,5,5,9,6,5,9,0,2,1,2,1,2,0,0,0,0,0,0,0,0,0,0,1,2,0,0,0,0,0,0,0,0
050,24,023,Maryland,Garrett County,2,16,1271,607,664,598,660,1,1,1,1,1,0,0,0,6,2,603,662,2,2,5,2,2,0,1,0,605,663,596,659,1,1,1,1,1,0,0,0,6,2,601,661,2,2,5,2,2,0,1,0,2,1,2,1,0,0,0,0,0,0,0,0,0,0,2,1,0,0,0,0,0,0,0,0
050,24,023,Maryland,Garrett County,2,17,804,369,435,364,428,1,4,1,0,0,0,0,0,3,3,367,431,1,6,3,1,1,0,0,0,368,430,363,423,1,4,1,0,0,0,0,0,3,3,366,426,1,6,3,1,1,0,0,0,1,5,1,5,0,0,0,0,0,0,0,0,0,0,1,5,0,0,0,0,0,0,0,0
050,24,023,Maryland,Garrett County,2,18,858,276,582,268,569,3,5,0,0,0,0,0,0,5,8,273,576,4,8,4,7,0,0,0,0,274,579,266,566,3,5,0,0,0,0,0,0,5,8,271,573,4,8,4,7,0,0,0,0,2,3,2,3,0,0,0,0,0,0,0,0,0,0,2,3,0,0,0,0,0,0,0,0
050,24,023,Maryland,Garrett County,3,0,28739,14230,14509,13687,14005,178,94,25,22,39,64,0,0,301,324,13966,14297,272,206,199,217,88,107,11,14,14070,14337,13566,13866,172,91,18,20,39,62,0,0,275,298,13820,14133,258,190,175,202,85,104,11,12,160,172,121,139,6,3,7,2,0,2,0,0,26,26,146,164,14,16,24,15,3,3,0,2
050,24,023,Maryland,Garrett County,3,1,1353,688,665,652,634,8,4,0,2,2,0,0,0,26,25,677,657,19,14,12,15,8,5,0,1,683,650,649,626,8,2,0,1,2,0,0,0,24,21,672,646,18,10,11,10,7,5,0,1,5,15,3,8,0,2,0,1,0,0,0,0,2,4,5,11,1,4,1,5,1,0,0,0
050,24,023,Maryland,Garrett County,3,2,1467,723,744,686,693,2,3,2,0,4,0,0,0,29,48,713,739,15,26,15,20,9,9,0,1,705,724,674,678,1,2,1,0,4,0,0,0,25,44,697,720,12,22,12,19,9,9,0,1,18,20,12,15,1,1,1,0,0,0,0,0,4,4,16,19,3,4,3,1,0,0,0,0
050,24,023,Maryland,Garrett County,3,3,1593,824,769,773,737,10,8,1,0,4,2,0,0,36,22,808,758,25,19,18,9,9,6,1,0,806,752,763,723,10,8,0,0,4,2,0,0,29,19,791,741,23,16,13,8,8,6,1,0,18,17,10,14,0,0,1,0,0,0,0,0,7,3,17,17,2,3,5,1,1,0,0,0
050,24,023,Maryland,Garrett County,3,4,1618,903,715,791,655,75,18,1,0,2,9,0,0,34,33,820,678,87,34,20,18,7,14,3,4,881,699,779,643,71,18,1,0,2,9,0,0,28,29,803,662,82,31,15,18,6,13,3,4,22,16,12,12,4,0,0,0,0,0,0,0,6,4,17,16,5,3,5,0,1,1,0,0
050,24,023,Maryland,Garrett County,3,5,1643,870,773,816,736,28,16,3,4,0,5,0,0,23,12,838,747,34,22,13,10,6,6,2,1,859,761,806,724,28,16,3,4,0,5,0,0,22,12,827,735,34,22,12,10,6,6,2,1,11,12,10,12,0,0,0,0,0,0,0,0,1,0,11,12,0,0,1,0,0,0,0,0
050,24,023,Maryland,Garrett County,3,6,1477,752,725,730,695,2,3,2,4,2,2,0,0,16,21,746,713,6,11,10,17,5,5,1,0,745,716,724,689,2,3,2,3,2,0,0,0,15,21,739,707,6,11,9,16,5,3,1,0,7,9,6,6,0,0,0,1,0,2,0,0,1,0,7,6,0,0,1,1,0,2,0,0
050,24,023,Maryland,Garrett County,3,7,1517,771,746,750,716,5,9,4,0,2,1,0,0,10,20,758,735,11,14,8,15,5,2,0,0,762,730,746,700,4,9,0,0,2,1,0,0,10,20,754,719,10,14,4,15,5,2,0,0,9,16,4,16,1,0,4,0,0,0,0,0,0,0,4,16,1,0,4,0,0,0,0,0
050,24,023,Maryland,Garrett County,3,8,1524,770,754,748,721,11,7,1,0,2,9,0,0,8,17,753,738,12,10,7,10,6,11,0,2,750,746,728,716,11,7,1,0,2,9,0,0,8,14,733,730,12,9,7,9,6,11,0,1,20,8,20,5,0,0,0,0,0,0,0,0,0,3,20,8,0,1,0,1,0,0,0,1
050,24,023,Maryland,Garrett County,3,9,1602,799,803,768,780,3,0,5,2,0,3,0,0,23,18,790,797,8,1,19,16,4,5,1,2,782,792,752,772,3,0,4,2,0,3,0,0,23,15,774,786,8,1,18,14,4,5,1,1,17,11,16,8,0,0,1,0,0,0,0,0,0,3,16,11,0,0,1,2,0,0,0,1
050,24,023,Maryland,Garrett County,3,10,1655,796,859,761,831,6,1,1,0,7,6,0,0,21,21,781,851,13,5,14,14,10,9,0,1,790,848,757,821,6,1,1,0,7,6,0,0,19,20,775,840,12,5,13,13,10,9,0,1,6,11,4,10,0,0,0,0,0,0,0,0,2,1,6,11,1,0,1,1,0,0,0,0
050,24,023,Maryland,Garrett County,3,11,1913,925,988,895,964,2,4,0,3,6,1,0,0,22,16,916,979,6,7,16,14,7,3,2,1,917,975,890,951,2,4,0,3,6,1,0,0,19,16,908,966,5,7,14,14,7,3,2,1,8,13,5,13,0,0,0,0,0,0,0,0,3,0,8,13,1,0,2,0,0,0,0,0
050,24,023,Maryland,Garrett County,3,12,2130,1064,1066,1043,1036,6,2,1,0,1,4,0,0,13,24,1054,1057,8,7,13,22,2,5,0,0,1060,1063,1039,1033,6,2,1,0,1,4,0,0,13,24,1050,1054,8,7,13,22,2,5,0,0,4,3,4,3,0,0,0,0,0,0,0,0,0,0,4,3,0,0,0,0,0,0,0,0
050,24,023,Maryland,Garrett County,3,13,2342,1148,1194,1129,1174,6,4,0,0,0,7,0,0,13,9,1142,1182,9,8,9,5,1,8,0,0,1148,1184,1129,1168,6,4,0,0,0,7,0,0,13,5,1142,1172,9,7,9,2,1,8,0,0,0,10,0,6,0,0,0,0,0,0,0,0,0,4,0,10,0,1,0,3,0,0,0,0
050,24,023,Maryland,Garrett County,3,14,2087,1019,1068,1009,1042,5,2,1,6,1,5,0,0,3,13,1012,1054,5,6,4,15,1,5,0,1,1011,1068,1001,1042,5,2,1,6,1,5,0,0,3,13,1004,1054,5,6,4,15,1,5,0,1,8,0,8,0,0,0,0,0,0,0,0,0,0,0,8,0,0,0,0,0,0,0,0,0
050,24,023,Maryland,Garrett County,3,15,1846,893,953,875,928,4,3,1,0,4,10,0,0,9,12,884,939,6,6,8,8,4,12,0,0,892,953,874,928,4,3,1,0,4,10,0,0,9,12,883,939,6,6,8,8,4,12,0,0,1,0,1,0,0,0,0,0,0,0,0,0,0,0,1,0,0,0,0,0,0,0,0,0
050,24,023,Maryland,Garrett County,3,16,1302,620,682,609,680,1,0,1,1,2,0,0,0,7,1,616,681,2,1,6,1,3,0,0,0,618,679,607,677,1,0,1,1,2,0,0,0,7,1,614,678,2,1,6,1,3,0,0,0,2,3,2,3,0,0,0,0,0,0,0,0,0,0,2,3,0,0,0,0,0,0,0,0
050,24,023,Maryland,Garrett County,3,17,802,362,440,361,431,1,5,0,0,0,0,0,0,0,4,361,435,1,8,0,1,0,0,0,0,360,435,359,426,1,5,0,0,0,0,0,0,0,4,359,430,1,8,0,1,0,0,0,0,2,5,2,5,0,0,0,0,0,0,0,0,0,0,2,5,0,0,0,0,0,0,0,0
050,24,023,Maryland,Garrett County,3,18,868,303,565,291,552,3,5,1,0,0,0,0,0,8,8,297,557,5,7,7,7,1,2,1,0,301,562,289,549,3,5,1,0,0,0,0,0,8,8,295,554,5,7,7,7,1,2,1,0,2,3,2,3,0,0,0,0,0,0,0,0,0,0,2,3,0,0,0,0,0,0,0,0
050,24,023,Maryland,Garrett County,4,0,28558,14147,14411,13562,13894,192,101,33,29,41,66,0,0,319,321,13856,14190,294,207,209,217,97,111,17,14,13974,14220,13436,13745,185,95,19,21,41,64,0,0,293,295,13705,14016,280,188,180,197,93,107,16,14,173,191,126,149,7,6,14,8,0,2,0,0,26,26,151,174,14,19,29,20,4,4,1,0
050,24,023,Maryland,Garrett County,4,1,1339,700,639,645,611,12,5,3,1,1,0,0,0,39,22,683,632,27,15,19,11,9,4,1,0,692,627,641,603,12,5,0,1,1,0,0,0,38,18,678,621,26,13,16,8,9,4,1,0,8,12,4,8,0,0,3,0,0,0,0,0,1,4,5,11,1,2,3,3,0,0,0,0
050,24,023,Maryland,Garrett County,4,2,1445,715,730,675,676,2,4,2,3,5,0,0,0,31,47,704,720,17,23,13,22,11,10,1,3,698,709,665,664,1,1,1,0,5,0,0,0,26,44,689,705,13,19,10,17,11,10,1,3,17,21,10,12,1,3,1,3,0,0,0,0,5,3,15,15,4,4,3,5,0,0,0,0
050,24,023,Maryland,Garrett County,4,3,1512,755,757,711,724,9,7,1,0,4,0,0,0,30,26,741,749,19,17,14,10,9,6,2,3,734,735,697,705,9,7,0,0,4,0,0,0,24,23,721,727,17,15,10,9,8,6,2,3,21,22,14,19,0,0,1,0,0,0,0,0,6,3,20,22,2,2,4,1,1,0,0,0
050,24,023,Maryland,Garrett County,4,4,1615,911,704,797,641,74,24,2,0,2,8,0,0,36,31,825,665,88,39,22,17,7,14,5,0,886,685,784,628,69,23,2,0,2,8,0,0,29,26,806,647,82,34,17,17,6,13,4,0,25,19,13,13,5,1,0,0,0,0,0,0,7,5,19,18,6,5,5,0,1,1,1,0
050,24,023,Maryland,Garrett County,4,5,1623,852,771,788,732,31,13,3,4,2,7,0,0,28,15,814,746,39,20,14,13,10,7,3,0,844,760,781,721,31,13,3,4,2,7,0,0,27,15,806,735,39,20,13,13,10,7,3,0,8,11,7,11,0,0,0,0,0,0,0,0,1,0,8,11,0,0,1,0,0,0,0,0
050,24,023,Maryland,Garrett County,4,6,1434,739,695,717,675,6,2,2,3,2,2,0,0,12,13,728,688,10,5,8,11,5,3,0,1,732,686,711,668,6,2,2,3,2,0,0,0,11,13,721,681,10,5,8,11,4,1,0,1,7,9,6,7,0,0,0,0,0,2,0,0,1,0,7,7,0,0,0,0,1,2,0,0
050,24,023,Maryland,Garrett County,4,7,1535,785,750,756,719,8,8,8,1,0,1,0,0,13,21,767,740,15,13,14,13,2,4,0,2,772,732,752,702,7,8,0,0,0,1,0,0,13,21,763,723,14,13,6,12,2,4,0,2,13,18,4,17,1,0,8,1,0,0,0,0,0,0,4,17,1,0,8,1,0,0,0,0
050,24,023,Maryland,Garrett County,4,8,1481,752,729,732,691,4,13,1,0,5,7,0,0,10,18,739,707,8,19,8,13,7,9,0,1,736,716,716,683,4,11,1,0,5,7,0,0,10,15,723,696,8,16,8,11,7,9,0,1,16,13,16,8,0,2,0,0,0,0,0,0,0,3,16,11,0,3,0,2,0,0,0,0
050,24,023,Maryland,Garrett County,4,9,1610,789,821,752,810,12,0,1,0,1,3,0,0,23,8,775,816,18,4,17,3,2,5,1,1,773,813,737,803,12,0,0,0,1,3,0,0,23,7,760,808,18,3,16,3,2,5,1,1,16,8,15,7,0,0,1,0,0,0,0,0,0,1,15,8,0,1,1,0,0,0,0,0
050,24,023,Maryland,Garrett County,4,10,1572,772,800,746,768,6,0,5,2,3,6,0,0,12,24,757,788,9,6,12,19,6,10,0,1,763,786,738,757,6,0,5,2,3,6,0,0,11,21,748,774,9,6,11,17,6,9,0,1,9,14,8,11,0,0,0,0,0,0,0,0,1,3,9,14,0,0,1,2,0,1,0,0
050,24,023,Maryland,Garrett County,4,11,1940,918,1022,882,991,2,5,0,3,5,3,0,0,29,20,909,1009,7,8,21,20,10,4,2,1,908,1007,876,976,2,5,0,3,5,3,0,0,25,20,899,994,7,8,18,20,9,4,2,1,10,15,6,15,0,0,0,0,0,0,0,0,4,0,10,15,0,0,3,0,1,0,0,0
050,24,023,Maryland,Garrett County,4,12,2039,1038,1001,1015,968,8,1,1,5,3,4,0,0,11,23,1026,990,9,5,9,25,4,4,1,0,1031,994,1008,965,8,1,1,1,3,4,0,0,11,23,1019,987,9,5,9,21,4,4,1,0,7,7,7,3,0,0,0,4,0,0,0,0,0,0,7,3,0,0,0,4,0,0,0,0
050,24,023,Maryland,Garrett County,4,13,2374,1158,1216,1138,1192,3,2,0,0,1,6,0,0,16,16,1153,1207,6,7,12,11,3,6,0,1,1158,1207,1138,1187,3,2,0,0,1,6,0,0,16,12,1153,1198,6,5,12,9,3,6,0,1,0,9,0,5,0,0,0,0,0,0,0,0,0,4,0,9,0,2,0,2,0,0,0,0
050,24,023,Maryland,Garrett County,4,14,2122,1030,1092,1023,1066,2,4,0,4,0,6,0,0,5,12,1028,1078,4,5,2,13,1,8,0,0,1023,1091,1016,1065,2,4,0,4,0,6,0,0,5,12,1021,1077,4,5,2,13,1,8,0,0,7,1,7,1,0,0,0,0,0,0,0,0,0,0,7,1,0,0,0,0,0,0,0,0
050,24,023,Maryland,Garrett County,4,15,1854,887,967,868,939,6,3,2,2,4,11,0,0,7,12,874,951,7,7,9,8,4,13,0,0,885,966,866,938,6,3,2,2,4,11,0,0,7,12,872,950,7,7,9,8,4,13,0,0,2,1,2,1,0,0,0,0,0,0,0,0,0,0,2,1,0,0,0,0,0,0,0,0
050,24,023,Maryland,Garrett County,4,16,1365,661,704,646,701,2,0,1,0,3,2,0,0,9,1,655,702,4,1,7,0,7,2,1,0,658,701,643,698,2,0,1,0,3,2,0,0,9,1,652,699,4,1,7,0,7,2,1,0,3,3,3,3,0,0,0,0,0,0,0,0,0,0,3,3,0,0,0,0,0,0,0,0
050,24,023,Maryland,Garrett County,4,17,841,381,460,379,450,2,5,0,1,0,0,0,0,0,4,379,454,2,7,0,2,0,1,0,0,380,455,378,445,2,5,0,1,0,0,0,0,0,4,378,449,2,7,0,2,0,1,0,0,1,5,1,5,0,0,0,0,0,0,0,0,0,0,1,5,0,0,0,0,0,0,0,0
050,24,023,Maryland,Garrett County,4,18,857,304,553,292,540,3,5,1,0,0,0,0,0,8,8,299,548,5,6,8,6,0,1,0,0,301,550,289,537,3,5,1,0,0,0,0,0,8,8,296,545,5,6,8,6,0,1,0,0,3,3,3,3,0,0,0,0,0,0,0,0,0,0,3,3,0,0,0,0,0,0,0,0
050,24,023,Maryland,Garrett County,5,0,28485,14100,14385,13503,13849,199,108,37,35,42,68,0,0,319,325,13794,14139,304,216,218,223,102,125,9,13,13907,14180,13366,13690,186,100,23,25,42,66,0,0,290,299,13631,13954,278,194,190,205,98,120,8,12,193,205,137,159,13,8,14,10,0,2,0,0,29,26,163,185,26,22,28,18,4,5,1,1
050,24,023,Maryland,Garrett County,5,1,1282,655,627,609,598,17,6,0,4,1,0,0,0,28,19,632,615,31,14,11,10,8,7,2,1,645,611,605,588,15,6,0,2,1,0,0,0,24,15,626,601,28,13,9,7,6,5,1,1,10,16,4,10,2,0,0,2,0,0,0,0,4,4,6,14,3,1,2,3,2,2,1,0
050,24,023,Maryland,Garrett County,5,2,1427,706,721,660,669,3,6,5,3,4,0,0,0,34,43,692,708,16,24,20,22,11,10,1,0,686,705,650,662,2,3,1,0,4,0,0,0,29,40,677,698,13,19,13,18,11,10,1,0,20,16,10,7,1,3,4,3,0,0,0,0,5,3,15,10,3,5,7,4,0,0,0,0
050,24,023,Maryland,Garrett County,5,3,1480,731,749,687,708,7,7,1,0,5,0,0,0,31,34,715,738,23,22,13,19,12,6,0,1,711,727,673,689,7,7,0,0,5,0,0,0,26,31,696,716,20,20,10,18,12,6,0,1,20,22,14,19,0,0,1,0,0,0,0,0,5,3,19,22,3,2,3,1,0,0,0,0
050,24,023,Maryland,Garrett County,5,4,1631,919,712,805,651,71,26,1,0,2,7,0,0,40,28,841,673,89,37,20,17,11,13,1,0,893,691,790,635,66,25,1,0,2,7,0,0,34,24,820,653,80,33,18,16,11,13,1,0,26,21,15,16,5,1,0,0,0,0,0,0,6,4,21,20,9,4,2,1,0,0,0,0
050,24,023,Maryland,Garrett County,5,5,1548,827,721,761,681,32,13,4,4,3,5,0,0,27,18,787,699,39,20,18,11,10,7,0,2,808,707,749,670,28,11,4,4,3,5,0,0,24,17,773,687,34,18,16,11,9,7,0,1,19,14,12,11,4,2,0,0,0,0,0,0,3,1,14,12,5,2,2,0,1,0,0,1
050,24,023,Maryland,Garrett County,5,6,1455,750,705,728,688,10,4,1,3,2,3,0,0,9,7,737,695,13,7,7,6,3,4,0,0,743,695,722,680,10,4,1,3,2,1,0,0,8,7,730,687,13,7,7,6,2,2,0,0,7,10,6,8,0,0,0,0,0,2,0,0,1,0,7,8,0,0,0,0,1,2,0,0
050,24,023,Maryland,Garrett County,5,7,1583,799,784,771,746,5,10,9,1,1,1,0,0,13,26,783,770,9,16,17,19,2,5,1,1,787,764,768,727,4,10,1,0,1,1,0,0,13,26,780,751,8,16,9,18,2,5,1,1,12,20,3,19,1,0,8,1,0,0,0,0,0,0,3,19,1,0,8,1,0,0,0,0
050,24,023,Maryland,Garrett County,5,8,1432,736,696,712,670,5,9,2,0,5,1,0,0,12,16,721,684,9,15,8,9,9,3,1,1,721,682,697,659,5,9,2,0,5,1,0,0,12,13,706,670,9,13,8,8,9,3,1,1,15,14,15,11,0,0,0,0,0,0,0,0,0,3,15,14,0,2,0,1,0,0,0,0
050,24,023,Maryland,Garrett County,5,9,1613,807,806,770,783,13,2,0,0,2,11,0,0,22,10,788,791,19,7,16,5,5,13,2,0,788,796,751,776,13,0,0,0,2,11,0,0,22,9,769,783,19,4,16,5,5,13,2,0,19,10,19,7,0,2,0,0,0,0,0,0,0,1,19,8,0,3,0,0,0,0,0,0
050,24,023,Maryland,Garrett County,5,10,1501,752,749,725,722,8,0,6,2,1,3,0,0,12,22,736,740,10,5,15,16,3,8,0,2,742,739,717,715,8,0,5,2,1,3,0,0,11,19,727,730,10,4,13,15,3,7,0,2,10,10,8,7,0,0,1,0,0,0,0,0,1,3,9,10,0,1,2,1,0,1,0,0
050,24,023,Maryland,Garrett County,5,11,1905,876,1029,845,992,2,6,0,3,4,6,0,0,25,22,869,1011,7,9,16,18,8,9,1,4,868,1012,840,975,2,6,0,3,4,6,0,0,22,22,861,994,6,9,14,18,8,9,1,4,8,17,5,17,0,0,0,0,0,0,0,0,3,0,8,17,1,0,2,0,0,0,0,0
050,24,023,Maryland,Garrett County,5,12,2007,1017,990,989,958,4,1,1,5,4,5,0,0,19,21,1005,977,9,4,16,22,6,8,0,0,1007,981,980,953,4,1,1,1,4,5,0,0,18,21,995,972,8,4,16,18,6,8,0,0,10,9,9,5,0,0,0,4,0,0,0,0,1,0,10,5,1,0,0,4,0,0,0,0
050,24,023,Maryland,Garrett County,5,13,2359,1160,1199,1139,1172,7,2,2,2,1,4,0,0,11,19,1150,1189,10,8,9,14,2,7,0,0,1159,1191,1138,1167,7,2,2,2,1,4,0,0,11,16,1149,1181,10,7,9,12,2,7,0,0,1,8,1,5,0,0,0,0,0,0,0,0,0,3,1,8,0,1,0,2,0,0,0,0
050,24,023,Maryland,Garrett County,5,14,2185,1051,1134,1038,1108,2,4,0,1,0,9,0,0,11,12,1049,1119,5,9,7,8,2,9,0,1,1045,1130,1032,1105,2,4,0,1,0,9,0,0,11,11,1043,1115,5,8,7,8,2,9,0,1,6,4,6,3,0,0,0,0,0,0,0,0,0,1,6,4,0,1,0,0,0,0,0,0
050,24,023,Maryland,Garrett County,5,15,1885,907,978,893,951,6,2,2,6,1,6,0,0,5,13,898,963,6,5,7,16,1,7,0,0,905,976,891,949,6,2,2,6,1,6,0,0,5,13,896,961,6,5,7,16,1,7,0,0,2,2,2,2,0,0,0,0,0,0,0,0,0,0,2,2,0,0,0,0,0,0,0,0
050,24,023,Maryland,Garrett County,5,16,1398,668,730,648,721,2,0,2,0,6,7,0,0,10,2,658,723,3,1,9,2,8,7,0,0,664,727,644,718,2,0,2,0,6,7,0,0,10,2,654,720,3,1,9,2,8,7,0,0,4,3,4,3,0,0,0,0,0,0,0,0,0,0,4,3,0,0,0,0,0,0,0,0
050,24,023,Maryland,Garrett County,5,17,889,417,472,413,462,2,5,0,1,0,0,0,0,2,4,415,466,2,7,2,2,0,1,0,0,416,468,412,458,2,5,0,1,0,0,0,0,2,4,414,462,2,7,2,2,0,1,0,0,1,4,1,4,0,0,0,0,0,0,0,0,0,0,1,4,0,0,0,0,0,0,0,0
050,24,023,Maryland,Garrett County,5,18,905,322,583,310,569,3,5,1,0,0,0,0,0,8,9,318,578,4,6,7,7,1,1,0,0,319,578,307,564,3,5,1,0,0,0,0,0,8,9,315,573,4,6,7,7,1,1,0,0,3,5,3,5,0,0,0,0,0,0,0,0,0,0,3,5,0,0,0,0,0,0,0,0
050,24,023,Maryland,Garrett County,6,0,28417,14065,14352,13444,13796,203,114,37,37,44,64,0,0,337,341,13754,14108,304,234,233,232,98,105,18,20,13841,14134,13284,13630,190,106,23,27,44,62,0,0,300,309,13559,13911,279,212,200,208,92,99,16,17,224,218,160,166,13,8,14,10,0,2,0,0,37,32,195,197,25,22,33,24,6,6,2,3
050,24,023,Maryland,Garrett County,6,1,1247,629,618,590,586,10,8,0,3,1,0,0,0,28,21,614,605,23,18,12,12,9,5,1,0,613,599,580,571,8,8,0,3,1,0,0,0,24,17,601,586,19,17,11,10,8,3,0,0,16,19,10,15,2,0,0,0,0,0,0,0,4,4,13,19,4,1,1,2,1,2,1,0
050,24,023,Maryland,Garrett County,6,2,1408,702,706,652,656,6,8,4,5,2,0,0,0,38,37,686,692,24,23,19,22,11,6,1,1,682,692,644,652,5,5,0,0,2,0,0,0,31,35,671,686,21,19,11,16,10,6,1,1,20,14,8,4,1,3,4,5,0,0,0,0,7,2,15,6,3,4,8,6,1,0,0,0
050,24,023,Maryland,Garrett County,6,3,1469,717,752,665,696,7,6,1,0,7,0,0,0,37,50,699,743,20,25,19,19,13,10,4,6,695,727,652,679,7,6,1,0,7,0,0,0,28,42,677,719,18,22,13,15,12,9,4,5,22,25,13,17,0,0,0,0,0,0,0,0,9,8,22,24,2,3,6,4,1,1,0,1
050,24,023,Maryland,Garrett County,6,4,1586,887,699,776,640,69,26,2,0,3,5,0,0,37,28,811,660,80,41,19,17,11,9,3,0,857,675,759,623,64,25,1,0,3,5,0,0,30,22,787,637,73,36,15,15,10,9,2,0,30,24,17,17,5,1,1,0,0,0,0,0,7,6,24,23,7,5,4,2,1,0,1,0
050,24,023,Maryland,Garrett County,6,5,1467,789,678,720,640,33,11,3,3,3,8,0,0,30,16,747,655,42,20,18,9,11,8,1,2,769,661,706,624,31,11,3,3,3,8,0,0,26,15,730,638,39,19,16,9,9,8,1,2,20,17,14,16,2,0,0,0,0,0,0,0,4,1,17,17,3,1,2,0,2,0,0,0
050,24,023,Maryland,Garrett County,6,6,1505,796,709,768,683,14,10,1,4,2,4,0,0,11,8,779,689,18,14,7,8,3,5,0,1,785,703,760,681,12,8,1,4,2,2,0,0,10,8,770,687,15,12,7,8,3,3,0,1,11,6,8,2,2,2,0,0,0,2,0,0,1,0,9,2,3,2,0,0,0,2,0,0
050,24,023,Maryland,Garrett County,6,7,1585,789,796,761,764,8,8,6,1,2,3,0,0,12,20,772,781,12,14,13,15,3,5,1,1,779,778,756,747,7,8,2,0,2,3,0,0,12,20,767,764,11,14,9,14,3,5,1,1,10,18,5,17,1,0,4,1,0,0,0,0,0,0,5,17,1,0,4,1,0,0,0,0
050,24,023,Maryland,Garrett County,6,8,1435,749,686,716,661,6,7,5,1,5,0,0,0,17,17,732,677,10,13,15,10,8,2,1,2,729,666,700,644,6,7,1,1,5,0,0,0,17,14,716,657,10,12,11,8,8,2,1,1,20,20,16,17,0,0,4,0,0,0,0,0,0,3,16,20,0,1,4,2,0,0,0,1
050,24,023,Maryland,Garrett County,6,9,1630,802,828,769,801,14,2,1,0,2,4,0,0,16,21,783,819,16,9,14,14,4,6,1,1,782,816,749,792,14,0,1,0,2,4,0,0,16,20,763,809,16,6,14,14,4,6,1,1,20,12,20,9,0,2,0,0,0,0,0,0,0,1,20,10,0,3,0,0,0,0,0,0
050,24,023,Maryland,Garrett County,6,10,1546,796,750,763,724,7,0,6,2,1,4,0,0,19,20,781,744,10,4,19,16,5,5,0,1,778,738,747,715,7,0,5,2,1,4,0,0,18,17,764,732,10,3,17,14,5,5,0,1,18,12,16,9,0,0,1,0,0,0,0,0,1,3,17,12,0,1,2,2,0,0,0,0
050,24,023,Maryland,Garrett County,6,11,1801,837,964,811,933,3,6,0,2,2,6,0,0,21,17,832,950,7,9,16,12,3,9,0,1,831,954,806,923,3,6,0,2,2,6,0,0,20,17,826,940,7,9,15,12,3,9,0,1,6,10,5,10,0,0,0,0,0,0,0,0,1,0,6,10,0,0,1,0,0,0,0,0
050,24,023,Maryland,Garrett County,6,12,2008,986,1022,957,984,2,2,0,5,5,5,0,0,22,26,976,1008,8,7,16,27,6,5,3,1,974,1007,948,973,2,2,0,1,5,5,0,0,19,26,964,997,6,7,15,23,6,5,3,1,12,15,9,11,0,0,0,4,0,0,0,0,3,0,12,11,2,0,1,4,0,0,0,0
050,24,023,Maryland,Garrett County,6,13,2305,1132,1173,1110,1143,6,5,3,3,2,1,0,0,11,21,1120,1163,8,8,11,18,3,3,1,2,1129,1167,1107,1139,6,5,3,3,2,1,0,0,11,19,1117,1157,8,8,11,17,3,3,1,1,3,6,3,4,0,0,0,0,0,0,0,0,0,2,3,6,0,0,0,1,0,0,0,1
050,24,023,Maryland,Garrett County,6,14,2217,1081,1136,1065,1113,5,4,0,1,0,11,0,0,11,7,1074,1120,7,6,10,3,0,14,1,0,1078,1130,1062,1109,5,4,0,1,0,11,0,0,11,5,1071,1114,7,5,10,3,0,13,1,0,3,6,3,4,0,0,0,0,0,0,0,0,0,2,3,6,0,1,0,0,0,1,0,0
050,24,023,Maryland,Garrett County,6,15,1905,914,991,902,966,6,1,2,6,1,5,0,0,3,13,905,978,8,6,3,16,1,5,0,0,909,990,897,965,6,1,2,6,1,5,0,0,3,13,900,977,8,6,3,16,1,5,0,0,5,1,5,1,0,0,0,0,0,0,0,0,0,0,5,1,0,0,0,0,0,0,0,0
050,24,023,Maryland,Garrett County,6,16,1447,689,758,670,744,2,0,1,0,6,8,0,0,10,6,680,750,4,1,8,5,7,8,0,0,686,754,667,740,2,0,1,0,6,8,0,0,10,6,677,746,4,1,8,5,7,8,0,0,3,4,3,4,0,0,0,0,0,0,0,0,0,0,3,4,0,0,0,0,0,0,0,0
050,24,023,Maryland,Garrett County,6,17,908,425,483,416,474,2,4,1,1,0,0,0,0,6,4,422,478,3,8,6,2,0,0,0,0,423,483,414,474,2,4,1,1,0,0,0,0,6,4,420,478,3,8,6,2,0,0,0,0,2,0,2,0,0,0,0,0,0,0,0,0,0,0,2,0,0,0,0,0,0,0,0,0
050,24,023,Maryland,Garrett County,6,18,948,345,603,333,588,3,6,1,0,0,0,0,0,8,9,341,596,4,8,8,7,0,0,0,1,342,594,330,579,3,6,1,0,0,0,0,0,8,9,338,587,4,8,8,7,0,0,0,1,3,9,3,9,0,0,0,0,0,0,0,0,0,0,3,9,0,0,0,0,0,0,0,0
050,24,023,Maryland,Garrett County,7,0,28370,14062,14308,13407,13724,220,119,37,41,44,68,1,0,353,356,13730,14049,334,240,242,243,95,129,21,14,13838,14079,13251,13558,207,113,23,28,44,66,0,0,313,314,13537,13844,304,218,204,206,92,123,19,11,224,229,156,166,13,6,14,13,0,2,1,0,40,42,193,205,30,22,38,37,3,6,2,3
050,24,023,Maryland,Garrett County,7,1,1179,586,593,550,558,8,8,0,7,1,0,0,0,27,20,575,577,20,16,9,15,7,4,2,1,572,570,539,541,8,8,0,4,1,0,0,0,24,17,561,557,19,15,7,10,7,4,2,1,14,23,11,17,0,0,0,3,0,0,0,0,3,3,14,20,1,1,2,5,0,0,0,0
050,24,023,Maryland,Garrett County,7,2,1394,701,693,659,644,8,10,3,5,2,0,0,0,29,34,687,676,21,24,15,19,7,7,1,1,687,674,652,639,6,7,0,0,2,0,0,0,27,28,678,667,18,18,12,10,6,6,1,1,14,19,7,5,2,3,3,5,0,0,0,0,2,6,9,9,3,6,3,9,1,1,0,0
050,24,023,Maryland,Garrett County,7,3,1464,712,752,651,693,6,5,2,0,6,0,0,0,47,54,692,741,26,25,24,27,17,13,1,3,683,727,638,677,5,5,1,0,6,0,0,0,33,45,667,716,19,23,14,21,15,12,1,2,29,25,13,16,1,0,1,0,0,0,0,0,14,9,25,25,7,2,10,6,2,1,0,1
050,24,023,Maryland,Garrett County,7,4,1581,870,711,755,645,73,25,2,0,4,4,0,0,36,37,787,674,88,43,21,16,8,13,2,2,843,688,740,630,68,24,1,0,4,4,0,0,30,30,766,652,80,38,17,15,8,12,2,1,27,23,15,15,5,1,1,0,0,0,0,0,6,7,21,22,8,5,4,1,0,1,0,1
050,24,023,Maryland,Garrett County,7,5,1447,801,646,725,600,34,14,1,0,3,10,1,0,37,22,758,621,48,23,22,10,6,13,5,1,773,628,707,583,34,14,1,0,3,10,0,0,28,21,732,603,44,23,17,9,6,13,3,1,28,18,18,17,0,0,0,0,0,0,1,0,9,1,26,18,4,0,5,1,0,0,2,0
050,24,023,Maryland,Garrett County,7,6,1559,818,741,786,711,19,8,3,6,1,4,0,0,9,12,794,721,21,12,8,15,3,5,1,0,807,730,779,706,15,8,3,6,1,3,0,0,9,7,787,712,17,11,8,10,3,4,1,0,11,11,7,5,4,0,0,0,0,1,0,0,0,5,7,9,4,1,0,5,0,1,0,0
050,24,023,Maryland,Garrett County,7,7,1532,758,774,728,741,5,6,6,2,2,7,0,0,17,18,742,758,13,12,13,13,6,10,1,2,749,760,725,729,4,6,2,1,2,6,0,0,16,18,738,746,11,12,9,12,6,9,1,2,9,14,3,12,1,0,4,1,0,1,0,0,1,0,4,12,2,0,4,1,0,1,0,0
050,24,023,Maryland,Garrett County,7,8,1451,759,692,723,668,12,8,4,0,5,0,0,0,15,16,736,684,16,12,13,8,7,4,2,0,742,671,710,649,12,8,0,0,5,0,0,0,15,14,723,663,16,11,9,7,7,4,2,0,17,21,13,19,0,0,4,0,0,0,0,0,0,2,13,21,0,1,4,1,0,0,0,0
050,24,023,Maryland,Garrett County,7,9,1598,802,796,761,766,16,3,2,0,3,3,0,0,20,24,780,787,19,10,14,21,7,4,2,0,780,788,739,761,16,1,2,0,3,3,0,0,20,23,758,781,19,8,14,20,7,4,2,0,22,8,22,5,0,2,0,0,0,0,0,0,0,1,22,6,0,2,0,1,0,0,0,0
050,24,023,Maryland,Garrett County,7,10,1591,808,783,777,754,4,1,6,2,0,5,0,0,21,21,795,775,7,7,21,16,4,9,2,0,794,768,765,743,4,1,5,2,0,5,0,0,20,17,782,760,7,5,19,14,4,8,2,0,14,15,12,11,0,0,1,0,0,0,0,0,1,4,13,15,0,2,2,2,0,1,0,0
050,24,023,Maryland,Garrett County,7,11,1715,807,908,778,879,5,5,0,1,3,5,0,0,21,18,798,897,8,8,18,13,4,7,1,1,800,900,772,871,5,5,0,1,3,5,0,0,20,18,791,889,8,8,17,13,4,7,1,1,7,8,6,8,0,0,0,0,0,0,0,0,1,0,7,8,0,0,1,0,0,0,0,0
050,24,023,Maryland,Garrett County,7,12,1961,937,1024,911,990,2,3,0,7,5,4,0,0,19,20,929,1009,6,5,15,22,7,7,0,1,924,1006,901,976,2,3,0,3,5,4,0,0,16,20,916,995,5,5,12,18,7,7,0,1,13,18,10,14,0,0,0,4,0,0,0,0,3,0,13,14,1,0,3,4,0,0,0,0
050,24,023,Maryland,Garrett County,7,13,2272,1135,1137,1104,1105,10,6,3,3,2,3,0,0,16,20,1120,1123,13,10,17,18,2,6,0,0,1132,1135,1101,1103,10,6,3,3,2,3,0,0,16,20,1117,1121,13,10,17,18,2,6,0,0,3,2,3,2,0,0,0,0,0,0,0,0,0,0,3,2,0,0,0,0,0,0,0,0
050,24,023,Maryland,Garrett County,7,14,2318,1145,1173,1130,1147,5,5,0,0,0,9,0,0,10,12,1139,1157,7,10,6,7,2,10,1,1,1144,1163,1129,1141,5,5,0,0,0,9,0,0,10,8,1138,1147,7,8,6,6,2,10,1,0,1,10,1,6,0,0,0,0,0,0,0,0,0,4,1,10,0,2,0,1,0,0,0,1
050,24,023,Maryland,Garrett County,7,15,1913,919,994,905,971,6,1,2,7,1,5,0,0,5,10,910,980,7,4,6,12,1,8,0,0,912,994,898,971,6,1,2,7,1,5,0,0,5,10,903,980,7,4,6,12,1,8,0,0,7,0,7,0,0,0,0,0,0,0,0,0,0,0,7,0,0,0,0,0,0,0,0,0
050,24,023,Maryland,Garrett County,7,16,1475,697,778,679,763,2,1,1,0,5,9,0,0,10,5,689,768,7,3,7,3,5,9,0,0,695,774,677,759,2,1,1,0,5,9,0,0,10,5,687,764,7,3,7,3,5,9,0,0,2,4,2,4,0,0,0,0,0,0,0,0,0,0,2,4,0,0,0,0,0,0,0,0
050,24,023,Maryland,Garrett County,7,17,944,447,497,437,491,2,1,1,1,1,0,0,0,6,4,443,495,3,5,6,1,1,0,0,0,444,496,434,490,2,1,1,1,1,0,0,0,6,4,440,494,3,5,6,1,1,0,0,0,3,1,3,1,0,0,0,0,0,0,0,0,0,0,3,1,0,0,0,0,0,0,0,0
050,24,023,Maryland,Garrett County,7,18,976,360,616,348,598,3,9,1,0,0,0,0,0,8,9,356,606,4,11,7,7,1,0,0,1,357,607,345,589,3,9,1,0,0,0,0,0,8,9,353,597,4,11,7,7,1,0,0,1,3,9,3,9,0,0,0,0,0,0,0,0,0,0,3,9,0,0,0,0,0,0,0,0
050,24,025,Maryland,Harford County,1,0,260933,127050,133883,97657,101740,18727,20581,601,565,3858,4567,118,108,6089,6322,103376,107579,21507,23539,3047,3188,5455,6135,320,338,119996,126963,92710,96936,17845,19635,236,209,3762,4477,93,84,5350,5622,97749,102147,20188,22177,2310,2506,5218,5923,252,281,7054,6920,4947,4804,882,946,365,356,96,90,25,24,739,700,5627,5432,1319,1362,737,682,237,212,68,57
050,24,025,Maryland,Harford County,1,1,14271,7298,6973,4932,4693,1333,1287,28,38,174,202,7,7,824,746,5725,5387,1811,1748,214,225,421,396,27,43,6628,6359,4501,4311,1221,1198,10,11,167,187,7,5,722,647,5198,4919,1627,1600,160,160,400,361,25,35,670,614,431,382,112,89,18,27,7,15,0,2,102,99,527,468,184,148,54,65,21,35,2,8
050,24,025,Maryland,Harford County,1,2,16091,8229,7862,5655,5257,1482,1487,39,17,248,266,16,3,789,832,6408,6021,1921,1967,246,248,451,508,36,29,7488,7207,5186,4823,1382,1384,12,6,232,255,13,3,663,736,5825,5502,1745,1796,167,206,409,476,28,26,741,655,469,434,100,103,27,11,16,11,3,0,126,96,583,519,176,171,79,42,42,32,8,3
050,24,025,Maryland,Harford County,1,3,17695,9042,8653,6078,5789,1718,1696,39,39,304,312,15,10,888,807,6927,6571,2238,2124,269,274,551,532,41,34,8310,7955,5617,5348,1601,1585,20,14,294,300,5,7,773,701,6361,6029,2044,1959,206,203,515,501,27,27,732,698,461,441,117,111,19,25,10,12,10,3,115,106,566,542,194,165,63,71,36,31,14,7
050,24,025,Maryland,Harford County,1,4,16570,8637,7933,5959,5469,1657,1454,55,48,303,305,2,8,661,649,6592,6075,1994,1811,287,238,479,477,25,39,7954,7334,5497,5080,1555,1368,14,6,289,298,2,6,597,576,6072,5616,1854,1681,214,167,446,452,21,31,683,599,462,389,102,86,41,42,14,7,0,2,64,73,520,459,140,130,73,71,33,25,4,8
050,24,025,Maryland,Harford County,1,5,14780,7612,7168,5512,5145,1299,1269,54,46,264,236,6,5,477,467,5962,5582,1539,1511,229,213,395,355,24,20,7075,6646,5120,4813,1247,1190,16,16,262,225,5,4,425,398,5521,5183,1459,1394,155,152,385,330,18,19,537,522,392,332,52,79,38,30,2,11,1,1,52,69,441,399,80,117,74,61,10,25,6,1
050,24,025,Maryland,Harford County,1,6,14752,7434,7318,5601,5395,1186,1321,35,31,229,197,6,4,377,370,5957,5730,1332,1498,178,177,333,296,32,11,6874,6811,5193,5040,1122,1247,11,2,222,197,3,1,323,324,5498,5339,1243,1400,131,125,315,285,23,4,560,507,408,355,64,74,24,29,7,0,3,3,54,46,459,391,89,98,47,52,18,11,9,7
050,24,025,Maryland,Harford County,1,7,16372,8025,8347,6180,6137,1179,1420,44,53,271,318,8,17,343,402,6501,6507,1322,1600,211,239,362,408,20,35,7489,7816,5800,5784,1127,1339,5,15,261,307,8,12,288,359,6072,6117,1233,1485,138,178,345,393,17,27,536,531,380,353,52,81,39,38,10,11,0,5,55,43,429,390,89,115,73,61,17,15,3,8
050,24,025,Maryland,Harford County,1,8,17358,8397,8961,6533,6702,1189,1464,57,53,259,370,14,10,345,362,6845,7046,1309,1596,226,245,359,444,33,28,7875,8430,6172,6312,1126,1396,19,22,250,370,12,6,296,324,6435,6619,1225,1510,156,190,343,441,27,23,522,531,361,390,63,68,38,31,9,0,2,4,49,38,410,427,84,86,70,55,16,3,6,5
050,24,025,Maryland,Harford County,1,9,15537,7523,8014,5738,5901,1150,1373,50,33,297,375,7,13,281,319,5987,6189,1241,1485,219,208,372,458,14,25,7074,7543,5400,5558,1106,1306,23,5,285,371,7,13,253,290,5626,5817,1180,1402,175,169,354,447,10,23,449,471,338,343,44,67,27,28,12,4,0,0,28,29,361,372,61,83,44,39,18,11,4,2
050,24,025,Maryland,Harford County,1,10,16492,7933,8559,6046,6306,1244,1472,38,58,316,433,9,6,280,284,6297,6561,1332,1557,210,228,388,507,18,12,7510,8111,5720,5989,1201,1421,13,23,314,428,9,4,253,246,5949,6213,1274,1480,170,168,379,502,16,8,423,448,326,317,43,51,25,35,2,5,0,2,27,38,348,348,58,77,40,60,9,5,2,4
050,24,025,Maryland,Harford County,1,11,18136,8681,9455,6845,7323,1295,1463,44,43,272,331,8,0,217,295,7046,7572,1348,1551,198,236,306,392,13,16,8352,9090,6594,7050,1266,1423,20,19,271,328,5,0,196,270,6775,7280,1306,1493,158,196,302,388,9,16,329,365,251,273,29,40,24,24,1,3,3,0,21,25,271,292,42,58,40,40,4,4,4,0
050,24,025,Maryland,Harford County,1,12,20355,9888,10467,8095,8464,1258,1390,39,29,262,312,12,7,222,265,8295,8712,1304,1447,189,214,315,365,12,12,9586,10175,7863,8223,1222,1360,25,21,262,311,12,7,202,253,8043,8464,1263,1409,158,197,315,364,12,11,302,292,232,241,36,30,14,8,0,1,0,0,20,12,252,248,41,38,31,17,0,1,0,1
050,24,025,Maryland,Harford County,1,13,18439,8871,9568,7377,7856,1070,1196,28,17,222,296,2,8,172,195,7533,8032,1113,1248,157,143,249,332,8,19,8626,9344,7192,7678,1042,1173,12,9,218,294,2,6,160,184,7337,7843,1078,1224,135,128,240,327,7,17,245,224,185,178,28,23,16,8,4,2,0,2,12,11,196,189,35,24,22,15,9,5,1,2
050,24,025,Maryland,Harford County,1,14,14636,6825,7811,5823,6579,725,869,15,15,169,212,0,7,93,129,5907,6690,743,916,86,100,185,243,5,8,6693,7635,5732,6448,700,844,7,9,167,207,0,7,87,120,5811,6550,714,888,73,85,182,237,4,8,132,176,91,131,25,25,8,6,2,5,0,0,6,9,96,140,29,28,13,15,3,6,1,0
050,24,025,Maryland,Harford County,1,15,11958,5494,6464,4873,5554,430,643,14,17,108,156,4,0,65,94,4936,5645,440,670,61,86,118,163,4,3,5407,6346,4798,5454,423,632,14,11,108,156,3,0,61,93,4857,5544,433,658,57,80,118,163,3,3,87,118,75,100,7,11,0,6,0,0,1,0,4,1,79,101,7,12,4,6,0,0,1,0
050,24,025,Maryland,Harford County,1,16,8084,3515,4569,3137,4020,265,360,6,13,78,115,0,2,29,59,3160,4068,270,381,31,66,82,118,3,3,3464,4505,3093,3963,260,359,5,9,78,115,0,2,28,57,3115,4010,264,378,29,61,82,118,3,2,51,64,44,57,5,1,1,4,0,0,0,0,1,2,45,58,6,3,2,5,0,0,0,1
050,24,025,Maryland,Harford County,1,17,4866,2022,2844,1809,2523,141,219,8,9,47,72,2,1,15,20,1823,2540,143,223,18,24,53,77,4,1,2000,2796,1792,2482,140,214,6,9,47,72,0,1,15,18,1806,2499,142,216,16,22,53,77,2,1,22,48,17,41,1,5,2,0,0,0,2,0,0,2,17,41,1,7,2,2,0,0,2,0
050,24,025,Maryland,Harford County,1,18,4541,1624,2917,1464,2627,106,198,8,6,35,59,0,0,11,27,1475,2651,107,206,18,24,36,64,1,0,1591,2860,1440,2580,104,196,4,2,35,56,0,0,8,26,1448,2603,104,204,12,19,35,61,0,0,33,57,24,47,2,2,4,4,0,3,0,0,3,1,27,48,3,2,6,5,1,3,1,0
050,24,025,Maryland,Harford County,2,0,261235,127227,134008,97663,101713,18857,20668,604,573,3865,4582,116,109,6122,6363,103343,107596,21670,23672,2873,3017,5604,6267,301,327,120095,127023,92689,96874,17956,19709,235,217,3769,4493,91,84,5355,5646,97668,102095,20440,22412,2095,2284,5384,6067,239,266,7132,6985,4974,4839,901,959,369,356,96,89,25,25,767,717,5675,5501,1230,1260,778,733,220,200,62,61
050,24,025,Maryland,Harford County,2,1,14245,7278,6967,4905,4668,1346,1288,27,36,175,200,7,8,818,767,5680,5395,1795,1709,206,207,449,461,34,30,6600,6342,4484,4288,1227,1197,10,11,169,186,7,5,703,655,5154,4910,1617,1563,146,136,420,423,26,24,678,625,421,380,119,91,17,25,6,14,0,3,115,112,526,485,178,146,60,71,29,38,8,6
050,24,025,Maryland,Harford County,2,2,16132,8239,7893,5645,5276,1494,1497,38,22,248,270,15,2,799,826,6399,6050,1925,1951,233,227,502,526,40,32,7492,7225,5174,4840,1394,1393,12,7,231,258,12,2,669,725,5806,5520,1760,1793,153,167,456,498,27,27,747,668,471,436,100,104,26,15,17,12,3,0,130,101,593,530,165,158,80,60,46,28,13,5
050,24,025,Maryland,Harford County,2,3,17645,9011,8634,6055,5755,1716,1706,43,36,304,311,15,10,878,816,6882,6524,2183,2146,286,259,572,550,41,34,8278,7928,5594,5308,1600,1589,21,13,293,301,6,7,764,710,6317,5974,2010,1980,210,185,542,521,28,26,733,706,461,447,116,117,22,23,11,10,9,3,114,106,565,550,173,166,76,74,30,29,13,8
050,24,025,Maryland,Harford County,2,4,16533,8614,7919,5924,5443,1656,1459,57,48,299,308,2,7,676,654,6559,6056,2001,1797,268,254,496,498,18,27,7926,7324,5459,5055,1556,1370,14,9,288,301,2,5,607,584,6029,5602,1873,1679,187,177,473,481,17,23,688,595,465,388,100,89,43,39,11,7,0,2,69,70,530,454,128,118,81,77,23,17,1,4
050,24,025,Maryland,Harford County,2,5,14863,7672,7191,5556,5150,1312,1281,52,47,264,234,6,6,482,473,5996,5588,1552,1515,216,203,406,366,20,20,7126,6666,5160,4817,1258,1206,15,15,259,225,5,4,429,399,5553,5188,1475,1411,150,133,391,342,17,16,546,525,396,333,54,75,37,32,5,9,1,2,53,74,443,400,77,104,66,70,15,24,3,4
050,24,025,Maryland,Harford County,2,6,14769,7445,7324,5582,5393,1206,1323,36,30,232,202,6,4,383,372,5933,5739,1373,1493,185,168,343,302,19,20,6885,6821,5175,5039,1142,1244,12,5,225,201,2,1,329,331,5479,5347,1291,1400,126,123,328,295,12,12,560,503,407,354,64,79,24,25,7,1,4,3,54,41,454,392,82,93,59,45,15,7,7,8
050,24,025,Maryland,Harford County,2,7,16365,8014,8351,6166,6139,1187,1426,41,53,269,315,8,17,343,401,6481,6507,1325,1593,194,228,363,418,18,38,7473,7807,5783,5778,1129,1344,5,14,261,304,8,12,287,355,6048,6106,1244,1492,123,162,347,402,17,30,541,544,383,361,58,82,36,39,8,11,0,5,56,46,433,401,81,101,71,66,16,16,1,8
050,24,025,Maryland,Harford County,2,8,17442,8469,8973,6578,6714,1201,1467,57,53,262,370,14,11,357,358,6903,7044,1334,1617,226,227,359,457,27,22,7928,8446,6209,6323,1135,1400,16,23,252,369,12,7,304,324,6486,6620,1250,1539,149,174,343,455,22,16,541,527,369,391,66,67,41,30,10,1,2,4,53,34,417,424,84,78,77,53,16,2,5,6
050,24,025,Maryland,Harford County,2,9,15688,7592,8096,5798,5956,1165,1395,50,34,294,374,7,12,278,325,6048,6245,1262,1526,193,196,368,448,15,24,7134,7616,5452,5612,1119,1324,21,5,282,370,7,12,253,293,5679,5872,1209,1444,146,147,353,442,14,21,458,480,346,344,46,71,29,29,12,4,0,0,25,32,369,373,53,82,47,49,15,6,1,3
050,24,025,Maryland,Harford County,2,10,16289,7853,8436,5967,6216,1244,1456,42,54,311,425,8,7,281,278,6219,6461,1336,1564,198,203,382,494,16,20,7425,7990,5640,5893,1201,1408,16,21,309,421,8,5,251,242,5866,6107,1285,1503,149,147,377,484,15,17,428,446,327,323,43,48,26,33,2,4,0,2,30,36,353,354,51,61,49,56,5,10,1,3
050,24,025,Maryland,Harford County,2,11,18074,8653,9421,6809,7267,1303,1470,45,49,276,338,7,0,213,297,7003,7536,1376,1574,171,225,320,392,13,12,8321,9052,6553,6996,1273,1428,21,22,275,334,5,0,194,272,6730,7241,1338,1526,135,180,319,386,10,12,332,369,256,271,30,42,24,27,1,4,2,0,19,25,273,295,38,48,36,45,1,6,3,0
050,24,025,Maryland,Harford County,2,12,20232,9831,10401,8029,8401,1266,1386,37,30,262,316,13,7,224,261,8238,8637,1333,1481,176,198,303,360,16,12,9529,10105,7801,8156,1230,1357,22,21,262,314,12,7,202,250,7988,8384,1291,1449,146,181,302,356,14,11,302,296,228,245,36,29,15,9,0,2,1,0,22,11,250,253,42,32,30,17,1,4,2,1
050,24,025,Maryland,Harford County,2,13,18524,8910,9614,7403,7895,1078,1203,29,19,225,294,2,8,173,195,7561,8073,1127,1272,141,143,257,324,5,13,8658,9390,7211,7715,1050,1182,14,10,221,292,2,7,160,184,7357,7883,1096,1248,117,126,251,321,5,11,252,224,192,180,28,21,15,9,4,2,0,1,13,11,204,190,31,24,24,17,6,3,0,2
050,24,025,Maryland,Harford County,2,14,14778,6897,7881,5886,6634,733,876,15,13,171,213,0,7,92,138,5968,6757,762,923,70,102,187,232,5,11,6768,7697,5797,6495,709,851,7,8,169,208,0,7,86,128,5874,6610,734,895,60,89,185,226,4,11,129,184,89,139,24,25,8,5,2,5,0,0,6,10,94,147,28,28,10,13,2,6,1,0
050,24,025,Maryland,Harford County,2,15,12064,5521,6543,4888,5611,440,653,14,21,107,163,4,0,68,95,4950,5695,459,690,58,80,119,174,9,7,5429,6424,4810,5512,431,643,14,13,107,163,3,0,64,93,4868,5594,449,680,55,72,119,174,8,5,92,119,78,99,9,10,0,8,0,0,1,0,4,2,82,101,10,10,3,8,0,0,1,2
050,24,025,Maryland,Harford County,2,16,8100,3542,4558,3165,4008,263,361,6,12,77,116,0,2,31,59,3193,4060,272,383,23,51,83,123,2,3,3489,4492,3119,3950,258,359,5,8,77,116,0,2,30,57,3146,4001,267,380,21,46,83,123,2,2,53,66,46,58,5,2,1,4,0,0,0,0,1,2,47,59,5,3,2,5,0,0,0,1
050,24,025,Maryland,Harford County,2,17,4928,2041,2887,1823,2561,142,221,7,10,52,73,2,1,15,21,1835,2579,146,227,15,23,57,77,3,2,2020,2836,1807,2518,141,216,5,10,52,73,0,1,15,18,1819,2533,145,221,13,21,57,77,1,2,21,51,16,43,1,5,2,0,0,0,2,0,0,3,16,46,1,6,2,2,0,0,2,0
050,24,025,Maryland,Harford County,2,18,4564,1645,2919,1484,2626,105,200,8,6,37,60,0,0,11,27,1495,2650,109,211,14,23,38,65,0,0,1614,2862,1461,2579,103,198,5,2,37,57,0,0,8,26,1469,2603,106,209,9,18,38,61,0,0,31,57,23,47,2,2,3,4,0,3,0,0,3,1,26,47,3,2,5,5,0,4,0,0
050,24,025,Maryland,Harford County,3,0,263245,128132,135113,97807,101994,19395,21338,655,604,3955,4657,118,110,6202,6410,103557,107909,22294,24387,2946,3048,5720,6371,292,318,120709,127805,92706,97029,18462,20317,230,221,3854,4560,89,84,5368,5594,97679,102191,20995,22999,2088,2239,5481,6145,225,255,7423,7308,5101,4965,933,1021,425,383,101,97,29,26,834,816,5878,5718,1299,1388,858,809,239,226,67,63
050,24,025,Maryland,Harford County,3,1,14185,7258,6927,4858,4672,1338,1247,46,55,187,202,7,9,822,742,5635,5373,1791,1651,230,228,459,451,30,29,6554,6274,4464,4314,1215,1159,10,9,182,193,6,5,677,594,5103,4876,1589,1487,140,117,423,408,23,20,704,653,394,358,123,88,36,46,5,9,1,4,145,148,532,497,202,164,90,111,36,43,7,9
050,24,025,Maryland,Harford County,3,2,16269,8272,7997,5616,5337,1536,1544,30,27,240,279,10,1,840,809,6411,6104,1992,1986,237,228,501,522,33,22,7493,7274,5146,4879,1429,1434,9,8,223,262,7,1,679,690,5787,5531,1804,1814,148,159,454,490,21,18,779,723,470,458,107,110,21,19,17,17,3,0,161,119,624,573,188,172,89,69,47,32,12,4
050,24,025,Maryland,Harford County,3,3,17526,8924,8602,5991,5692,1733,1761,48,22,294,304,19,12,839,811,6783,6449,2180,2208,276,241,555,548,45,37,8186,7844,5524,5213,1617,1626,23,6,282,295,10,8,730,696,6213,5864,2014,2015,197,170,522,520,34,27,738,758,467,479,116,135,25,16,12,9,9,4,109,115,570,585,166,193,79,71,33,28,11,10
050,24,025,Maryland,Harford County,3,4,16467,8538,7929,5791,5361,1672,1493,59,59,291,308,5,3,720,705,6464,6018,2047,1867,284,274,502,509,25,26,7824,7331,5316,4976,1568,1405,13,17,286,301,3,3,638,629,5912,5563,1905,1743,192,194,482,492,19,24,714,598,475,385,104,88,46,42,5,7,2,0,82,76,552,455,142,124,92,80,20,17,6,2
050,24,025,Maryland,Harford County,3,5,15308,7964,7344,5720,5219,1394,1353,60,52,280,244,5,7,505,469,6182,5657,1640,1590,225,210,434,379,18,21,7347,6811,5285,4878,1334,1289,16,11,269,238,4,4,439,391,5686,5243,1553,1493,148,128,410,357,14,14,617,533,435,341,60,64,44,41,11,6,1,3,66,78,496,414,87,97,77,82,24,22,4,7
050,24,025,Maryland,Harford County,3,6,14878,7569,7309,5611,5385,1250,1298,52,43,267,199,4,7,385,377,5964,5726,1429,1476,195,184,377,301,17,23,7014,6775,5210,5014,1194,1220,12,12,260,192,1,4,337,333,5520,5320,1354,1381,126,127,365,287,10,16,555,534,401,371,56,78,40,31,7,7,3,3,48,44,444,406,75,95,69,57,12,14,7,7
050,24,025,Maryland,Harford County,3,7,16635,8128,8507,6242,6210,1271,1528,39,47,263,307,10,13,303,402,6519,6582,1398,1705,175,215,348,405,18,34,7574,7907,5839,5824,1203,1433,5,9,259,297,9,9,259,335,6078,6134,1311,1582,113,139,339,388,15,26,554,600,403,386,68,95,34,38,4,10,1,4,44,67,441,448,87,123,62,76,9,17,3,8
050,24,025,Maryland,Harford County,3,8,17839,8714,9125,6704,6772,1289,1566,65,43,287,377,14,15,355,352,7027,7094,1421,1710,230,204,390,472,31,30,8134,8607,6325,6378,1220,1492,12,23,273,371,12,10,292,333,6593,6683,1332,1628,136,171,367,465,26,23,580,518,379,394,69,74,53,20,14,6,2,5,63,19,434,411,89,82,94,33,23,7,5,7
050,24,025,Maryland,Harford County,3,9,16439,7946,8493,6107,6247,1188,1490,53,41,301,372,8,12,289,331,6367,6548,1296,1623,196,212,383,449,18,24,7453,7981,5725,5901,1144,1404,20,10,286,368,7,12,271,286,5970,6161,1248,1520,150,150,366,441,14,21,493,512,382,346,44,86,33,31,15,4,1,0,18,45,397,387,48,103,46,62,17,8,4,3
050,24,025,Maryland,Harford County,3,10,15433,7450,7983,5609,5866,1229,1392,47,41,294,403,9,8,262,273,5852,6108,1320,1495,190,181,356,469,11,17,7022,7533,5284,5532,1182,1346,20,17,290,403,9,6,237,229,5502,5733,1268,1434,146,129,350,464,10,15,428,450,325,334,47,46,27,24,4,0,0,2,25,44,350,375,52,61,44,52,6,5,1,2
050,24,025,Maryland,Harford County,3,11,17964,8560,9404,6672,7154,1322,1523,47,58,296,368,4,0,219,301,6863,7420,1397,1634,175,229,342,433,11,8,8198,9016,6392,6878,1284,1473,21,24,295,361,4,0,202,280,6568,7125,1352,1577,136,180,341,423,11,8,362,388,280,276,38,50,26,34,1,7,0,0,17,21,295,295,45,57,39,49,1,10,0,0
050,24,025,Maryland,Harford County,3,12,19692,9525,10167,7699,8095,1285,1436,25,31,272,333,14,6,230,266,7910,8340,1358,1527,170,202,313,381,18,11,9224,9857,7470,7840,1253,1404,15,20,272,328,11,6,203,259,7655,8078,1319,1495,141,187,311,373,15,10,301,310,229,255,32,32,10,11,0,5,3,0,27,7,255,262,39,32,29,15,2,8,3,1
050,24,025,Maryland,Harford County,3,13,18905,9064,9841,7501,8079,1121,1242,30,21,226,292,4,8,182,199,7669,8261,1175,1309,146,144,259,323,5,15,8815,9615,7305,7902,1096,1217,19,12,223,291,4,7,168,186,7459,8072,1147,1282,126,126,253,320,5,13,249,226,196,177,25,25,11,9,3,1,0,1,14,13,210,189,28,27,20,18,6,3,0,2
050,24,025,Maryland,Harford County,3,14,15232,7116,8116,6041,6794,770,932,21,7,178,220,0,6,106,157,6135,6929,803,990,89,111,197,243,2,11,6979,7917,5945,6640,751,904,8,5,175,214,0,6,100,148,6034,6768,780,959,73,101,194,237,2,11,137,199,96,154,19,28,13,2,3,6,0,0,6,9,101,161,23,31,16,10,3,6,0,0
050,24,025,Maryland,Harford County,3,15,12553,5698,6855,5034,5832,475,712,12,28,101,183,3,0,73,100,5098,5922,500,749,61,89,112,197,4,3,5592,6731,4951,5732,458,704,12,17,101,183,2,0,68,95,5011,5818,481,739,57,75,112,196,3,3,106,124,83,100,17,8,0,11,0,0,1,0,5,5,87,104,19,10,4,14,0,1,1,0
050,24,025,Maryland,Harford County,3,16,8234,3635,4599,3262,4016,255,393,7,9,74,117,0,2,37,62,3298,4070,267,418,32,47,79,126,2,2,3578,4527,3211,3956,251,386,6,5,74,117,0,2,36,61,3246,4010,263,410,30,42,79,126,2,2,57,72,51,60,4,7,1,4,0,0,0,0,1,1,52,60,4,8,2,5,0,0,0,0
050,24,025,Maryland,Harford County,3,17,5141,2105,3036,1858,2689,155,221,7,13,63,84,2,1,20,28,1876,2711,162,233,20,26,70,91,2,5,2081,2981,1840,2643,153,216,5,13,63,84,0,1,20,24,1858,2661,160,226,18,25,70,90,0,4,24,55,18,46,2,5,2,0,0,0,2,0,0,4,18,50,2,7,2,1,0,1,2,1
050,24,025,Maryland,Harford County,3,18,4545,1666,2879,1491,2574,112,207,7,7,41,65,0,0,15,26,1504,2597,118,216,15,23,43,72,2,0,1641,2824,1474,2529,110,205,4,3,41,62,0,0,12,25,1484,2551,115,214,11,19,43,68,1,0,25,55,17,45,2,2,3,4,0,3,0,0,3,1,20,46,3,2,4,4,0,4,1,0
050,24,025,Maryland,Harford County,4,0,263749,128549,135200,97341,101241,19930,21872,744,700,4071,4804,124,115,6339,6468,103237,107242,22858,24958,3070,3152,5893,6533,312,319,120762,127568,92097,96155,18922,20783,233,234,3963,4703,90,84,5457,5609,97163,101350,21468,23488,2099,2242,5628,6303,248,249,7787,7632,5244,5086,1008,1089,511,466,108,101,34,31,882,859,6074,5892,1390,1470,971,910,265,230,64,70
050,24,025,Maryland,Harford County,4,1,14161,7257,6904,4792,4593,1380,1266,51,82,177,205,7,16,850,742,5594,5296,1845,1672,242,253,459,450,24,39,6509,6195,4392,4222,1240,1163,9,7,172,199,6,11,690,593,5043,4785,1617,1489,139,114,420,417,18,28,748,709,400,371,140,103,42,75,5,6,1,5,160,149,551,511,228,183,103,139,39,33,6,11
050,24,025,Maryland,Harford County,4,2,16228,8278,7950,5604,5247,1585,1567,39,47,249,281,8,3,793,805,6361,6013,2016,2004,226,248,503,534,30,30,7491,7197,5132,4801,1468,1447,11,15,232,262,4,1,644,671,5744,5436,1823,1816,138,157,456,491,21,22,787,753,472,446,117,120,28,32,17,19,4,2,149,134,617,577,193,188,88,91,47,43,9,8
050,24,025,Maryland,Harford County,4,3,17427,8877,8550,5971,5676,1749,1752,58,33,292,309,13,11,794,769,6719,6398,2171,2176,272,236,536,551,34,36,8105,7780,5486,5201,1630,1606,22,6,281,294,9,7,677,666,6121,5827,1997,1981,179,161,502,518,29,26,772,770,485,475,119,146,36,27,11,15,4,4,117,103,598,571,174,195,93,75,34,33,5,10
050,24,025,Maryland,Harford County,4,4,16455,8578,7877,5706,5237,1704,1527,67,67,297,304,13,3,791,739,6446,5922,2116,1913,308,286,533,515,36,27,7814,7230,5224,4834,1587,1435,13,19,290,298,5,2,695,642,5874,5429,1956,1780,203,191,505,494,26,19,764,647,482,403,117,92,54,48,7,6,8,1,96,97,572,493,160,133,105,95,28,21,10,8
050,24,025,Maryland,Harford County,4,5,15244,8039,7205,5651,5062,1461,1350,99,33,278,248,6,6,544,506,6145,5529,1731,1608,279,201,440,390,26,20,7346,6677,5202,4722,1387,1287,13,7,267,237,4,5,473,419,5632,5108,1627,1509,153,128,416,366,21,16,693,528,449,340,74,63,86,26,11,11,2,1,71,87,513,421,104,99,126,73,24,24,5,4
050,24,025,Maryland,Harford County,4,6,14801,7557,7244,5552,5287,1240,1278,64,62,299,231,3,8,399,378,5920,5637,1421,1465,205,198,416,325,20,19,7008,6704,5166,4912,1178,1213,17,18,294,227,2,4,351,330,5489,5216,1343,1378,131,126,403,317,17,15,549,540,386,375,62,65,47,44,5,4,1,4,48,48,431,421,78,87,74,72,13,8,3,4
050,24,025,Maryland,Harford County,4,7,16632,8127,8505,6136,6173,1340,1607,65,64,263,308,11,9,312,344,6426,6490,1468,1756,196,211,353,398,24,22,7534,7853,5724,5747,1270,1501,8,12,258,299,7,6,267,288,5975,6015,1381,1628,113,126,339,382,16,15,593,652,412,426,70,106,57,52,5,9,4,3,45,56,451,475,87,128,83,85,14,16,8,7
050,24,025,Maryland,Harford County,4,8,18040,8814,9226,6739,6751,1366,1645,43,37,304,421,9,17,353,355,7065,7076,1499,1798,210,193,403,516,17,30,8235,8697,6346,6354,1294,1566,9,16,289,414,9,11,288,336,6610,6661,1403,1713,134,163,381,506,15,22,579,529,393,397,72,79,34,21,15,7,0,6,65,19,455,415,96,85,76,30,22,10,2,8
050,24,025,Maryland,Harford County,4,9,17002,8168,8834,6253,6426,1220,1596,43,45,325,393,13,10,314,364,6541,6762,1339,1746,200,229,404,480,22,23,7658,8278,5851,6050,1185,1500,21,19,306,389,10,8,285,312,6113,6337,1295,1630,159,169,382,469,16,19,510,556,402,376,35,96,22,26,19,4,3,2,29,52,428,425,44,116,41,60,22,11,6,4
050,24,025,Maryland,Harford County,4,10,15257,7438,7819,5568,5713,1261,1398,51,46,282,377,11,8,265,277,5808,5959,1350,1508,194,194,347,442,21,15,6955,7370,5203,5385,1207,1346,21,16,277,377,11,6,236,240,5416,5597,1289,1443,141,138,340,439,21,13,483,449,365,328,54,52,30,30,5,0,0,2,29,37,392,362,61,65,53,56,7,3,0,2
050,24,025,Maryland,Harford County,4,11,17463,8356,9107,6476,6833,1280,1527,45,53,320,404,4,1,231,289,6688,7093,1352,1632,177,217,376,461,13,11,7995,8713,6200,6550,1245,1484,15,17,318,398,4,1,213,263,6394,6784,1314,1581,134,165,371,453,13,10,361,394,276,283,35,43,30,36,2,6,0,0,18,26,294,309,38,51,43,52,5,8,0,1
050,24,025,Maryland,Harford County,4,12,19036,9149,9887,7293,7746,1304,1491,28,37,289,323,14,6,221,284,7493,8007,1372,1591,171,211,330,372,17,11,8835,9566,7047,7496,1274,1451,19,22,289,320,10,6,196,271,7223,7744,1336,1547,142,188,328,368,13,11,314,321,246,250,30,40,9,15,0,3,4,0,25,13,270,263,36,44,29,23,2,4,4,0
050,24,025,Maryland,Harford County,4,13,18873,9038,9835,7415,8037,1162,1246,37,23,215,303,6,8,203,218,7604,8238,1220,1324,167,158,256,339,11,15,8786,9596,7231,7848,1125,1222,22,14,214,302,6,7,188,203,7407,8035,1181,1294,140,138,254,338,9,14,252,239,184,189,37,24,15,9,1,1,0,1,15,15,197,203,39,30,27,20,2,1,2,1
050,24,025,Maryland,Harford County,4,14,15661,7298,8363,6178,6931,802,1011,18,13,188,244,0,5,112,159,6280,7075,830,1066,92,114,212,270,2,11,7152,8156,6069,6777,786,976,6,8,183,238,0,5,108,152,6168,6917,813,1028,76,105,207,262,2,10,146,207,109,154,16,35,12,5,5,6,0,0,4,7,112,158,17,38,16,9,5,8,0,1
050,24,025,Maryland,Harford County,4,15,12396,5652,6744,4942,5690,511,744,15,24,111,182,3,1,70,103,5006,5784,533,782,60,86,123,197,6,5,5540,6605,4859,5580,491,736,12,13,111,181,2,1,65,94,4918,5665,511,773,55,70,123,193,4,5,112,139,83,110,20,8,3,11,0,1,1,0,5,9,88,119,22,9,5,16,0,4,2,0
050,24,025,Maryland,Harford County,4,16,9072,4013,5059,3596,4424,278,433,8,12,87,120,0,0,44,70,3634,4489,295,460,37,54,96,130,3,1,3946,4973,3536,4354,274,424,7,7,87,120,0,0,42,68,3572,4417,290,450,35,49,96,130,3,0,67,86,60,70,4,9,1,5,0,0,0,0,2,2,62,72,5,10,2,5,0,0,0,1
050,24,025,Maryland,Harford County,4,17,5426,2213,3213,1943,2846,183,229,5,12,56,90,2,3,24,33,1966,2874,188,241,17,33,63,97,3,4,2179,3163,1917,2804,180,224,3,12,56,90,0,3,23,30,1939,2830,185,235,15,30,62,97,1,4,34,50,26,42,3,5,2,0,0,0,2,0,1,3,27,44,3,6,2,3,1,0,2,0
050,24,025,Maryland,Harford County,4,18,4575,1697,2878,1526,2569,104,205,8,10,39,61,1,0,19,33,1541,2600,112,216,17,30,43,66,3,0,1674,2815,1512,2518,101,202,5,6,39,58,1,0,16,31,1525,2547,107,213,12,24,43,63,3,0,23,63,14,51,3,3,3,4,0,3,0,0,3,2,16,53,5,3,5,6,0,3,0,0
050,24,025,Maryland,Harford County,5,0,264739,128984,135755,97120,101081,20262,22311,790,722,4211,4936,128,120,6473,6585,103139,107147,23302,25488,3093,3194,6103,6746,315,337,120844,127847,91641,95822,19221,21182,233,215,4097,4831,93,89,5559,5708,96803,101092,21845,23954,2078,2240,5831,6489,252,270,8140,7908,5479,5259,1041,1129,557,507,114,105,35,31,914,877,6336,6055,1457,1534,1015,954,272,257,63,67
050,24,025,Maryland,Harford County,5,1,14089,7221,6868,4693,4485,1396,1245,50,109,176,207,7,19,899,803,5543,5242,1896,1689,255,287,475,485,27,44,6408,6106,4244,4109,1276,1131,3,6,173,199,6,17,706,644,4910,4720,1669,1488,136,121,430,444,20,35,813,762,449,376,120,114,47,103,3,8,1,2,193,159,633,522,227,201,119,166,45,41,7,9
050,24,025,Maryland,Harford County,5,2,16220,8291,7929,5577,5218,1605,1612,31,50,272,295,6,6,800,748,6333,5925,2037,2026,216,231,539,531,30,28,7517,7199,5090,4777,1484,1510,13,9,252,278,2,1,676,624,5729,5368,1852,1855,148,141,494,492,21,20,774,730,487,441,121,102,18,41,20,17,4,5,124,124,604,557,185,171,68,90,45,39,9,8
050,24,025,Maryland,Harford County,5,3,17126,8732,8394,5901,5557,1688,1750,56,34,284,302,12,9,791,742,6648,6255,2115,2155,271,229,526,531,33,32,7923,7636,5405,5069,1571,1619,15,9,277,292,9,7,646,640,6016,5670,1924,1975,160,156,495,504,27,26,809,758,496,488,117,131,41,25,7,10,3,2,145,102,632,585,191,180,111,73,31,27,6,6
050,24,025,Maryland,Harford County,5,4,16598,8585,8013,5659,5296,1740,1597,61,52,298,318,15,6,812,744,6421,5987,2176,1989,294,272,543,532,37,28,7823,7329,5176,4876,1614,1490,17,14,287,305,6,3,723,641,5852,5471,2007,1836,208,178,514,502,26,23,762,684,483,420,126,107,44,38,11,13,9,3,89,103,569,516,169,153,86,94,29,30,11,5
050,24,025,Maryland,Harford County,5,5,15071,7916,7155,5463,4953,1503,1380,117,46,283,255,3,4,547,517,5971,5431,1777,1647,291,207,446,402,14,24,7214,6606,5030,4606,1419,1302,13,4,271,245,2,4,479,445,5476,5018,1663,1540,152,130,422,379,11,18,702,549,433,347,84,78,104,42,12,10,1,0,68,72,495,413,114,107,139,77,24,23,3,6
050,24,025,Maryland,Harford County,5,6,14962,7664,7298,5599,5274,1231,1294,58,57,345,244,7,8,424,421,5993,5663,1427,1505,205,209,474,360,20,22,7093,6700,5198,4878,1174,1202,9,18,345,240,5,4,362,358,5536,5210,1348,1383,123,136,459,345,16,16,571,598,401,396,57,92,49,39,0,4,2,4,62,63,457,453,79,122,82,73,15,15,4,6
050,24,025,Maryland,Harford County,5,7,16580,8206,8374,6187,6048,1381,1599,67,74,237,309,13,5,321,339,6483,6358,1514,1754,196,208,330,400,28,17,7579,7732,5746,5617,1304,1509,12,12,227,301,8,5,282,288,6006,5882,1422,1643,118,115,316,386,21,16,627,642,441,431,77,90,55,62,10,8,5,0,39,51,477,476,92,111,78,93,14,14,7,1
050,24,025,Maryland,Harford County,5,8,17998,8742,9256,6660,6724,1355,1676,60,44,321,424,6,18,340,370,6973,7062,1485,1838,211,206,419,529,20,28,8097,8672,6219,6306,1276,1591,8,12,302,418,6,8,286,337,6483,6614,1387,1740,125,155,391,518,17,18,645,584,441,418,79,85,52,32,19,6,0,10,54,33,490,448,98,98,86,51,28,11,3,10
050,24,025,Maryland,Harford County,5,9,17554,8424,9130,6404,6599,1317,1661,39,44,336,427,16,13,312,386,6687,6952,1437,1823,192,236,417,518,24,28,7911,8546,6015,6191,1269,1566,16,20,320,422,13,11,278,336,6267,6497,1376,1710,145,179,400,505,20,23,513,584,389,408,48,95,23,24,16,5,3,2,34,50,420,455,61,113,47,57,17,13,4,5
050,24,025,Maryland,Harford County,5,10,15370,7467,7903,5576,5808,1267,1418,66,25,282,357,10,5,266,290,5814,6063,1358,1533,209,180,352,425,18,15,6939,7450,5174,5464,1207,1364,30,12,277,356,10,4,241,250,5389,5686,1293,1464,154,140,344,419,18,12,528,453,402,344,60,54,36,13,5,1,0,1,25,40,425,377,65,69,55,40,8,6,0,3
050,24,025,Maryland,Harford County,5,11,17072,8202,8870,6298,6526,1279,1567,47,52,337,436,4,4,237,285,6514,6782,1358,1678,177,214,395,500,11,14,7825,8459,6000,6234,1248,1518,17,19,333,431,4,3,223,254,6203,6463,1324,1618,136,159,390,491,11,12,377,411,298,292,31,49,30,33,4,5,0,1,14,31,311,319,34,60,41,55,5,9,0,2
050,24,025,Maryland,Harford County,5,12,18336,8760,9576,6903,7474,1297,1468,37,40,287,317,14,0,222,277,7104,7724,1369,1568,167,210,334,368,22,7,8424,9257,6647,7222,1264,1437,23,20,286,312,10,0,194,266,6821,7465,1328,1534,134,182,331,360,17,6,336,319,256,252,33,31,14,20,1,5,4,0,28,11,283,259,41,34,33,28,3,8,5,1
050,24,025,Maryland,Harford County,5,13,18795,9017,9778,7371,7949,1173,1269,40,23,228,294,8,11,197,232,7554,8154,1231,1351,162,162,263,340,13,20,8753,9522,7188,7755,1131,1232,22,15,227,292,8,10,177,218,7351,7948,1183,1310,131,146,261,335,12,18,264,256,183,194,42,37,18,8,1,2,0,1,20,14,203,206,48,41,31,16,2,5,1,2
050,24,025,Maryland,Harford County,5,14,16110,7599,8511,6369,7015,870,1045,22,13,204,264,1,6,133,168,6488,7163,911,1110,104,116,233,291,7,10,7434,8297,6246,6852,854,1010,6,6,201,262,1,6,126,161,6360,6995,891,1071,84,106,229,287,7,10,165,214,123,163,16,35,16,7,3,2,0,0,7,7,128,168,20,39,20,10,4,4,0,0
050,24,025,Maryland,Harford County,5,15,12592,5710,6882,4952,5813,542,748,16,18,123,185,0,3,77,115,5023,5915,562,788,63,92,138,205,2,9,5595,6741,4863,5703,527,739,12,11,121,180,0,3,72,105,4929,5798,546,775,55,78,136,198,2,8,115,141,89,110,15,9,4,7,2,5,0,0,5,10,94,117,16,13,8,14,2,7,0,1
050,24,025,Maryland,Harford County,5,16,9583,4242,5341,3784,4624,313,502,8,15,92,128,3,0,42,72,3820,4688,326,528,34,63,101,138,4,4,4169,5232,3724,4538,305,490,7,7,92,127,2,0,39,70,3757,4601,317,514,31,55,101,137,3,3,73,109,60,86,8,12,1,8,0,1,1,0,3,2,63,87,9,14,3,8,0,1,1,1
050,24,025,Maryland,Harford County,5,17,5898,2427,3471,2139,3043,195,271,4,9,56,105,2,3,31,40,2165,3075,205,286,24,34,63,116,4,5,2384,3429,2105,3005,191,269,2,8,56,105,0,3,30,39,2130,3036,201,284,21,32,63,116,2,5,43,42,34,38,4,2,2,1,0,0,2,0,1,1,35,39,4,2,3,2,0,0,2,0
050,24,025,Maryland,Harford County,5,18,4785,1779,3006,1585,2675,110,209,11,17,50,69,1,0,22,36,1605,2708,118,220,22,38,55,75,1,2,1756,2934,1571,2620,107,203,8,13,50,66,1,0,19,32,1588,2650,114,214,17,31,55,71,1,1,23,72,14,55,3,6,3,4,0,3,0,0,3,4,17,58,4,6,5,7,0,4,0,1
050,24,025,Maryland,Harford County,6,0,265624,129351,136273,96748,101093,20559,22619,873,730,4377,5010,125,114,6669,6707,102950,107283,23683,25872,3228,3205,6337,6822,339,337,120801,128005,91016,95574,19467,21480,238,215,4250,4903,91,89,5739,5744,96360,100875,22166,24281,2138,2210,6038,6548,265,273,8550,8268,5732,5519,1092,1139,635,515,127,107,34,25,930,963,6590,6408,1517,1591,1090,995,299,274,74,64
050,24,025,Maryland,Harford County,6,1,13988,7117,6871,4583,4468,1390,1239,53,140,203,212,4,15,884,797,5416,5222,1876,1683,255,333,503,482,28,36,6271,6030,4087,4054,1285,1130,2,7,196,204,4,14,697,621,4746,4641,1669,1473,132,127,452,437,22,29,846,841,496,414,105,109,51,133,7,8,0,1,187,176,670,581,207,210,123,206,51,45,6,7
050,24,025,Maryland,Harford County,6,2,16083,8209,7874,5441,5188,1625,1576,33,47,264,290,8,6,838,767,6233,5915,2081,1996,221,232,546,530,30,31,7426,7133,4953,4767,1489,1467,14,12,247,275,4,3,719,609,5634,5345,1886,1801,155,132,504,488,21,21,783,741,488,421,136,109,19,35,17,15,4,3,119,158,599,570,195,195,66,100,42,42,9,10
050,24,025,Maryland,Harford County,6,3,16949,8672,8277,5854,5490,1692,1709,54,34,277,303,11,4,784,737,6592,6175,2112,2115,266,213,523,540,32,29,7857,7528,5348,4994,1574,1589,15,10,269,292,10,4,641,639,5949,5589,1924,1947,159,147,488,509,28,26,815,749,506,496,118,120,39,24,8,11,1,0,143,98,643,586,188,168,107,66,35,31,4,3
050,24,025,Maryland,Harford County,6,4,16658,8578,8080,5638,5309,1724,1666,60,51,302,305,17,8,837,741,6426,6001,2173,2062,299,260,546,524,44,30,7809,7369,5154,4871,1609,1552,19,14,293,291,6,4,728,637,5836,5466,2008,1899,207,175,518,489,27,23,769,711,484,438,115,114,41,37,9,14,11,4,109,104,590,535,165,163,92,85,28,35,17,7
050,24,025,Maryland,Harford County,6,5,14880,7769,7111,5232,4838,1523,1376,146,35,282,266,3,6,583,590,5773,5386,1815,1685,332,217,463,429,19,26,7024,6527,4807,4467,1424,1288,14,4,264,256,2,5,513,507,5285,4940,1685,1559,165,146,428,405,16,20,745,584,425,371,99,88,132,31,18,10,1,1,70,83,488,446,130,126,167,71,35,24,3,6
050,24,025,Maryland,Harford County,6,6,15227,7873,7354,5663,5294,1288,1332,69,51,377,257,7,4,469,416,6099,5680,1504,1540,229,195,516,366,23,21,7268,6800,5254,4921,1224,1255,12,17,372,249,5,4,401,354,5629,5252,1414,1434,134,127,499,351,17,17,605,554,409,373,64,77,57,34,5,8,2,0,68,62,470,428,90,106,95,68,17,15,6,4
050,24,025,Maryland,Harford County,6,7,16228,8053,8175,6006,5944,1373,1570,82,68,261,269,11,3,320,321,6302,6231,1509,1715,210,197,349,354,24,19,7375,7521,5546,5495,1287,1480,7,15,252,265,7,2,276,264,5802,5732,1405,1603,109,111,336,341,19,13,678,654,460,449,86,90,75,53,9,4,4,1,44,57,500,499,104,112,101,86,13,13,5,6
050,24,025,Maryland,Harford County,6,8,17994,8762,9232,6663,6652,1351,1667,72,47,338,437,6,22,332,407,6970,7028,1480,1849,216,223,437,540,23,34,8085,8627,6186,6231,1279,1584,9,14,322,429,5,13,284,356,6452,6560,1391,1745,123,158,414,526,19,24,677,605,477,421,72,83,63,33,16,8,1,9,48,51,518,468,89,104,93,65,23,14,4,10
050,24,025,Maryland,Harford County,6,9,18096,8673,9423,6620,6856,1343,1706,43,46,325,428,17,10,325,377,6914,7196,1465,1869,200,230,411,519,29,23,8142,8746,6223,6349,1279,1608,19,19,316,426,14,7,291,337,6487,6654,1388,1755,155,173,396,513,23,20,531,677,397,507,64,98,24,27,9,2,3,3,34,40,427,542,77,114,45,57,15,6,6,3
050,24,025,Maryland,Harford County,6,10,15741,7689,8052,5704,5851,1327,1503,66,18,306,373,8,9,278,298,5955,6120,1427,1619,205,167,380,448,16,18,7099,7553,5257,5481,1261,1433,31,5,290,369,8,8,252,257,5484,5713,1353,1536,155,130,360,437,15,15,590,499,447,370,66,70,35,13,16,4,0,1,26,41,471,407,74,83,50,37,20,11,1,3
050,24,025,Maryland,Harford County,6,11,16539,7952,8587,6024,6285,1275,1539,46,57,342,423,4,4,261,279,6261,6534,1361,1645,189,205,406,485,14,14,7537,8146,5701,5970,1238,1489,13,22,336,418,4,3,245,244,5926,6186,1319,1584,144,145,398,476,12,13,415,441,323,315,37,50,33,35,6,5,0,1,16,35,335,348,42,61,45,60,8,9,2,1
050,24,025,Maryland,Harford County,6,12,17642,8461,9181,6617,7083,1301,1458,37,35,291,333,9,0,206,272,6805,7329,1365,1557,157,199,334,383,19,10,8100,8846,6337,6826,1268,1426,22,15,290,328,5,0,178,251,6501,7053,1323,1517,122,165,331,374,13,9,361,335,280,257,33,32,15,20,1,5,4,0,28,21,304,276,42,40,35,34,3,9,6,1
050,24,025,Maryland,Harford County,6,13,18929,9039,9890,7354,7968,1189,1315,41,29,245,329,12,7,198,242,7533,8187,1249,1403,162,173,285,371,18,16,8767,9610,7163,7749,1143,1277,22,19,245,327,12,7,182,231,7327,7957,1196,1361,134,158,284,367,18,16,272,280,191,219,46,38,19,10,0,2,0,0,16,11,206,230,53,42,28,15,1,4,0,0
050,24,025,Maryland,Harford County,6,14,16585,7829,8756,6508,7189,917,1098,29,16,210,276,2,7,163,170,6657,7341,963,1159,131,121,243,301,5,14,7635,8532,6364,7015,900,1070,10,6,206,274,2,6,153,161,6504,7159,942,1128,107,106,237,298,5,12,194,224,144,174,17,28,19,10,4,2,0,1,10,9,153,182,21,31,24,15,6,3,0,2
050,24,025,Maryland,Harford County,6,15,12817,5774,7043,4961,5922,576,783,15,17,133,179,0,6,89,136,5043,6043,604,833,70,103,151,199,4,10,5660,6897,4877,5808,557,771,10,12,131,174,0,6,85,126,4956,5920,583,820,63,92,149,191,3,9,114,146,84,114,19,12,5,5,2,5,0,0,4,10,87,123,21,13,7,11,2,8,1,1
050,24,025,Maryland,Harford County,6,16,10153,4510,5643,4011,4855,345,563,13,15,94,141,3,0,44,69,4050,4918,361,587,40,61,103,148,6,0,4425,5533,3941,4768,338,549,10,7,94,141,2,0,40,68,3976,4830,352,573,34,52,103,148,5,0,85,110,70,87,7,14,3,8,0,0,1,0,4,1,74,88,9,14,6,9,0,0,1,0
050,24,025,Maryland,Harford County,6,17,6189,2562,3627,2256,3165,200,292,4,11,70,108,2,2,30,49,2281,3207,208,314,21,40,80,115,3,4,2519,3582,2222,3126,195,292,3,8,70,107,0,2,29,47,2246,3166,202,313,20,36,80,114,1,4,43,45,34,39,5,0,1,3,0,1,2,0,1,2,35,41,6,1,1,4,0,1,2,0
050,24,025,Maryland,Harford County,6,18,4926,1829,3097,1613,2736,120,227,10,13,57,81,1,1,28,39,1640,2770,130,241,25,36,61,88,2,2,1802,3025,1596,2682,117,220,6,9,57,78,1,1,25,35,1620,2712,126,233,20,30,61,84,1,2,27,72,17,54,3,7,4,4,0,3,0,0,3,4,20,58,4,8,5,6,0,4,1,0
050,24,025,Maryland,Harford County,7,0,266446,129613,136833,96547,101019,20797,23037,892,749,4414,5048,130,119,6833,6861,102911,107385,24011,26375,3271,3278,6414,6931,361,325,120774,128230,90624,95312,19683,21860,238,215,4293,4941,93,94,5843,5808,96074,100696,22437,24688,2124,2219,6121,6645,278,261,8839,8603,5923,5707,1114,1177,654,534,121,107,37,25,990,1053,6837,6689,1574,1687,1147,1059,293,286,83,64
050,24,025,Maryland,Harford County,7,1,13897,7034,6863,4495,4362,1350,1249,47,152,233,218,2,10,907,872,5353,5177,1848,1730,250,361,536,509,28,29,6158,5975,3981,3957,1247,1141,3,3,225,210,2,10,700,654,4643,4570,1631,1500,128,121,481,455,19,22,876,888,514,405,103,108,44,149,8,8,0,0,207,218,710,607,217,230,122,240,55,54,9,7
050,24,025,Maryland,Harford County,7,2,15751,8043,7708,5353,5141,1560,1525,39,39,244,254,8,10,839,739,6151,5842,2021,1930,222,222,529,487,35,32,7276,6967,4863,4710,1431,1421,12,11,236,240,7,6,727,579,5558,5259,1833,1734,153,127,497,446,25,22,767,741,490,431,129,104,27,28,8,14,1,4,112,160,593,583,188,196,69,95,32,41,10,10
050,24,025,Maryland,Harford County,7,3,16916,8609,8307,5775,5498,1702,1748,46,29,268,307,12,2,806,723,6531,6174,2133,2147,264,209,522,538,31,26,7760,7548,5264,4992,1574,1627,16,11,253,292,8,2,645,624,5872,5574,1924,1975,159,149,476,503,21,22,849,759,511,506,128,121,30,18,15,15,4,0,161,99,659,600,209,172,105,60,46,35,10,4
050,24,025,Maryland,Harford County,7,4,16658,8586,8072,5613,5267,1754,1691,49,39,293,299,16,11,861,765,6421,5985,2219,2108,289,256,539,527,49,34,7803,7312,5113,4794,1644,1571,22,13,279,285,6,7,739,642,5808,5396,2050,1925,204,171,506,491,33,26,783,760,500,473,110,120,27,26,14,14,10,4,122,123,613,589,169,183,85,85,33,36,16,8
050,24,025,Maryland,Harford County,7,5,14621,7613,7008,5014,4702,1527,1362,170,46,274,280,5,7,623,611,5593,5273,1840,1685,370,238,453,454,28,25,6822,6433,4588,4336,1418,1279,11,6,260,272,3,5,542,535,5092,4835,1695,1568,169,160,427,431,22,19,791,575,426,366,109,83,159,40,14,8,2,2,81,76,501,438,145,117,201,78,26,23,6,6
050,24,025,Maryland,Harford County,7,6,15611,8058,7553,5761,5349,1368,1428,70,48,390,271,8,7,461,450,6187,5769,1589,1651,234,200,529,394,22,20,7437,6981,5329,4977,1303,1337,21,16,383,262,5,7,396,382,5696,5338,1495,1528,145,131,513,374,17,18,621,572,432,372,65,91,49,32,7,9,3,0,65,68,491,431,94,123,89,69,16,20,5,2
050,24,025,Maryland,Harford County,7,7,15825,7928,7897,5893,5745,1327,1505,75,68,279,256,6,4,348,319,6216,6048,1481,1652,206,181,378,345,20,19,7275,7262,5455,5301,1240,1417,6,11,270,254,2,3,302,276,5735,5562,1374,1546,111,104,366,337,14,16,653,635,438,444,87,88,69,57,9,2,4,1,46,43,481,486,107,106,95,77,12,8,6,3
050,24,025,Maryland,Harford County,7,8,18080,8719,9361,6613,6745,1346,1706,84,56,316,423,12,18,348,413,6933,7126,1481,1890,228,238,418,529,30,29,8027,8683,6129,6292,1281,1611,9,18,306,413,11,13,291,336,6395,6603,1396,1763,118,153,401,512,25,22,692,678,484,453,65,95,75,38,10,10,1,5,57,77,538,523,85,127,110,85,17,17,5,7
050,24,025,Maryland,Harford County,7,9,18599,8968,9631,6824,7025,1439,1724,50,49,333,431,16,13,306,389,7109,7378,1549,1891,187,236,424,528,29,26,8375,8915,6387,6484,1361,1631,16,22,318,428,13,7,280,343,6646,6794,1464,1780,137,180,405,521,26,17,593,716,437,541,78,93,34,27,15,3,3,6,26,46,463,584,85,111,50,56,19,7,3,9
050,24,025,Maryland,Harford County,7,10,16232,7900,8332,5933,6059,1300,1559,57,26,320,380,10,8,280,300,6181,6330,1402,1679,199,176,397,456,16,18,7312,7788,5468,5663,1250,1473,25,5,313,375,10,8,246,264,5689,5902,1341,1580,143,132,383,443,16,17,588,544,465,396,50,86,32,21,7,5,0,0,34,36,492,428,61,99,56,44,14,13,0,1
050,24,025,Maryland,Harford County,7,11,15940,7681,8259,5756,5972,1311,1550,46,53,322,416,4,6,242,262,5973,6208,1390,1648,173,197,387,475,11,13,7220,7801,5398,5645,1259,1500,16,19,316,414,4,4,227,219,5604,5842,1335,1584,132,131,376,468,11,11,461,458,358,327,52,50,30,34,6,2,0,2,15,43,369,366,55,64,41,66,11,7,0,2
050,24,025,Maryland,Harford County,7,12,17211,8287,8924,6423,6822,1307,1463,47,39,287,340,10,0,213,260,6618,7061,1381,1556,171,192,331,391,17,5,7895,8573,6123,6557,1271,1427,20,16,285,337,5,0,191,236,6297,6774,1336,1511,128,152,328,385,10,5,392,351,300,265,36,36,27,23,2,3,5,0,22,24,321,287,45,45,43,40,3,6,7,0
050,24,025,Maryland,Harford County,7,13,18733,8922,9811,7231,7816,1198,1376,29,31,259,336,13,5,192,247,7411,8041,1254,1465,147,179,295,384,19,12,8647,9519,7026,7584,1159,1341,18,22,259,333,12,5,173,234,7187,7797,1210,1427,123,162,294,378,17,11,275,292,205,232,39,35,11,9,0,3,1,0,19,13,224,244,44,38,24,17,1,6,2,1
050,24,025,Maryland,Harford County,7,14,16966,7983,8983,6574,7353,965,1137,41,18,216,286,2,8,185,181,6743,7515,1014,1207,157,133,256,315,9,12,7771,8749,6422,7164,944,1112,16,9,212,284,2,7,175,173,6584,7318,991,1178,124,119,250,313,8,10,212,234,152,189,21,25,25,9,4,2,0,1,10,8,159,197,23,29,33,14,6,2,1,2
050,24,025,Maryland,Harford County,7,15,13381,6033,7348,5144,6130,635,855,12,17,143,188,0,7,99,151,5235,6265,659,911,70,109,164,211,6,17,5918,7174,5067,6000,611,834,5,10,141,183,0,7,94,140,5153,6124,633,887,60,97,162,205,6,15,115,174,77,130,24,21,7,7,2,5,0,0,5,11,82,141,26,24,10,12,2,6,0,2
050,24,025,Maryland,Harford County,7,16,10590,4728,5862,4179,5002,369,593,16,17,95,162,3,0,66,88,4237,5083,392,624,59,73,104,174,6,3,4631,5758,4099,4920,359,582,14,8,95,162,2,0,62,86,4153,4999,382,612,53,63,104,174,5,3,97,104,80,82,10,11,2,9,0,0,1,0,4,2,84,84,10,12,6,10,0,0,1,0
050,24,025,Maryland,Harford County,7,17,6396,2651,3745,2344,3250,207,323,6,11,68,109,0,2,26,50,2369,3292,214,342,19,42,73,117,2,3,2607,3690,2308,3204,202,320,4,8,68,108,0,2,25,48,2332,3244,208,339,17,38,73,115,2,3,44,55,36,46,5,3,2,3,0,1,0,0,1,2,37,48,6,3,2,4,0,2,0,0
050,24,025,Maryland,Harford County,7,18,5039,1870,3169,1622,2781,132,243,8,11,74,92,3,1,31,41,1650,2818,144,259,26,36,79,97,3,2,1840,3102,1604,2732,129,236,4,7,74,89,1,1,28,37,1630,2765,139,251,20,29,79,94,1,2,30,67,18,49,3,7,4,4,0,3,2,0,3,4,20,53,5,8,6,7,0,3,2,0
050,24,027,Maryland,Howard County,1,0,332311,161495,170816,87600,89174,31617,37183,1366,1323,32507,34469,128,118,8277,8549,94996,96770,35530,41425,3542,3617,36149,38064,347,388,147998,156952,78538,79983,30017,35265,251,239,32283,34229,66,69,6843,7167,84658,86328,33148,38748,1749,1854,35569,37538,248,289,13497,13864,9062,9191,1600,1918,1115,1084,224,240,62,49,1434,1382,10338,10442,2382,2677,1793,1763,580,526,99,99
050,24,027,Maryland,Howard County,1,1,18814,9699,9115,4196,3929,2174,2085,115,97,2089,1963,9,9,1116,1032,5213,4873,2697,2604,273,241,2696,2502,28,34,8519,7973,3504,3279,2001,1879,18,18,2069,1928,9,4,918,865,4342,4066,2404,2286,117,88,2620,2435,24,24,1180,1142,692,650,173,206,97,79,20,35,0,5,198,167,871,807,293,318,156,153,76,67,4,10
050,24,027,Maryland,Howard County,1,2,22647,11633,11014,4857,4585,2670,2566,136,119,2767,2575,5,9,1198,1160,5942,5664,3242,3162,315,275,3408,3143,24,38,10246,9751,4034,3859,2470,2355,23,22,2741,2564,1,4,977,947,4924,4745,2915,2822,126,107,3302,3080,15,26,1387,1263,823,726,200,211,113,97,26,11,4,5,221,213,1018,919,327,340,189,168,106,63,9,12
050,24,027,Maryland,Howard County,1,3,24838,12697,12141,5313,5058,3172,3159,150,132,2813,2716,16,12,1233,1064,6423,6040,3793,3703,417,331,3372,3217,48,38,11255,10732,4418,4176,2994,2932,15,20,2783,2691,7,9,1038,904,5352,5009,3500,3381,192,160,3293,3150,37,32,1442,1409,895,882,178,227,135,112,30,25,9,3,195,160,1071,1031,293,322,225,171,79,67,11,6
050,24,027,Maryland,Howard County,1,4,22771,11716,11055,5479,5081,2883,2722,127,115,2191,2194,19,4,1017,939,6406,5946,3403,3206,322,315,2648,2620,34,21,10388,9890,4673,4325,2698,2558,19,25,2166,2167,2,1,830,814,5435,5070,3119,2970,139,166,2562,2561,14,16,1328,1165,806,756,185,164,108,90,25,27,17,3,187,125,971,876,284,236,183,149,86,59,20,5
050,24,027,Maryland,Howard County,1,5,18556,9709,8847,5082,4601,2179,2012,90,83,1656,1544,12,3,690,604,5698,5133,2525,2322,261,208,1959,1803,31,35,8655,7881,4351,3945,2053,1879,15,9,1640,1529,4,3,592,516,4882,4399,2345,2150,129,93,1923,1767,19,27,1054,966,731,656,126,133,75,74,16,15,8,0,98,88,816,734,180,172,132,115,36,36,12,8
050,24,027,Maryland,Howard County,1,6,18762,9509,9253,5348,4763,1929,2160,100,111,1615,1691,13,21,504,507,5783,5192,2175,2416,228,267,1840,1888,40,41,8489,8144,4645,4001,1803,2024,17,15,1598,1674,8,9,418,421,5006,4356,2005,2234,98,124,1804,1852,32,29,1020,1109,703,762,126,136,83,96,17,17,5,12,86,86,777,836,170,182,130,143,36,36,8,12
050,24,027,Maryland,Howard County,1,7,21006,10030,10976,5556,5340,1951,2502,108,121,1981,2504,10,7,424,502,5937,5777,2145,2729,242,260,2152,2706,24,45,8970,9838,4828,4578,1817,2361,25,12,1965,2481,5,6,330,400,5125,4932,1964,2535,116,99,2108,2662,13,35,1060,1138,728,762,134,141,83,109,16,23,5,1,94,102,812,845,181,194,126,161,44,44,11,10
050,24,027,Maryland,Howard County,1,8,23883,11104,12779,5756,5935,2087,2953,138,110,2713,3271,12,9,398,501,6111,6357,2270,3209,298,270,2852,3466,23,18,10030,11584,5019,5121,1982,2783,22,15,2697,3250,7,4,303,411,5285,5461,2111,2994,115,114,2833,3438,18,9,1074,1195,737,814,105,170,116,95,16,21,5,5,95,90,826,896,159,215,183,156,19,28,5,9
050,24,027,Maryland,Howard County,1,9,23330,10957,12373,5318,5434,2192,3071,102,103,2950,3284,8,9,387,472,5671,5839,2360,3305,250,291,3084,3448,28,30,9925,11238,4571,4648,2091,2920,11,14,2930,3273,8,3,314,380,4857,4970,2228,3110,122,138,3047,3424,22,18,1032,1135,747,786,101,151,91,89,20,11,0,6,73,92,814,869,132,195,128,153,37,24,6,12
050,24,027,Maryland,Howard County,1,10,23072,11051,12021,5415,5664,2263,2782,82,111,2972,3044,7,7,312,413,5674,6010,2410,2976,205,269,3088,3191,9,25,10220,11124,4794,5071,2177,2653,15,14,2960,3036,5,0,269,350,5021,5362,2293,2823,113,135,3072,3169,6,16,831,897,621,593,86,129,67,97,12,8,2,7,43,63,653,648,117,153,92,134,16,22,3,9
050,24,027,Maryland,Howard County,1,11,23028,10867,12161,6106,6694,2150,2612,57,65,2248,2393,3,6,303,391,6373,7043,2284,2784,206,235,2331,2519,12,9,10153,11411,5599,6165,2076,2535,4,18,2237,2377,3,6,234,310,5802,6438,2181,2673,106,138,2312,2491,12,9,714,750,507,529,74,77,53,47,11,16,0,0,69,81,571,605,103,111,100,97,19,28,0,0
050,24,027,Maryland,Howard County,1,12,23795,11523,12272,7403,7578,1906,2321,78,51,1896,2013,6,3,234,306,7599,7843,1995,2471,186,206,1979,2091,21,8,11036,11706,7029,7142,1871,2268,33,14,1890,2010,6,2,207,270,7201,7371,1952,2391,118,148,1973,2083,20,7,487,566,374,436,35,53,45,37,6,3,0,1,27,36,398,472,43,80,68,58,6,8,1,1
050,24,027,Maryland,Howard County,1,13,20187,9746,10441,6562,6719,1455,1814,31,44,1490,1635,8,9,200,220,6738,6905,1526,1908,130,151,1548,1712,15,20,9375,10044,6277,6426,1426,1779,7,15,1486,1627,1,9,178,188,6433,6586,1490,1855,89,112,1541,1695,8,16,371,397,285,293,29,35,24,29,4,8,7,0,22,32,305,319,36,53,41,39,7,17,7,4
050,24,027,Maryland,Howard County,1,14,15967,7473,8494,5368,5744,894,1363,22,28,1094,1193,0,7,95,159,5442,5869,924,1439,81,106,1121,1240,6,9,7244,8231,5194,5547,867,1331,6,11,1094,1191,0,6,83,145,5259,5659,893,1401,61,80,1116,1236,4,8,229,263,174,197,27,32,16,17,0,2,0,1,12,14,183,210,31,38,20,26,5,4,2,1
050,24,027,Maryland,Howard County,1,15,12974,5847,7127,4247,4794,731,1194,17,4,779,1014,0,2,73,119,4316,4895,756,1248,62,79,792,1039,2,5,5727,6944,4144,4662,722,1173,13,3,779,1008,0,2,69,96,4210,4746,744,1216,56,59,792,1030,2,5,120,183,103,132,9,21,4,1,0,6,0,0,4,23,106,149,12,32,6,20,0,9,0,0
050,24,027,Maryland,Howard County,1,16,8893,3942,4951,2775,3353,476,854,3,12,636,662,0,0,52,70,2818,3409,499,893,38,57,647,673,0,1,3862,4827,2709,3260,474,836,0,5,635,659,0,0,44,67,2744,3313,490,873,28,49,645,670,0,1,80,124,66,93,2,18,3,7,1,3,0,0,8,3,74,96,9,20,10,8,2,3,0,0
050,24,027,Maryland,Howard County,1,17,5166,2275,2891,1570,1865,308,525,8,9,368,441,0,0,21,51,1584,1911,319,550,21,33,371,455,2,3,2227,2805,1530,1803,303,512,6,9,367,435,0,0,21,46,1544,1844,314,536,19,30,370,448,2,3,48,86,40,62,5,13,2,0,1,6,0,0,0,5,40,67,5,14,2,3,1,7,0,0
050,24,027,Maryland,Howard County,1,18,4622,1717,2905,1249,2037,197,488,2,8,249,332,0,1,20,39,1268,2064,207,500,7,23,261,351,0,8,1677,2829,1219,1975,192,487,2,0,246,329,0,1,18,37,1236,2001,200,498,5,14,256,347,0,8,40,76,30,62,5,1,0,8,3,3,0,0,2,2,32,63,7,2,2,9,5,4,0,0
050,24,027,Maryland,Howard County,2,0,332809,161771,171038,87501,89061,31720,37258,1382,1323,32664,34661,132,116,8372,8619,95003,96712,35687,41534,3489,3635,36393,38281,372,398,148148,157082,78380,79805,30106,35348,257,235,32440,34419,66,67,6899,7208,84547,86172,33335,38892,1744,1945,35756,37668,238,287,13623,13956,9121,9256,1614,1910,1125,1088,224,242,66,49,1473,1411,10456,10540,2352,2642,1745,1690,637,613,134,111
050,24,027,Maryland,Howard County,2,1,18735,9665,9070,4180,3896,2166,2075,111,97,2064,1970,8,8,1136,1024,5229,4839,2754,2605,277,242,2619,2484,35,23,8455,7924,3480,3245,1991,1869,20,17,2045,1938,8,3,911,852,4320,4030,2452,2302,123,114,2526,2389,27,16,1210,1146,700,651,175,206,91,80,19,32,0,5,225,172,909,809,302,303,154,128,93,95,8,7
050,24,027,Maryland,Howard County,2,2,22640,11629,11011,4851,4590,2666,2552,139,119,2769,2571,6,8,1198,1171,5944,5661,3282,3165,329,314,3346,3109,37,47,10245,9736,4024,3855,2471,2346,23,23,2740,2558,2,3,985,951,4925,4722,2969,2830,148,149,3241,3030,23,31,1384,1275,827,735,195,206,116,96,29,13,4,5,213,220,1019,939,313,335,181,165,105,79,14,16
050,24,027,Maryland,Howard County,2,3,24863,12714,12149,5306,5041,3168,3161,147,132,2837,2733,15,11,1241,1071,6434,6013,3810,3725,380,322,3410,3221,51,37,11258,10745,4395,4160,2989,2943,16,21,2808,2708,7,8,1043,905,5341,4977,3519,3417,177,157,3325,3143,36,26,1456,1404,911,881,179,218,131,111,29,25,8,3,198,166,1093,1036,291,308,203,165,85,78,15,11
050,24,027,Maryland,Howard County,2,4,22841,11750,11091,5448,5076,2896,2741,133,116,2217,2210,19,5,1037,943,6388,5932,3420,3223,357,314,2683,2637,42,34,10405,9898,4640,4303,2705,2571,19,23,2194,2181,2,2,845,818,5406,5041,3130,2992,169,170,2599,2573,20,22,1345,1193,808,773,191,170,114,93,23,29,17,3,192,125,982,891,290,231,188,144,84,64,22,12
050,24,027,Maryland,Howard County,2,5,18572,9708,8864,5066,4585,2201,2019,86,76,1655,1564,13,3,687,617,5681,5137,2531,2331,239,207,1970,1841,34,20,8661,7911,4344,3926,2072,1890,15,9,1636,1550,4,3,590,533,4870,4401,2358,2159,127,108,1922,1800,18,18,1047,953,722,659,129,129,71,67,19,14,9,0,97,84,811,736,173,172,112,99,48,41,16,2
050,24,027,Maryland,Howard County,2,6,18779,9547,9232,5359,4750,1932,2164,93,111,1624,1674,12,19,527,514,5830,5207,2171,2412,231,248,1861,1892,28,39,8518,8123,4646,3995,1806,2025,14,15,1610,1654,7,9,435,425,5036,4374,2004,2230,110,112,1822,1850,17,23,1029,1109,713,755,126,139,79,96,14,20,5,10,92,89,794,833,167,182,121,136,39,42,11,16
050,24,027,Maryland,Howard County,2,7,21048,10070,10978,5569,5351,1962,2502,113,118,1985,2497,11,6,430,504,5951,5797,2144,2732,242,270,2173,2706,25,30,9004,9838,4838,4580,1827,2365,29,11,1968,2475,6,4,336,403,5138,4934,1965,2546,114,114,2133,2661,14,23,1066,1140,731,771,135,137,84,107,17,22,5,2,94,101,813,863,179,186,128,156,40,45,11,7
050,24,027,Maryland,Howard County,2,8,23904,11124,12780,5772,5932,2096,2936,144,113,2698,3276,13,11,401,512,6124,6380,2259,3179,279,294,2869,3476,30,31,10032,11576,5028,5119,1986,2768,22,13,2681,3257,7,5,308,414,5294,5478,2110,2960,103,141,2833,3440,19,23,1092,1204,744,813,110,168,122,100,17,19,6,6,93,98,830,902,149,219,176,153,36,36,11,8
050,24,027,Maryland,Howard County,2,9,23441,11017,12424,5358,5454,2200,3086,108,105,2950,3299,9,10,392,470,5693,5857,2363,3309,255,283,3114,3476,19,29,9983,11270,4614,4658,2098,2929,13,15,2934,3287,8,3,316,378,4882,4976,2229,3104,114,140,3082,3448,15,18,1034,1154,744,796,102,157,95,90,16,12,1,7,76,92,811,881,134,205,141,143,32,28,4,11
050,24,027,Maryland,Howard County,2,10,23023,11032,11991,5352,5607,2285,2786,82,108,2991,3071,8,6,314,413,5619,5961,2413,2974,205,268,3121,3230,18,18,10191,11090,4728,5006,2196,2659,15,13,2978,3062,5,0,269,350,4956,5301,2304,2815,110,137,3102,3212,13,11,841,901,624,601,89,127,67,95,13,9,3,6,45,63,663,660,109,159,95,131,19,18,5,7
050,24,027,Maryland,Howard County,2,11,23003,10859,12144,6045,6622,2146,2626,60,70,2298,2428,3,6,307,392,6312,6956,2269,2804,198,242,2411,2559,13,18,10139,11383,5532,6089,2074,2545,4,18,2285,2412,3,6,241,313,5739,6353,2167,2689,103,145,2385,2527,9,17,720,761,513,533,72,81,56,52,13,16,0,0,66,79,573,603,102,115,95,97,26,32,4,1
050,24,027,Maryland,Howard County,2,12,23665,11450,12215,7328,7511,1909,2318,80,47,1899,2011,6,4,228,324,7523,7785,1997,2469,181,205,1980,2106,13,12,10960,11645,6958,7073,1871,2265,33,13,1893,2008,6,3,199,283,7126,7311,1948,2395,117,144,1969,2095,10,9,490,570,370,438,38,53,47,34,6,3,0,1,29,41,397,474,49,74,64,61,11,11,3,3
050,24,027,Maryland,Howard County,2,13,20291,9802,10489,6570,6742,1476,1825,31,46,1510,1649,9,9,206,218,6746,6923,1555,1921,134,148,1580,1716,15,22,9428,10088,6281,6439,1451,1796,7,16,1505,1642,1,9,183,186,6437,6595,1518,1878,94,99,1571,1704,5,19,374,401,289,303,25,29,24,30,5,7,8,0,23,32,309,328,37,43,40,49,9,12,10,3
050,24,027,Maryland,Howard County,2,14,16062,7510,8552,5374,5750,907,1386,23,30,1109,1219,0,8,97,159,5456,5878,945,1462,68,106,1144,1262,4,16,7268,8280,5190,5555,880,1349,6,11,1109,1215,0,7,83,143,5260,5671,913,1418,43,79,1141,1256,4,11,242,272,184,195,27,37,17,19,0,4,0,1,14,16,196,207,32,44,25,27,3,6,0,5
050,24,027,Maryland,Howard County,2,15,13051,5894,7157,4283,4809,734,1195,15,5,786,1022,0,1,76,125,4350,4911,762,1255,56,66,809,1052,4,9,5773,6972,4180,4674,725,1176,11,2,786,1017,0,1,71,102,4242,4757,751,1227,49,51,809,1041,4,8,121,185,103,135,9,19,4,3,0,5,0,0,5,23,108,154,11,28,7,15,0,11,0,1
050,24,027,Maryland,Howard County,2,16,8993,3973,5020,2803,3388,472,866,6,12,643,685,0,0,49,69,2846,3448,491,901,32,45,656,702,0,3,3889,4900,2735,3298,470,848,2,6,642,682,0,0,40,66,2770,3355,487,882,21,37,653,699,0,3,84,120,68,90,2,18,4,6,1,3,0,0,9,3,76,93,4,19,11,8,3,3,0,0
050,24,027,Maryland,Howard County,2,17,5220,2286,2934,1573,1903,304,528,8,10,374,441,0,0,27,52,1596,1943,314,556,16,35,385,456,3,3,2239,2845,1534,1840,299,513,6,9,373,436,0,0,27,47,1557,1877,309,539,14,31,384,449,3,2,47,89,39,63,5,15,2,1,1,5,0,0,0,5,39,66,5,17,2,4,1,7,0,1
050,24,027,Maryland,Howard County,2,18,4678,1741,2937,1264,2054,200,492,3,8,255,341,0,1,19,41,1281,2084,207,511,10,26,262,356,1,7,1700,2858,1233,1990,195,491,2,0,253,337,0,1,17,39,1248,2019,202,509,8,17,259,351,1,7,41,79,31,64,5,1,1,8,2,4,0,0,2,2,33,65,5,2,2,9,3,5,0,0
050,24,027,Maryland,Howard County,3,0,335267,163137,172130,87173,88424,32451,37885,1425,1345,33380,35520,131,117,8577,8839,94859,96265,36530,42290,3578,3713,37206,39248,353,374,149137,157775,77765,78887,30862,36005,255,247,33118,35244,63,70,7074,7322,84085,85349,34181,39606,1778,1961,36518,38576,226,267,14000,14355,9408,9537,1589,1880,1170,1098,262,276,68,47,1503,1517,10774,10916,2349,2684,1800,1752,688,672,127,107
050,24,027,Maryland,Howard County,3,1,18339,9459,8880,4067,3763,2131,2028,116,128,2002,1960,4,5,1139,996,5116,4678,2718,2547,280,275,2562,2460,29,25,8182,7681,3324,3093,1947,1830,18,16,1981,1929,4,4,908,809,4160,3834,2403,2241,120,108,2460,2359,19,16,1277,1199,743,670,184,198,98,112,21,31,0,1,231,187,956,844,315,306,160,167,102,101,10,9
050,24,027,Maryland,Howard County,3,2,22590,11504,11086,4813,4643,2671,2550,153,114,2721,2576,6,6,1140,1197,5859,5745,3254,3183,328,318,3266,3117,34,35,10159,9760,3995,3881,2513,2356,21,24,2676,2554,3,2,951,943,4864,4746,2992,2839,139,150,3158,3022,22,23,1345,1326,818,762,158,194,132,90,45,22,3,4,189,254,995,999,262,344,189,168,108,95,12,12
050,24,027,Maryland,Howard County,3,3,24684,12634,12050,5237,4959,3113,3121,132,119,2896,2780,11,8,1245,1063,6369,5914,3759,3691,367,311,3477,3266,36,28,11184,10676,4311,4106,2943,2909,18,19,2866,2756,7,5,1039,881,5255,4899,3474,3375,174,149,3382,3186,28,21,1450,1374,926,853,170,212,114,100,30,24,4,3,206,182,1114,1015,285,316,193,162,95,80,8,7
050,24,027,Maryland,Howard County,3,4,23050,11867,11183,5345,4999,2941,2821,154,121,2316,2262,19,10,1092,970,6330,5875,3501,3330,384,314,2806,2689,46,37,10463,9924,4515,4177,2747,2652,14,18,2292,2230,1,6,894,841,5319,4934,3204,3090,167,161,2718,2627,21,27,1404,1259,830,822,194,169,140,103,24,32,18,4,198,129,1011,941,297,240,217,153,88,62,25,10
050,24,027,Maryland,Howard County,3,5,19168,9986,9182,5155,4609,2340,2111,81,70,1712,1733,16,6,682,653,5765,5197,2674,2442,230,198,2022,2033,33,24,8900,8223,4416,3917,2206,1991,13,12,1687,1714,3,4,575,585,4929,4442,2485,2288,120,114,1966,1992,16,18,1086,959,739,692,134,120,68,58,25,19,13,2,107,68,836,755,189,154,110,84,56,41,17,6
050,24,027,Maryland,Howard County,3,6,18921,9765,9156,5410,4681,1968,2178,75,98,1724,1636,10,17,578,546,5930,5165,2238,2454,215,241,1987,1868,27,39,8723,8086,4654,3957,1852,2039,17,18,1711,1617,5,9,484,446,5089,4353,2078,2260,117,113,1949,1822,15,27,1042,1070,756,724,116,139,58,80,13,19,5,8,94,100,841,812,160,194,98,128,38,46,12,12
050,24,027,Maryland,Howard County,3,7,21050,10182,10868,5529,5254,2012,2520,132,108,2020,2502,15,5,474,479,5953,5682,2219,2744,281,242,2224,2702,27,22,9095,9749,4786,4464,1892,2394,40,19,2000,2481,10,1,367,390,5115,4811,2047,2573,134,112,2182,2660,19,15,1087,1119,743,790,120,126,92,89,20,21,5,4,107,89,838,871,172,171,147,130,42,42,8,7
050,24,027,Maryland,Howard County,3,8,23979,11175,12804,5795,5943,2147,2876,140,124,2664,3304,13,12,416,545,6161,6422,2316,3130,271,316,2852,3523,32,27,10052,11561,5018,5106,2026,2729,17,14,2643,3277,8,6,340,429,5317,5477,2163,2924,108,140,2813,3473,24,18,1123,1243,777,837,121,147,123,110,21,27,5,6,76,116,844,945,153,206,163,176,39,50,8,9
050,24,027,Maryland,Howard County,3,9,24017,11328,12689,5567,5571,2243,3152,118,110,2978,3352,12,10,410,494,5924,5998,2413,3382,277,298,3150,3547,24,28,10264,11484,4825,4748,2142,2982,14,19,2958,3332,8,4,317,399,5097,5087,2271,3165,115,149,3109,3507,19,16,1064,1205,742,823,101,170,104,91,20,20,4,6,93,95,827,911,142,217,162,149,41,40,5,12
050,24,027,Maryland,Howard County,3,10,22719,10877,11842,5075,5331,2333,2851,89,92,3053,3155,7,8,320,405,5350,5671,2464,3034,213,241,3187,3318,15,23,10005,10923,4443,4712,2236,2721,19,11,3038,3144,4,1,265,334,4669,4990,2344,2869,112,122,3162,3295,10,14,872,919,632,619,97,130,70,81,15,11,3,7,55,71,681,681,120,165,101,119,25,23,5,9
050,24,027,Maryland,Howard County,3,11,23098,10979,12119,5899,6376,2268,2719,66,84,2441,2541,3,7,302,392,6150,6711,2391,2897,194,251,2556,2678,13,19,10238,11296,5351,5802,2202,2623,4,17,2428,2525,3,7,250,322,5558,6071,2302,2771,100,143,2532,2650,10,17,741,823,548,574,66,96,62,67,13,16,0,0,52,70,592,640,89,126,94,108,24,28,3,2
050,24,027,Maryland,Howard County,3,12,23179,11147,12032,6946,7175,1958,2387,80,48,1938,2039,6,3,219,380,7138,7494,2042,2560,176,232,2018,2161,14,13,10601,11419,6550,6712,1905,2335,28,14,1929,2035,6,3,183,320,6710,6982,1976,2479,106,163,2002,2143,10,11,546,613,396,463,53,52,52,34,9,4,0,0,36,60,428,512,66,81,70,69,16,18,4,2
050,24,027,Maryland,Howard County,3,13,20637,9990,10647,6624,6772,1547,1884,31,55,1538,1701,8,8,242,227,6834,6960,1638,1982,143,159,1622,1770,12,25,9615,10227,6333,6451,1519,1861,8,18,1534,1696,1,7,220,194,6522,6611,1600,1947,108,103,1613,1760,4,19,375,420,291,321,28,23,23,37,4,5,7,1,22,33,312,349,38,35,35,56,9,10,8,6
050,24,027,Maryland,Howard County,3,14,16494,7703,8791,5370,5780,993,1473,22,33,1200,1327,1,8,117,170,5468,5915,1039,1554,81,117,1238,1376,3,16,7435,8475,5161,5567,967,1425,5,12,1200,1320,0,7,102,144,5246,5682,1006,1494,54,80,1237,1364,2,13,268,316,209,213,26,48,17,21,0,7,1,1,15,26,222,233,33,60,27,37,1,12,1,3
050,24,027,Maryland,Howard County,3,15,13583,6161,7422,4468,4943,763,1261,14,12,822,1055,0,3,94,148,4551,5069,802,1331,62,87,849,1089,3,7,6027,7215,4356,4792,755,1242,5,2,822,1052,0,3,89,124,4434,4896,791,1302,49,64,849,1083,3,6,134,207,112,151,8,19,9,10,0,3,0,0,5,24,117,173,11,29,13,23,0,6,0,1
050,24,027,Maryland,Howard County,3,16,9428,4175,5253,2958,3532,496,886,11,9,664,759,0,0,46,67,2995,3591,512,912,35,43,676,778,3,0,4085,5139,2889,3447,493,869,6,6,663,754,0,0,34,63,2916,3502,506,895,20,37,675,772,2,0,90,114,69,85,3,17,5,3,1,5,0,0,12,4,79,89,6,17,15,6,1,6,1,0
050,24,027,Maryland,Howard County,3,17,5451,2344,3107,1603,2035,289,554,6,12,410,450,0,0,36,56,1633,2081,302,581,24,39,425,467,1,1,2299,3011,1565,1968,286,536,6,8,409,447,0,0,33,52,1592,2010,298,562,23,33,423,463,1,1,45,96,38,67,3,18,0,4,1,3,0,0,3,4,41,71,4,19,1,6,2,4,0,0
050,24,027,Maryland,Howard County,3,18,4880,1861,3019,1312,2058,238,513,5,8,281,388,0,1,25,51,1333,2097,248,536,17,31,289,406,1,5,1810,2926,1273,1987,231,511,2,0,281,381,0,1,23,46,1293,2022,241,532,12,20,288,398,1,5,51,93,39,71,7,2,3,8,0,7,0,0,2,5,40,75,7,4,5,11,1,8,0,0
050,24,027,Maryland,Howard County,4,0,335900,163423,172477,86344,87451,32765,38195,1439,1386,33937,36238,134,115,8804,9092,94235,95517,36960,42707,3603,3817,37875,40103,386,400,149012,157706,76620,77675,31161,36286,261,248,33678,35951,69,63,7223,7483,83076,84282,34545,39954,1777,2009,37155,39383,257,275,14411,14771,9724,9776,1604,1909,1178,1138,259,287,65,52,1581,1609,11159,11235,2415,2753,1826,1808,720,720,129,125
050,24,027,Maryland,Howard County,4,1,18047,9256,8791,4006,3702,1974,1994,130,136,1970,1935,5,5,1171,1019,5081,4639,2584,2516,295,286,2544,2437,25,27,7903,7567,3206,3013,1822,1810,19,19,1943,1906,2,5,911,814,4043,3765,2278,2213,116,108,2424,2339,17,20,1353,1224,800,689,152,184,111,117,27,29,3,0,260,205,1038,874,306,303,179,178,120,98,8,7
050,24,027,Maryland,Howard County,4,2,22353,11474,10879,4818,4559,2730,2541,149,100,2646,2547,7,3,1124,1129,5853,5599,3307,3135,318,298,3190,3070,34,31,10096,9590,3987,3795,2560,2367,23,24,2614,2523,5,1,907,880,4820,4604,3016,2815,128,142,3081,2967,21,20,1378,1289,831,764,170,174,126,76,32,24,2,2,217,249,1033,995,291,320,190,156,109,103,13,11
050,24,027,Maryland,Howard County,4,3,24598,12486,12112,5053,4906,3065,3059,154,131,2956,2842,12,8,1246,1166,6180,5964,3708,3678,376,346,3547,3384,38,39,11078,10678,4168,4066,2908,2845,20,16,2918,2815,7,4,1057,932,5120,4909,3446,3333,174,152,3449,3281,28,22,1408,1434,885,840,157,214,134,115,38,27,5,4,189,234,1060,1055,262,345,202,194,98,103,10,17
050,24,027,Maryland,Howard County,4,4,22950,11967,10983,5255,4802,2959,2773,151,125,2429,2274,22,9,1151,1000,6293,5700,3555,3293,390,316,2942,2723,47,35,10509,9676,4376,3941,2767,2612,16,18,2403,2245,2,4,945,856,5226,4709,3251,3057,179,158,2852,2652,22,21,1458,1307,879,861,192,161,135,107,26,29,20,5,206,144,1067,991,304,236,211,158,90,71,25,14
050,24,027,Maryland,Howard County,4,5,19009,9749,9260,4940,4512,2350,2214,88,75,1625,1778,13,7,733,674,5592,5110,2714,2561,255,214,1957,2084,35,24,8635,8211,4208,3785,2197,2078,20,13,1610,1756,2,2,598,577,4741,4295,2493,2378,130,114,1900,2031,17,16,1114,1049,732,727,153,136,68,62,15,22,11,5,135,97,851,815,221,183,125,100,57,53,18,8
050,24,027,Maryland,Howard County,4,6,18813,9750,9063,5305,4574,2050,2153,69,72,1791,1694,13,16,522,554,5776,5070,2293,2427,190,205,2025,1928,33,33,8665,8004,4491,3842,1929,2005,14,16,1780,1669,10,9,441,463,4889,4252,2134,2233,101,110,1993,1879,23,23,1085,1059,814,732,121,148,55,56,11,25,3,7,81,91,887,818,159,194,89,95,32,49,10,10
050,24,027,Maryland,Howard County,4,7,20834,10186,10648,5455,5216,2018,2498,123,103,2063,2341,12,7,515,483,5920,5640,2247,2725,268,244,2289,2548,34,25,9131,9516,4727,4404,1900,2368,37,23,2043,2324,9,1,415,396,5101,4752,2080,2552,134,123,2245,2512,25,13,1055,1132,728,812,118,130,86,80,20,17,3,6,100,87,819,888,167,173,134,121,44,36,9,12
050,24,027,Maryland,Howard County,4,8,23828,11076,12752,5793,5844,2167,2868,136,152,2513,3301,13,11,454,576,6196,6347,2352,3139,279,342,2716,3531,35,35,9933,11473,5004,5011,2038,2718,16,17,2499,3277,9,5,367,445,5330,5397,2185,2921,113,143,2683,3480,24,20,1143,1279,789,833,129,150,120,135,14,24,4,6,87,131,866,950,167,218,166,199,33,51,11,15
050,24,027,Maryland,Howard County,4,9,24729,11760,12969,5809,5676,2328,3152,105,126,3041,3485,12,9,465,521,6217,6127,2525,3398,276,318,3230,3689,27,30,10622,11771,4991,4863,2228,2992,8,20,3016,3459,8,3,371,434,5315,5234,2383,3196,125,164,3185,3647,22,20,1138,1198,818,813,100,160,97,106,25,26,4,6,94,87,902,893,142,202,151,154,45,42,5,10
050,24,027,Maryland,Howard County,4,10,22592,10750,11842,5032,5172,2220,2960,93,86,3095,3188,7,11,303,425,5292,5533,2343,3156,202,253,3222,3354,20,26,9840,10856,4371,4515,2123,2810,18,7,3075,3174,5,3,248,347,4579,4803,2223,2967,97,127,3191,3329,15,17,910,986,661,657,97,150,75,79,20,14,2,8,55,78,713,730,120,189,105,126,31,25,5,9
050,24,027,Maryland,Howard County,4,11,23061,11029,12032,5690,6087,2372,2733,69,87,2585,2716,4,5,309,404,5955,6430,2492,2910,194,255,2708,2863,17,18,10270,11204,5130,5501,2296,2642,10,16,2574,2703,3,4,257,338,5350,5786,2396,2791,103,147,2686,2835,13,15,759,828,560,586,76,91,59,71,11,13,1,1,52,66,605,644,96,119,91,108,22,28,4,3
050,24,027,Maryland,Howard County,4,12,22543,10856,11687,6531,6840,2007,2359,77,52,2009,2069,6,4,226,363,6723,7145,2098,2523,184,222,2087,2189,11,16,10278,11039,6113,6350,1949,2292,25,14,1997,2063,6,4,188,316,6272,6614,2024,2435,106,157,2068,2174,10,15,578,648,418,490,58,67,52,38,12,6,0,0,38,47,451,531,74,88,78,65,19,15,1,1
050,24,027,Maryland,Howard County,4,13,20565,9916,10649,6489,6594,1601,1967,43,57,1555,1767,5,8,223,256,6681,6813,1684,2078,151,176,1633,1849,11,22,9525,10211,6191,6271,1568,1931,12,16,1551,1761,0,7,203,225,6368,6462,1642,2029,105,114,1627,1840,5,20,391,438,298,323,33,36,31,41,4,6,5,1,20,31,313,351,42,49,46,62,6,9,6,2
050,24,027,Maryland,Howard County,4,14,16930,7908,9022,5394,5817,1061,1536,15,39,1294,1448,3,6,141,176,5516,5963,1110,1613,87,128,1344,1501,9,15,7625,8684,5168,5583,1040,1497,4,12,1293,1441,1,5,119,146,5270,5705,1081,1563,61,83,1338,1486,6,10,283,338,226,234,21,39,11,27,1,7,2,1,22,30,246,258,29,50,26,45,6,15,3,5
050,24,027,Maryland,Howard County,4,15,13592,6135,7457,4370,4862,758,1325,17,14,898,1116,0,5,92,135,4449,4974,791,1394,62,79,929,1153,5,13,5975,7237,4240,4699,745,1295,7,2,898,1115,0,5,85,121,4313,4800,776,1357,48,60,927,1149,5,12,160,220,130,163,13,30,10,12,0,1,0,0,7,14,136,174,15,37,14,19,2,4,0,1
050,24,027,Maryland,Howard County,4,16,10357,4565,5792,3272,3939,526,931,11,8,693,819,0,1,63,94,3323,4021,550,974,43,56,715,841,1,4,4475,5653,3203,3841,523,914,6,4,692,813,0,1,51,80,3243,3911,544,951,28,41,712,835,1,4,90,139,69,98,3,17,5,4,1,6,0,0,12,14,80,110,6,23,15,15,3,6,0,0
050,24,027,Maryland,Howard County,4,17,5970,2604,3366,1760,2233,325,581,4,14,484,484,0,0,31,54,1786,2277,336,610,17,43,495,502,1,1,2546,3265,1709,2159,324,566,4,10,482,480,0,0,27,50,1731,2199,333,593,16,38,492,497,1,1,58,101,51,74,1,15,0,4,2,4,0,0,4,4,55,78,3,17,1,5,3,5,0,0
050,24,027,Maryland,Howard County,4,18,5129,1956,3173,1372,2116,254,551,5,9,290,434,0,0,35,63,1402,2165,271,577,16,36,302,457,3,6,1906,3071,1337,2036,244,544,2,1,290,427,0,0,33,63,1365,2085,260,570,13,28,302,450,2,6,50,102,35,80,10,7,3,8,0,7,0,0,2,0,37,80,11,7,3,8,0,7,1,0
050,24,027,Maryland,Howard County,5,0,336321,163753,172568,85547,86501,33362,38605,1509,1517,34216,36552,138,117,8981,9276,93615,94711,37648,43227,3695,3947,38284,40523,381,402,148826,157344,75462,76555,31667,36650,257,242,33960,36257,73,67,7407,7573,82091,83237,35136,40363,1804,1978,37564,39760,261,277,14927,15224,10085,9946,1695,1955,1252,1275,256,295,65,50,1574,1703,11524,11474,2512,2864,1891,1969,720,763,120,125
050,24,027,Maryland,Howard County,5,1,17397,8935,8462,3838,3616,1929,1916,137,145,1902,1810,4,4,1125,971,4871,4511,2515,2421,308,284,2456,2293,28,24,7505,7199,2989,2890,1775,1752,13,16,1870,1782,2,4,856,755,3774,3586,2205,2129,110,96,2326,2190,19,18,1430,1263,849,726,154,164,124,129,32,28,2,0,269,216,1097,925,310,292,198,188,130,103,9,6
050,24,027,Maryland,Howard County,5,2,22130,11485,10645,4767,4413,2835,2567,140,108,2579,2464,5,3,1159,1090,5831,5419,3429,3142,320,278,3155,2977,25,29,10119,9341,3936,3657,2643,2365,21,21,2551,2435,5,1,963,862,4819,4451,3125,2803,140,128,3058,2873,21,19,1366,1304,831,756,192,202,119,87,28,29,0,2,196,228,1012,968,304,339,180,150,97,104,4,10
050,24,027,Maryland,Howard County,5,3,24286,12360,11926,5042,4791,3000,2961,149,132,2966,2792,8,8,1195,1242,6130,5916,3618,3619,355,356,3536,3370,37,41,10939,10522,4131,3990,2852,2768,24,14,2927,2766,3,4,1002,980,5043,4876,3359,3278,166,152,3436,3256,24,25,1421,1404,911,801,148,193,125,118,39,26,5,4,193,262,1087,1040,259,341,189,204,100,114,13,16
050,24,027,Maryland,Howard County,5,4,23219,12088,11131,5132,4696,3025,2855,149,169,2563,2373,23,10,1196,1028,6224,5621,3650,3393,388,370,3103,2830,49,37,10591,9734,4216,3836,2824,2670,20,25,2534,2340,6,6,991,857,5116,4604,3338,3113,183,162,3005,2746,25,27,1497,1397,916,860,201,185,129,144,29,33,17,4,205,171,1108,1017,312,280,205,208,98,84,24,10
050,24,027,Maryland,Howard County,5,5,18932,9660,9272,4743,4417,2388,2262,112,94,1626,1783,15,7,776,709,5450,5048,2773,2623,284,242,1971,2103,29,26,8499,8168,4015,3663,2234,2118,20,14,1609,1768,3,1,618,604,4574,4202,2539,2428,130,121,1907,2053,12,13,1161,1104,728,754,154,144,92,80,17,15,12,6,158,105,876,846,234,195,154,121,64,50,17,13
050,24,027,Maryland,Howard County,5,6,18897,9771,9126,5310,4574,2080,2161,71,70,1738,1727,20,12,552,582,5806,5092,2340,2454,193,209,1997,1984,38,27,8648,8072,4464,3839,1942,2011,10,14,1729,1707,13,10,490,491,4907,4275,2171,2256,107,111,1968,1941,28,23,1123,1054,846,735,138,150,61,56,9,20,7,2,62,91,899,817,169,198,86,98,29,43,10,4
050,24,027,Maryland,Howard County,5,7,20397,10038,10359,5306,5015,2057,2489,111,111,2032,2249,11,14,521,481,5767,5438,2288,2722,259,238,2264,2458,31,30,8985,9239,4576,4222,1932,2362,31,21,2013,2234,7,4,426,396,4956,4571,2115,2551,131,112,2222,2422,22,16,1053,1120,730,793,125,127,80,90,19,15,4,10,95,85,811,867,173,171,128,126,42,36,9,14
050,24,027,Maryland,Howard County,5,8,23510,10999,12511,5801,5741,2155,2870,135,149,2430,3137,11,4,467,610,6221,6275,2352,3160,276,350,2640,3383,28,21,9857,11230,5003,4917,2025,2716,18,18,2416,3111,9,3,386,465,5345,5324,2182,2932,114,146,2609,3329,24,14,1142,1281,798,824,130,154,117,131,14,26,2,1,81,145,876,951,170,228,162,204,31,54,4,7
050,24,027,Maryland,Howard County,5,9,25408,12044,13364,5956,5876,2438,3219,127,147,3014,3582,14,14,495,526,6390,6330,2645,3475,300,333,3230,3786,34,30,10832,12087,5103,5021,2323,3054,11,15,2992,3553,8,4,395,440,5447,5397,2487,3263,129,156,3184,3743,25,15,1212,1277,853,855,115,165,116,132,22,29,6,10,100,86,943,933,158,212,171,177,46,43,9,15
050,24,027,Maryland,Howard County,5,10,22785,10932,11853,5180,5080,2270,2997,111,94,3053,3259,7,11,311,412,5444,5429,2394,3185,224,249,3184,3422,22,29,9903,10816,4428,4396,2162,2840,12,7,3036,3239,7,4,258,330,4643,4674,2264,2990,95,115,3158,3386,19,17,1029,1037,752,684,108,157,99,87,17,20,0,7,53,82,801,755,130,195,129,134,26,36,3,12
050,24,027,Maryland,Howard County,5,11,22675,10927,11748,5407,5748,2388,2709,81,93,2723,2781,5,4,323,413,5679,6097,2518,2895,211,264,2855,2936,15,17,10187,10914,4859,5169,2327,2616,16,14,2711,2771,2,2,272,342,5090,5454,2438,2772,111,142,2832,2914,10,14,740,834,548,579,61,93,65,79,12,10,3,2,51,71,589,643,80,123,100,122,23,22,5,3
050,24,027,Maryland,Howard County,5,12,21932,10489,11443,6111,6448,2025,2394,76,61,2024,2160,6,3,247,377,6325,6761,2125,2562,184,234,2112,2288,15,15,9873,10744,5672,5934,1963,2323,17,15,2013,2149,6,3,202,320,5846,6201,2042,2464,99,154,2096,2265,12,13,616,699,439,514,62,71,59,46,11,11,0,0,45,57,479,560,83,98,85,80,16,23,3,2
050,24,027,Maryland,Howard County,5,13,20914,10075,10839,6468,6608,1672,2036,49,61,1662,1857,4,7,220,270,6657,6830,1751,2153,147,179,1737,1947,12,24,9641,10360,6130,6255,1628,1999,20,17,1659,1851,1,6,203,232,6303,6446,1700,2100,109,116,1732,1932,8,18,434,479,338,353,44,37,29,44,3,6,3,1,17,38,354,384,51,53,38,63,5,15,4,6
050,24,027,Maryland,Howard County,5,14,17198,8055,9143,5346,5777,1160,1633,19,31,1360,1506,5,7,165,189,5485,5931,1223,1721,97,123,1420,1564,11,16,7742,8781,5106,5524,1134,1585,3,11,1358,1497,1,7,140,157,5223,5651,1188,1658,66,83,1414,1550,6,13,313,362,240,253,26,48,16,20,2,9,4,0,25,32,262,280,35,63,31,40,6,14,5,3
050,24,027,Maryland,Howard County,5,15,13825,6241,7584,4369,4934,764,1311,20,21,1001,1169,0,7,87,142,4444,5057,796,1372,62,90,1028,1209,4,19,6072,7354,4241,4759,744,1284,8,5,1001,1167,0,6,78,133,4307,4874,772,1343,46,70,1027,1206,3,15,169,230,128,175,20,27,12,16,0,2,0,1,9,9,137,183,24,29,16,20,1,3,1,4
050,24,027,Maryland,Howard County,5,16,10749,4710,6039,3391,4063,535,997,12,7,697,872,0,2,75,98,3455,4146,561,1037,49,62,723,897,2,7,4613,5879,3312,3944,529,983,7,4,697,867,0,2,68,79,3369,4011,554,1017,38,45,722,890,2,7,97,160,79,119,6,14,5,3,0,5,0,0,7,19,86,135,7,20,11,17,1,7,0,0
050,24,027,Maryland,Howard County,5,17,6673,2898,3775,1988,2503,367,640,3,15,512,557,0,0,28,60,2010,2549,379,671,17,44,525,577,1,4,2822,3668,1920,2424,366,626,2,10,510,553,0,0,24,55,1938,2466,377,655,14,36,521,572,1,4,76,107,68,79,1,14,1,5,2,4,0,0,4,5,72,83,2,16,3,8,4,5,0,0
050,24,027,Maryland,Howard County,5,18,5394,2046,3348,1392,2201,274,588,7,9,334,474,0,0,39,76,1426,2261,291,622,21,42,348,499,0,6,1998,3236,1361,2115,264,578,4,1,334,467,0,0,35,75,1391,2174,280,611,16,33,347,492,0,6,48,112,31,86,10,10,3,8,0,7,0,0,4,1,35,87,11,11,5,9,1,7,0,0
050,24,027,Maryland,Howard County,6,0,337795,164599,173196,85234,86117,33579,38819,1563,1512,34747,37013,145,112,9331,9623,93611,94655,38002,43606,3794,4001,39003,41139,415,408,149199,157673,74761,75900,31889,36842,255,241,34499,36702,76,69,7719,7919,81670,82902,35468,40706,1854,2028,38271,40347,279,304,15400,15523,10473,10217,1690,1977,1308,1271,248,311,69,43,1612,1704,11941,11753,2534,2900,1940,1973,732,792,136,104
050,24,027,Maryland,Howard County,6,1,16755,8618,8137,3673,3448,1804,1812,139,134,1868,1747,3,2,1131,994,4705,4360,2385,2329,312,293,2430,2249,28,22,7161,6903,2794,2742,1655,1657,10,14,1841,1720,2,2,859,768,3581,3447,2076,2038,107,105,2302,2139,19,16,1457,1234,879,706,149,155,129,120,27,27,1,0,272,226,1124,913,309,291,205,188,128,110,9,6
050,24,027,Maryland,Howard County,6,2,21995,11411,10584,4775,4445,2781,2601,133,100,2519,2365,7,4,1196,1069,5872,5423,3396,3148,311,259,3116,2885,30,30,10002,9284,3930,3659,2592,2380,19,20,2490,2331,4,3,967,891,4819,4477,3076,2822,132,127,3003,2794,21,22,1409,1300,845,786,189,221,114,80,29,34,3,1,229,178,1053,946,320,326,179,132,113,91,9,8
050,24,027,Maryland,Howard County,6,3,24087,12313,11774,5061,4801,2954,2864,166,133,2969,2733,5,7,1158,1236,6120,5921,3545,3516,361,350,3525,3303,31,41,10867,10370,4142,3996,2788,2679,24,18,2934,2701,1,3,978,973,5033,4876,3279,3181,159,153,3432,3186,22,28,1446,1404,919,805,166,185,142,115,35,32,4,4,180,263,1087,1045,266,335,202,197,93,117,9,13
050,24,027,Maryland,Howard County,6,4,23003,11873,11130,4933,4598,2951,2848,149,169,2588,2422,22,7,1230,1086,6050,5579,3591,3421,381,372,3143,2916,54,33,10387,9704,4005,3731,2769,2669,18,23,2558,2387,8,3,1029,891,4936,4535,3300,3129,181,158,3050,2821,31,23,1486,1426,928,867,182,179,131,146,30,35,14,4,201,195,1114,1044,291,292,200,214,93,95,23,10
050,24,027,Maryland,Howard County,6,5,19329,9909,9420,4738,4381,2446,2331,107,119,1704,1804,15,5,899,780,5549,5080,2897,2735,303,273,2115,2147,43,29,8700,8238,3969,3593,2290,2179,20,13,1684,1787,2,1,735,665,4629,4188,2655,2521,152,126,2043,2098,21,20,1209,1182,769,788,156,152,87,106,20,17,13,4,164,115,920,892,242,214,151,147,72,49,22,9
050,24,027,Maryland,Howard County,6,6,19119,9929,9190,5296,4573,2211,2176,107,59,1724,1758,19,16,572,608,5807,5121,2473,2484,233,195,1990,2021,40,38,8669,8079,4365,3751,2074,2048,13,9,1713,1742,9,13,495,516,4811,4214,2301,2308,105,106,1958,1981,22,28,1260,1111,931,822,137,128,94,50,11,16,10,3,77,92,996,907,172,176,128,89,32,40,18,10
050,24,027,Maryland,Howard County,6,7,20169,10029,10140,5274,4836,2107,2460,88,102,2008,2184,12,14,540,544,5755,5318,2349,2716,233,246,2248,2420,32,37,9005,9025,4533,4068,1973,2320,29,21,1999,2163,8,5,463,448,4944,4464,2175,2528,139,119,2222,2373,24,25,1024,1115,741,768,134,140,59,81,9,21,4,9,77,96,811,854,174,188,94,127,26,47,8,12
050,24,027,Maryland,Howard County,6,8,23231,10844,12387,5736,5655,2082,2834,136,165,2377,3135,15,8,498,590,6182,6175,2292,3119,278,349,2608,3376,30,26,9695,11099,4926,4810,1966,2675,21,20,2356,3113,13,6,413,475,5294,5226,2135,2898,121,142,2567,3329,25,19,1149,1288,810,845,116,159,115,145,21,22,2,2,85,115,888,949,157,221,157,207,41,47,5,7
050,24,027,Maryland,Howard County,6,9,25952,12325,13627,6120,6049,2473,3233,106,126,3119,3655,14,6,493,558,6554,6529,2673,3503,275,330,3338,3872,35,27,11107,12321,5226,5170,2357,3061,14,13,3097,3618,6,4,407,455,5580,5560,2520,3278,138,155,3291,3817,22,21,1218,1306,894,879,116,172,92,113,22,37,8,2,86,103,974,969,153,225,137,175,47,55,13,6
050,24,027,Maryland,Howard County,6,10,23164,11187,11977,5312,5171,2359,2988,126,103,3014,3240,7,10,369,465,5629,5571,2511,3200,260,268,3167,3429,19,27,10076,10925,4509,4457,2246,2847,12,13,3003,3226,7,3,299,379,4763,4780,2366,3016,105,134,3144,3395,15,17,1111,1052,803,714,113,141,114,90,11,14,0,7,70,86,866,791,145,184,155,134,23,34,4,10
050,24,027,Maryland,Howard County,6,11,22198,10735,11463,5173,5338,2334,2713,102,85,2808,2880,8,7,310,440,5441,5713,2457,2912,221,255,2944,3052,20,20,9978,10628,4618,4780,2276,2597,13,7,2797,2869,5,2,269,373,4850,5093,2382,2768,107,138,2921,3025,15,14,757,835,555,558,58,116,89,78,11,11,3,5,41,67,591,620,75,144,114,117,23,27,5,6
050,24,027,Maryland,Howard County,6,12,21462,10239,11223,5727,6117,2087,2447,80,67,2072,2237,5,3,268,352,5962,6416,2190,2606,195,227,2167,2351,16,13,9578,10509,5265,5606,2024,2375,13,16,2059,2221,5,3,212,288,5447,5849,2104,2503,94,136,2145,2322,15,13,661,714,462,511,63,72,67,51,13,16,0,0,56,64,515,567,86,103,101,91,22,29,1,0
050,24,027,Maryland,Howard County,6,13,21280,10268,11012,6438,6611,1723,2112,63,51,1801,1942,6,6,237,290,6643,6851,1812,2236,171,179,1885,2039,14,22,9804,10484,6091,6200,1674,2069,23,15,1799,1940,4,5,213,255,6274,6411,1752,2178,120,126,1879,2028,10,19,464,528,347,411,49,43,40,36,2,2,2,1,24,35,369,440,60,58,51,53,6,11,4,3
050,24,027,Maryland,Howard County,6,14,17554,8266,9288,5417,5807,1233,1665,13,41,1413,1564,7,8,183,203,5571,5976,1302,1757,96,141,1479,1625,10,17,7941,8910,5159,5543,1209,1624,3,13,1409,1553,2,8,159,169,5292,5685,1267,1700,73,93,1472,1607,5,15,325,378,258,264,24,41,10,28,4,11,5,0,24,34,279,291,35,57,23,48,7,18,5,2
050,24,027,Maryland,Howard County,6,15,14338,6488,7850,4465,5072,790,1337,22,24,1134,1277,0,7,77,133,4530,5180,820,1400,57,90,1163,1314,4,12,6292,7612,4317,4891,768,1304,7,8,1134,1276,0,6,66,127,4374,4993,792,1366,34,71,1162,1310,4,11,196,238,148,181,22,33,15,16,0,1,0,1,11,6,156,187,28,34,23,19,1,4,0,1
050,24,027,Maryland,Howard County,6,16,11207,4848,6359,3478,4222,564,1073,14,4,703,932,0,2,89,126,3552,4331,600,1126,60,73,731,959,4,5,4744,6188,3394,4090,554,1064,10,3,702,926,0,2,84,103,3463,4178,588,1108,52,56,730,951,4,4,104,171,84,132,10,9,4,1,1,6,0,0,5,23,89,153,12,18,8,17,1,8,0,1
050,24,027,Maryland,Howard County,6,17,7150,3091,4059,2123,2673,391,706,4,18,535,597,0,0,38,65,2157,2724,401,743,22,52,550,612,3,2,3009,3940,2052,2589,390,685,1,11,534,593,0,0,32,62,2080,2638,399,719,15,44,547,608,3,2,82,119,71,84,1,21,3,7,1,4,0,0,6,3,77,86,2,24,7,8,3,4,0,0
050,24,027,Maryland,Howard County,6,18,5802,2226,3576,1495,2320,289,619,8,12,391,541,0,0,43,84,1532,2387,308,655,25,49,404,569,2,7,2184,3454,1466,2224,284,609,5,4,390,536,0,0,39,81,1500,2288,301,645,20,39,403,563,1,7,42,122,29,96,5,10,3,8,1,5,0,0,4,3,32,99,7,10,5,10,1,6,1,0
050,24,027,Maryland,Howard County,7,0,339183,165252,173931,84938,85872,33954,39180,1554,1544,35157,37403,148,111,9501,9821,93469,94577,38448,44065,3780,4053,39494,41674,436,411,149379,157967,74026,75336,32247,37094,251,249,34892,37077,81,64,7882,8147,81094,82539,35895,41075,1838,2074,38754,40878,301,301,15873,15964,10912,10536,1707,2086,1303,1295,265,326,67,47,1619,1674,12375,12038,2553,2990,1942,1979,740,796,135,110
050,24,027,Maryland,Howard County,7,1,16243,8295,7948,3511,3363,1776,1781,142,142,1784,1685,6,3,1076,974,4500,4247,2330,2290,294,290,2325,2167,29,21,6891,6666,2651,2623,1630,1616,7,12,1760,1656,2,3,841,756,3425,3311,2042,1991,95,97,2216,2064,18,14,1404,1282,860,740,146,165,135,130,24,29,4,0,235,218,1075,936,288,299,199,193,109,103,11,7
050,24,027,Maryland,Howard County,7,2,21466,11126,10340,4739,4351,2661,2582,112,92,2455,2290,7,5,1152,1020,5796,5287,3252,3097,286,241,3016,2795,36,30,9704,9015,3860,3556,2457,2323,18,20,2427,2247,4,3,938,866,4724,4352,2927,2749,129,122,2917,2700,23,22,1422,1325,879,795,204,259,94,72,28,43,3,2,214,154,1072,935,325,348,157,119,99,95,13,8
050,24,027,Maryland,Howard County,7,3,24215,12421,11794,5097,4832,2978,2825,175,142,2977,2709,6,9,1188,1277,6179,5990,3587,3499,376,361,3553,3311,33,42,10921,10373,4157,4010,2811,2644,22,21,2947,2682,3,4,981,1012,5052,4930,3302,3167,151,159,3452,3196,24,28,1500,1421,940,822,167,181,153,121,30,27,3,5,207,265,1127,1060,285,332,225,202,101,115,9,14
050,24,027,Maryland,Howard County,7,4,23161,11889,11272,4899,4544,3002,2963,148,170,2600,2480,19,5,1221,1110,6008,5549,3644,3552,372,381,3145,2987,46,32,10380,9801,3925,3677,2841,2749,18,19,2564,2446,8,1,1024,909,4855,4499,3372,3222,175,158,3052,2892,30,22,1509,1471,974,867,161,214,130,151,36,34,11,4,197,201,1153,1050,272,330,197,223,93,95,16,10
050,24,027,Maryland,Howard County,7,5,19486,10033,9453,4731,4341,2408,2313,111,154,1815,1795,13,10,955,840,5593,5091,2886,2752,318,328,2249,2177,31,34,8751,8212,3907,3528,2244,2167,19,20,1791,1772,4,3,786,722,4614,4173,2631,2546,158,150,2171,2115,20,22,1282,1241,824,813,164,146,92,134,24,23,9,7,169,118,979,918,255,206,160,178,78,62,11,12
050,24,027,Maryland,Howard County,7,6,19470,10123,9347,5258,4664,2308,2179,116,59,1797,1822,14,7,630,616,5830,5221,2602,2489,256,190,2093,2100,36,24,8812,8176,4312,3769,2171,2052,19,7,1774,1806,2,5,534,537,4797,4254,2418,2319,121,106,2044,2058,15,20,1311,1171,946,895,137,127,97,52,23,16,12,2,96,79,1033,967,184,170,135,84,49,42,21,4
050,24,027,Maryland,Howard County,7,7,19674,9839,9835,5144,4672,2142,2430,108,88,1893,2061,17,11,535,573,5619,5185,2385,2704,239,226,2136,2316,41,34,8732,8722,4351,3901,1994,2281,20,22,1884,2035,12,3,471,480,4769,4329,2205,2507,123,123,2113,2266,31,23,1107,1113,793,771,148,149,88,66,9,26,5,8,64,93,850,856,180,197,116,103,23,50,10,11
050,24,027,Maryland,Howard County,7,8,23203,10991,12212,5833,5577,2098,2830,103,163,2412,3050,9,9,536,583,6313,6089,2322,3110,255,336,2657,3296,32,27,9800,10927,4962,4724,1983,2674,23,16,2389,3028,8,6,435,479,5348,5143,2160,2900,123,136,2612,3252,26,20,1191,1285,871,853,115,156,80,147,23,22,1,3,101,104,965,946,162,210,132,200,45,44,6,7
050,24,027,Maryland,Howard County,7,9,25961,12285,13676,6133,6119,2485,3191,121,120,3045,3665,17,7,484,574,6562,6607,2685,3464,277,322,3260,3894,38,28,11101,12363,5268,5220,2374,3016,20,17,3027,3634,10,5,402,471,5620,5621,2540,3235,137,161,3224,3845,26,20,1184,1313,865,899,111,175,101,103,18,31,7,2,82,103,942,986,145,229,140,161,36,49,12,8
050,24,027,Maryland,Howard County,7,10,23738,11375,12363,5473,5294,2379,3107,105,109,3009,3343,12,10,397,500,5804,5720,2543,3340,247,294,3175,3537,31,28,10212,11244,4587,4532,2284,2961,12,13,2997,3325,10,4,322,409,4857,4876,2416,3149,110,147,3149,3502,23,18,1163,1119,886,762,95,146,93,96,12,18,2,6,75,91,947,844,127,191,137,147,26,35,8,10
050,24,027,Maryland,Howard County,7,11,22008,10758,11250,5022,5124,2381,2661,108,75,2906,2964,8,8,333,418,5309,5483,2512,2851,231,237,3046,3127,19,18,9908,10418,4415,4576,2296,2536,14,7,2893,2948,5,2,285,349,4659,4870,2404,2696,109,129,3023,3095,16,9,850,832,607,548,85,125,94,68,13,16,3,6,48,69,650,613,108,155,122,108,23,32,3,9
050,24,027,Maryland,Howard County,7,12,21235,10030,11205,5396,5900,2114,2526,73,76,2166,2332,3,3,278,368,5640,6215,2225,2691,186,234,2272,2462,11,15,9351,10447,4918,5354,2047,2452,5,16,2154,2318,3,3,224,304,5112,5612,2136,2585,89,139,2247,2434,9,13,679,758,478,546,67,74,68,60,12,14,0,0,54,64,528,603,89,106,97,95,25,28,2,2
050,24,027,Maryland,Howard County,7,13,21133,10232,10901,6290,6407,1750,2137,67,55,1888,1993,6,4,231,305,6492,6664,1832,2269,171,190,1972,2101,16,20,9749,10340,5924,5979,1706,2085,28,15,1884,1990,6,3,201,268,6099,6201,1776,2204,114,130,1960,2090,14,17,483,561,366,428,44,52,39,40,4,3,0,1,30,37,393,463,56,65,57,60,12,11,2,3
050,24,027,Maryland,Howard County,7,14,17895,8439,9456,5425,5834,1324,1727,17,36,1456,1630,11,9,206,220,5600,6015,1393,1828,107,150,1539,1695,22,18,8106,9085,5160,5561,1303,1695,4,12,1451,1622,4,9,184,186,5317,5714,1366,1780,81,102,1529,1682,12,17,333,371,265,273,21,32,13,24,5,8,7,0,22,34,283,301,27,48,26,48,10,13,10,1
050,24,027,Maryland,Howard County,7,15,14809,6729,8080,4582,5216,832,1346,20,26,1202,1344,0,8,93,140,4665,5333,861,1411,57,94,1239,1382,5,18,6504,7822,4413,5026,804,1310,4,12,1202,1340,0,7,81,127,4486,5131,828,1369,36,73,1234,1377,5,15,225,258,169,190,28,36,16,14,0,4,0,1,12,13,179,202,33,42,21,21,5,5,0,3
050,24,027,Maryland,Howard County,7,16,11668,5021,6647,3574,4340,602,1156,14,6,745,1005,0,3,86,137,3644,4458,639,1216,52,75,774,1037,5,9,4907,6459,3482,4203,591,1139,10,3,743,999,0,3,81,112,3548,4301,626,1187,44,56,772,1029,5,8,114,188,92,137,11,17,4,3,2,6,0,0,5,25,96,157,13,29,8,19,2,8,0,1
050,24,027,Maryland,Howard County,7,17,7598,3266,4332,2236,2855,407,760,6,15,570,632,0,0,47,70,2275,2911,422,794,27,45,587,653,2,6,3197,4207,2176,2761,406,741,3,9,569,628,0,0,43,68,2211,2815,421,775,20,38,586,648,2,6,69,125,60,94,1,19,3,6,1,4,0,0,4,2,64,96,1,19,7,7,1,5,0,0
050,24,027,Maryland,Howard County,7,18,6220,2400,3820,1595,2439,307,666,8,16,437,603,0,0,53,96,1640,2512,328,708,29,59,456,637,3,7,2353,3690,1558,2336,305,653,5,8,436,601,0,0,49,92,1601,2407,325,694,23,48,453,633,2,7,47,130,37,103,2,13,3,8,1,2,0,0,4,4,39,105,3,14,6,11,3,4,1,0
050,24,029,Maryland,Kent County,1,0,19198,9205,9993,7380,7938,1320,1569,62,62,146,108,6,2,291,314,7653,8233,1460,1711,224,209,189,172,25,21,8571,9534,6926,7613,1247,1525,7,10,142,99,1,2,248,285,7166,7880,1366,1660,140,136,166,155,5,12,634,459,454,325,73,44,55,52,4,9,5,0,43,29,487,353,94,51,84,73,23,17,20,9
050,24,029,Maryland,Kent County,1,1,761,402,359,272,242,80,65,7,8,9,2,2,0,32,42,302,284,98,92,15,22,17,10,4,6,360,314,245,219,77,60,0,0,9,2,0,0,29,33,274,252,94,85,7,5,16,8,0,6,42,45,27,23,3,5,7,8,0,0,2,0,3,9,28,32,4,7,8,17,1,2,4,0
050,24,029,Maryland,Kent County,1,2,795,399,396,268,275,84,83,5,3,10,0,0,0,32,35,299,309,107,102,13,19,14,3,0,1,348,358,244,246,67,79,0,0,8,0,0,0,29,33,273,278,89,97,6,15,10,2,0,1,51,38,24,29,17,4,5,3,2,0,0,0,3,2,26,31,18,5,7,4,4,1,0,0
050,24,029,Maryland,Kent County,1,3,920,437,483,315,334,79,104,4,0,7,1,0,0,32,44,343,378,102,128,15,12,18,10,4,0,385,445,283,308,75,98,0,0,7,0,0,0,20,39,303,347,90,122,2,7,12,9,0,0,52,38,32,26,4,6,4,0,0,1,0,0,12,5,40,31,12,6,13,5,6,1,4,0
050,24,029,Maryland,Kent County,1,4,1291,620,671,475,483,104,124,1,6,5,19,1,0,34,39,508,520,124,145,15,14,6,28,3,4,571,620,435,449,100,118,0,0,5,18,0,0,31,35,466,483,118,138,13,8,5,26,0,0,49,51,40,34,4,6,1,6,0,1,1,0,3,4,42,37,6,7,2,6,1,2,3,4
050,24,029,Maryland,Kent County,1,5,1477,711,766,550,592,91,120,14,3,36,19,0,0,20,32,568,621,95,127,29,17,38,32,3,1,630,725,494,556,84,119,1,1,36,19,0,0,15,30,509,583,85,125,15,15,37,32,1,0,81,41,56,36,7,1,13,2,0,0,0,0,5,2,59,38,10,2,14,2,1,0,2,1
050,24,029,Maryland,Kent County,1,6,956,498,458,395,352,75,80,1,9,10,1,0,0,17,16,412,365,85,91,8,17,11,2,0,1,441,421,351,329,65,78,0,0,10,1,0,0,15,13,366,339,75,88,5,6,11,1,0,0,57,37,44,23,10,2,1,9,0,0,0,0,2,3,46,26,10,3,3,11,0,1,0,1
050,24,029,Maryland,Kent County,1,7,989,495,494,373,379,87,92,6,5,9,11,0,2,20,5,392,384,89,94,21,9,14,11,1,3,448,459,342,360,81,83,0,0,8,10,0,2,17,4,358,364,83,85,13,3,10,10,1,3,47,35,31,19,6,9,6,5,1,1,0,0,3,1,34,20,6,9,8,6,4,1,0,0
050,24,029,Maryland,Kent County,1,8,909,457,452,341,366,77,59,3,6,7,15,0,0,29,6,367,370,95,62,23,12,7,16,0,1,407,421,305,341,70,59,0,0,7,15,0,0,25,6,327,345,88,62,16,6,7,16,0,1,50,31,36,25,7,0,3,6,0,0,0,0,4,0,40,25,7,0,7,6,0,0,0,0
050,24,029,Maryland,Kent County,1,9,777,405,372,318,279,67,67,4,3,10,0,0,0,6,23,324,300,68,72,9,22,10,3,0,2,355,338,275,251,63,66,2,0,10,0,0,0,5,21,280,270,63,71,7,17,10,1,0,0,50,34,43,28,4,1,2,3,0,0,0,0,1,2,44,30,5,1,2,5,0,2,0,2
050,24,029,Maryland,Kent County,1,10,878,439,439,346,358,66,61,6,5,9,3,0,0,12,12,358,369,70,68,17,12,10,6,0,0,391,419,309,346,62,55,0,4,9,2,0,0,11,12,320,357,66,62,10,11,10,5,0,0,48,20,37,12,4,6,6,1,0,1,0,0,1,0,38,12,4,6,7,1,0,1,0,0
050,24,029,Maryland,Kent County,1,11,1091,512,579,410,462,77,93,0,3,5,11,0,0,20,10,430,472,85,94,18,7,10,16,5,0,488,565,392,456,76,92,0,0,5,7,0,0,15,10,407,466,79,93,13,4,6,12,1,0,24,14,18,6,1,1,0,3,0,4,0,0,5,0,23,6,6,1,5,3,4,4,4,0
050,24,029,Maryland,Kent County,1,12,1499,724,775,615,608,88,141,2,0,11,12,0,0,8,14,621,621,90,148,10,7,12,13,1,0,698,755,592,588,88,141,0,0,11,12,0,0,7,14,597,601,90,148,7,7,11,13,0,0,26,20,23,20,0,0,2,0,0,0,0,0,1,0,24,20,0,0,3,0,1,0,1,0
050,24,029,Maryland,Kent County,1,13,1614,728,886,613,744,96,129,0,3,4,1,0,0,15,9,628,750,98,133,13,12,4,2,0,1,707,871,593,729,95,129,0,3,4,1,0,0,15,9,608,735,97,133,13,12,4,2,0,1,21,15,20,15,1,0,0,0,0,0,0,0,0,0,20,15,1,0,0,0,0,0,0,0
050,24,029,Maryland,Kent County,1,14,1504,702,802,607,698,80,90,4,2,3,3,3,0,5,9,612,707,80,90,8,5,4,9,3,0,678,792,593,689,76,90,1,1,2,3,1,0,5,9,598,698,76,90,5,4,3,9,1,0,24,10,14,9,4,0,3,1,1,0,2,0,0,0,14,9,4,0,3,1,1,0,2,0
050,24,029,Maryland,Kent County,1,15,1380,653,727,588,627,55,85,3,4,2,2,0,0,5,9,591,636,58,86,6,13,3,3,0,1,648,714,583,618,55,85,3,1,2,2,0,0,5,8,586,626,58,85,6,9,3,2,0,0,5,13,5,9,0,0,0,3,0,0,0,0,0,1,5,10,0,1,0,4,0,1,0,1
050,24,029,Maryland,Kent County,1,16,1099,506,593,441,489,60,92,0,0,3,4,0,0,2,8,443,497,61,94,0,6,4,4,0,0,506,590,441,487,60,91,0,0,3,4,0,0,2,8,443,495,61,93,0,6,4,4,0,0,0,3,0,2,0,1,0,0,0,0,0,0,0,0,0,2,0,1,0,0,0,0,0,0
050,24,029,Maryland,Kent County,1,17,593,278,315,240,268,31,45,0,0,6,2,0,0,1,0,241,268,31,45,1,0,6,2,0,0,276,304,239,260,30,43,0,0,6,1,0,0,1,0,240,260,30,43,1,0,6,1,0,0,2,11,1,8,1,2,0,0,0,1,0,0,0,0,1,8,1,2,0,0,0,1,0,0
050,24,029,Maryland,Kent County,1,18,665,239,426,213,382,23,39,2,2,0,2,0,0,1,1,214,382,24,40,3,3,1,2,1,0,234,423,210,381,23,39,0,0,0,2,0,0,1,1,211,381,24,40,1,1,1,2,1,0,5,3,3,1,0,0,2,2,0,0,0,0,0,0,3,1,0,0,2,2,0,0,0,0
050,24,029,Maryland,Kent County,2,0,19125,9161,9964,7347,7917,1304,1561,60,62,143,110,6,2,301,312,7618,8192,1438,1711,199,186,186,166,27,28,8519,9498,6890,7589,1228,1516,7,9,139,101,1,2,254,281,7119,7835,1343,1654,125,117,174,153,18,24,642,466,457,328,76,45,53,53,4,9,5,0,47,31,499,357,95,57,74,69,12,13,9,4
050,24,029,Maryland,Kent County,2,1,760,402,358,273,244,78,69,7,7,10,2,1,0,33,36,304,279,97,86,16,19,16,8,2,2,356,312,243,221,74,64,0,0,10,2,0,0,29,25,270,245,91,77,8,6,15,7,1,2,46,46,30,23,4,5,7,7,0,0,1,0,4,11,34,34,6,9,8,13,1,1,1,0
050,24,029,Maryland,Kent County,2,2,791,399,392,266,270,82,82,5,4,9,0,0,0,37,36,301,300,99,102,18,14,17,10,3,4,345,353,240,241,66,78,0,0,7,0,0,0,32,34,270,269,82,97,11,9,14,9,2,4,54,39,26,29,16,4,5,4,2,0,0,0,5,2,31,31,17,5,7,5,3,1,1,0
050,24,029,Maryland,Kent County,2,3,901,430,471,307,328,82,101,4,0,7,1,0,0,30,41,331,367,95,123,13,14,14,6,7,2,378,434,276,302,77,95,0,0,7,0,0,0,18,37,291,337,84,115,5,12,10,5,6,2,52,37,31,26,5,6,4,0,0,1,0,0,12,4,40,30,11,8,8,2,4,1,1,0
050,24,029,Maryland,Kent County,2,4,1277,610,667,471,485,100,120,1,5,5,19,1,0,32,38,501,519,118,140,13,18,9,27,3,5,561,615,430,449,96,115,0,0,5,18,0,0,30,33,458,478,114,133,10,12,9,25,2,2,49,52,41,36,4,5,1,5,0,1,1,0,2,5,43,41,4,7,3,6,0,2,1,3
050,24,029,Maryland,Kent County,2,5,1488,713,775,551,596,92,121,13,4,36,20,0,0,21,34,569,624,103,141,22,16,38,27,2,2,634,733,496,561,85,119,1,1,36,20,0,0,16,32,510,587,93,138,8,13,38,27,1,1,79,42,55,35,7,2,12,3,0,0,0,0,5,2,59,37,10,3,14,3,0,0,1,1
050,24,029,Maryland,Kent County,2,6,951,494,457,392,353,76,78,1,9,8,1,0,0,17,16,408,366,84,85,9,17,10,4,0,1,435,418,347,328,65,76,0,0,8,1,0,0,15,13,361,339,73,82,6,5,10,4,0,1,59,39,45,25,11,2,1,9,0,0,0,0,2,3,47,27,11,3,3,12,0,0,0,0
050,24,029,Maryland,Kent County,2,7,985,494,491,371,373,85,93,6,5,9,11,0,2,23,7,392,380,94,97,17,7,14,12,0,2,448,455,342,353,79,84,0,0,8,10,0,2,19,6,360,359,86,87,10,2,11,11,0,2,46,36,29,20,6,9,6,5,1,1,0,0,4,1,32,21,8,10,7,5,3,1,0,0
050,24,029,Maryland,Kent County,2,8,908,453,455,339,367,75,60,4,7,7,15,0,0,28,6,364,372,84,61,21,9,10,16,2,3,400,426,301,345,67,60,0,0,7,15,0,0,25,6,323,350,75,61,15,2,10,16,2,3,53,29,38,22,8,0,4,7,0,0,0,0,3,0,41,22,9,0,6,7,0,0,0,0
050,24,029,Maryland,Kent County,2,9,784,411,373,320,281,70,67,4,2,9,0,0,0,8,23,328,299,72,75,7,14,11,5,1,3,359,340,276,253,66,66,2,0,9,0,0,0,6,21,282,270,68,74,3,10,11,4,1,3,52,33,44,28,4,1,2,2,0,0,0,0,2,2,46,29,4,1,4,4,0,1,0,0
050,24,029,Maryland,Kent County,2,10,866,433,433,339,352,66,64,6,4,9,2,0,0,13,11,351,361,71,66,13,12,10,4,1,1,387,411,304,339,62,57,0,3,9,1,0,0,12,11,315,348,67,59,6,11,10,3,1,1,46,22,35,13,4,7,6,1,0,1,0,0,1,0,36,13,4,7,7,1,0,1,0,0
050,24,029,Maryland,Kent County,2,11,1087,508,579,409,464,74,88,0,5,4,11,0,0,21,11,429,472,82,93,14,10,4,14,1,1,483,563,391,457,73,87,0,1,4,7,0,0,15,11,405,465,78,92,12,6,4,10,0,1,25,16,18,7,1,1,0,4,0,4,0,0,6,0,24,7,4,1,2,4,0,4,1,0
050,24,029,Maryland,Kent County,2,12,1487,715,772,604,604,89,140,1,0,12,14,0,0,9,14,613,616,92,146,7,8,12,15,0,1,691,753,582,585,89,140,0,0,12,14,0,0,8,14,590,597,91,146,6,8,12,15,0,1,24,19,22,19,0,0,1,0,0,0,0,0,1,0,23,19,1,0,1,0,0,0,0,0
050,24,029,Maryland,Kent County,2,13,1600,724,876,616,734,89,130,0,2,4,1,0,0,15,9,627,743,94,134,12,6,6,2,0,0,704,863,597,721,88,130,0,2,4,1,0,0,15,9,608,730,93,134,12,6,6,2,0,0,20,13,19,13,1,0,0,0,0,0,0,0,0,0,19,13,1,0,0,0,0,0,0,0
050,24,029,Maryland,Kent County,2,14,1517,707,810,610,703,82,92,3,2,3,3,4,0,5,10,612,713,85,95,7,7,4,5,5,0,684,798,596,692,79,92,1,1,2,3,1,0,5,10,598,702,82,95,5,6,3,5,2,0,23,12,14,11,3,0,2,1,1,0,3,0,0,0,14,11,3,0,2,1,1,0,3,0
050,24,029,Maryland,Kent County,2,15,1373,644,729,581,631,54,82,3,4,1,2,0,0,5,10,586,640,54,86,8,10,1,2,0,1,637,717,575,623,53,82,3,1,1,2,0,0,5,9,580,631,53,86,8,6,1,2,0,1,7,12,6,8,1,0,0,3,0,0,0,0,0,1,6,9,1,0,0,4,0,0,0,0
050,24,029,Maryland,Kent County,2,16,1101,504,597,439,493,59,92,0,0,4,4,0,0,2,8,441,500,61,97,0,3,4,5,0,0,504,592,439,489,59,91,0,0,4,4,0,0,2,8,441,496,61,96,0,3,4,5,0,0,0,5,0,4,0,1,0,0,0,0,0,0,0,0,0,4,0,1,0,0,0,0,0,0
050,24,029,Maryland,Kent County,2,17,596,282,314,246,270,29,41,0,0,6,2,0,0,1,1,247,271,30,42,0,0,6,2,0,0,280,303,245,262,28,39,0,0,6,1,0,0,1,1,246,263,29,40,0,0,6,1,0,0,2,11,1,8,1,2,0,0,0,1,0,0,0,0,1,8,1,2,0,0,0,1,0,0
050,24,029,Maryland,Kent County,2,18,653,238,415,213,369,22,41,2,2,0,2,0,0,1,1,214,370,23,42,2,2,0,2,0,0,233,412,210,368,22,41,0,0,0,2,0,0,1,1,211,369,23,42,0,0,0,2,0,0,5,3,3,1,0,0,2,2,0,0,0,0,0,0,3,1,0,0,2,2,0,0,0,0
050,24,029,Maryland,Kent County,3,0,19227,9244,9983,7407,7925,1295,1547,67,65,148,118,6,2,321,326,7696,8212,1443,1709,207,185,201,188,26,25,8581,9498,6936,7598,1215,1496,11,9,144,109,1,2,274,284,7183,7847,1345,1637,128,114,189,175,17,19,663,485,471,327,80,51,56,56,4,9,5,0,47,42,513,365,98,72,79,71,12,13,9,6
050,24,029,Maryland,Kent County,3,1,759,415,344,282,242,78,67,8,3,11,2,1,0,35,30,313,267,100,85,19,12,18,11,3,0,371,306,254,221,74,63,1,0,11,2,0,0,31,20,282,238,95,76,10,4,17,9,1,0,44,38,28,21,4,4,7,3,0,0,1,0,4,10,31,29,5,9,9,8,1,2,2,0
050,24,029,Maryland,Kent County,3,2,797,410,387,273,249,83,75,4,8,5,0,0,0,45,55,317,300,109,107,15,25,13,8,2,3,353,341,241,226,69,71,0,0,3,0,0,0,40,44,280,267,91,96,10,15,11,7,2,1,57,46,32,23,14,4,4,8,2,0,0,0,5,11,37,33,18,11,5,10,2,1,0,2
050,24,029,Maryland,Kent County,3,3,880,436,444,303,309,89,97,4,0,10,1,0,0,30,37,327,345,105,120,16,9,17,7,3,2,386,410,276,282,81,91,0,0,10,0,0,0,19,37,293,318,93,114,6,9,13,6,1,2,50,34,27,27,8,6,4,0,0,1,0,0,11,0,34,27,12,6,10,0,4,1,2,0
050,24,029,Maryland,Kent County,3,4,1250,590,660,459,473,89,118,2,5,8,23,0,0,32,41,487,510,105,141,13,18,12,28,5,6,534,606,412,440,84,112,0,0,8,22,0,0,30,32,438,469,100,132,10,9,12,27,4,3,56,54,47,33,5,6,2,5,0,1,0,0,2,9,49,41,5,9,3,9,0,1,1,3
050,24,029,Maryland,Kent County,3,5,1525,737,788,559,608,106,125,13,7,33,18,1,0,25,30,583,635,120,141,21,14,35,26,3,2,665,742,514,571,99,124,0,1,33,18,0,0,19,28,532,596,110,139,5,8,35,26,2,1,72,46,45,37,7,1,13,6,0,0,1,0,6,2,51,39,10,2,16,6,0,0,1,1
050,24,029,Maryland,Kent County,3,6,963,500,463,398,355,76,76,2,7,7,3,0,0,17,22,413,374,86,85,9,16,10,8,0,3,442,424,355,331,63,71,0,0,7,3,0,0,17,19,370,347,73,79,7,8,10,7,0,3,58,39,43,24,13,5,2,7,0,0,0,0,0,3,43,27,13,6,2,8,0,1,0,0
050,24,029,Maryland,Kent County,3,7,1005,511,494,391,364,73,98,5,5,12,10,0,2,30,15,416,378,85,102,21,12,17,14,2,4,462,456,358,343,69,90,0,0,11,10,0,2,24,11,377,353,78,92,13,5,16,14,2,4,49,38,33,21,4,8,5,5,1,0,0,0,6,4,39,25,7,10,8,7,1,0,0,0
050,24,029,Maryland,Kent County,3,8,948,472,476,357,379,80,66,6,9,7,16,0,0,22,6,377,384,88,68,17,11,11,18,2,1,406,448,307,362,70,65,0,0,7,15,0,0,22,6,327,367,78,67,11,2,11,17,2,1,66,28,50,17,10,1,6,9,0,1,0,0,0,0,50,17,10,1,6,9,0,1,0,0
050,24,029,Maryland,Kent County,3,9,841,443,398,334,307,87,70,2,2,7,2,0,0,13,17,346,321,89,77,11,11,10,7,0,0,390,368,290,282,83,69,2,0,7,2,0,0,8,15,297,294,85,75,7,8,9,7,0,0,53,30,44,25,4,1,0,2,0,0,0,0,5,2,49,27,4,2,4,3,1,0,0,0
050,24,029,Maryland,Kent County,3,10,825,411,414,325,340,55,63,8,1,12,1,0,0,11,9,336,349,59,65,14,4,13,5,0,0,367,387,294,319,51,58,0,0,12,1,0,0,10,9,304,328,55,60,6,3,12,5,0,0,44,27,31,21,4,5,8,1,0,0,0,0,1,0,32,21,4,5,8,1,1,0,0,0
050,24,029,Maryland,Kent County,3,11,1088,522,566,425,464,74,77,2,7,1,8,0,0,20,10,444,471,78,81,14,13,5,11,1,0,490,547,399,456,73,74,2,4,1,3,0,0,15,10,413,463,76,78,11,10,4,6,1,0,32,19,26,8,1,3,0,3,0,5,0,0,5,0,31,8,2,3,3,3,1,5,0,0
050,24,029,Maryland,Kent County,3,12,1414,664,750,552,588,82,132,3,1,15,17,0,0,12,12,563,597,85,136,11,9,16,20,1,1,642,730,533,571,82,130,2,0,15,17,0,0,10,12,542,580,83,134,10,8,16,20,1,1,22,20,19,17,0,2,1,1,0,0,0,0,2,0,21,17,2,2,1,1,0,0,0,0
050,24,029,Maryland,Kent County,3,13,1587,736,851,642,711,75,127,0,0,5,2,0,0,14,11,656,719,78,132,9,5,7,5,0,1,714,836,621,698,74,125,0,0,5,2,0,0,14,11,635,706,77,130,9,5,7,5,0,1,22,15,21,13,1,2,0,0,0,0,0,0,0,0,21,13,1,2,0,0,0,0,0,0
050,24,029,Maryland,Kent County,3,14,1557,700,857,596,740,87,100,3,4,4,3,4,0,6,10,599,747,90,104,9,8,4,6,4,2,682,841,585,725,86,100,1,3,3,3,1,0,6,10,588,732,89,104,7,7,3,6,1,2,18,16,11,15,1,0,2,1,1,0,3,0,0,0,11,15,1,0,2,1,1,0,3,0
050,24,029,Maryland,Kent County,3,15,1406,655,751,590,656,58,77,3,4,0,3,0,0,4,11,594,666,60,82,5,11,0,3,0,0,642,737,580,646,55,77,3,1,0,3,0,0,4,10,584,655,57,81,5,8,0,3,0,0,13,14,10,10,3,0,0,3,0,0,0,0,0,1,10,11,3,1,0,3,0,0,0,0
050,24,029,Maryland,Kent County,3,16,1103,503,600,436,502,59,89,0,0,5,4,0,0,3,5,438,507,62,91,0,2,6,5,0,0,503,594,436,497,59,88,0,0,5,4,0,0,3,5,438,502,62,90,0,2,6,5,0,0,0,6,0,5,0,1,0,0,0,0,0,0,0,0,0,5,0,1,0,0,0,0,0,0
050,24,029,Maryland,Kent County,3,17,640,304,336,271,284,26,47,0,0,6,1,0,0,1,4,272,287,26,49,0,3,7,1,0,0,302,327,270,277,25,45,0,0,6,1,0,0,1,4,271,280,25,47,0,3,7,1,0,0,2,9,1,7,1,2,0,0,0,0,0,0,0,0,1,7,1,2,0,0,0,0,0,0
050,24,029,Maryland,Kent County,3,18,639,235,404,214,354,18,43,2,2,0,4,0,0,1,1,215,355,18,43,3,2,0,5,0,0,230,398,211,351,18,43,0,0,0,3,0,0,1,1,212,352,18,43,1,0,0,4,0,0,5,6,3,3,0,0,2,2,0,1,0,0,0,0,3,3,0,0,2,2,0,1,0,0
050,24,029,Maryland,Kent County,4,0,19342,9274,10068,7412,8034,1291,1514,67,77,157,131,7,2,340,310,7731,8313,1435,1658,215,204,212,182,28,29,8600,9530,6943,7673,1211,1460,11,10,151,120,1,2,283,265,7208,7910,1335,1583,131,116,197,169,19,22,674,538,469,361,80,54,56,67,6,11,6,0,57,45,523,403,100,75,84,88,15,13,9,7
050,24,029,Maryland,Kent County,4,1,743,379,364,260,270,71,62,8,3,11,2,1,0,28,27,287,297,87,77,16,11,15,4,2,2,328,318,233,240,66,57,1,1,9,2,0,0,19,18,251,258,77,69,6,5,12,3,1,1,51,46,27,30,5,5,7,2,2,0,1,0,9,9,36,39,10,8,10,6,3,1,1,1
050,24,029,Maryland,Kent County,4,2,777,415,362,278,247,90,60,1,12,5,0,0,0,41,43,319,285,113,86,9,25,14,5,2,5,364,313,248,228,76,54,0,0,3,0,0,0,37,31,285,255,97,72,7,8,12,5,1,4,51,49,30,19,14,6,1,12,2,0,0,0,4,12,34,30,16,14,2,17,2,0,1,1
050,24,029,Maryland,Kent County,4,3,873,445,428,289,294,93,95,5,2,9,1,0,0,49,36,333,326,114,116,23,12,20,9,4,2,386,397,264,269,81,92,0,0,9,0,0,0,32,36,293,301,98,113,9,10,16,8,2,2,59,31,25,25,12,3,5,2,0,1,0,0,17,0,40,25,16,3,14,2,4,1,2,0
050,24,029,Maryland,Kent County,4,4,1284,598,686,469,483,81,129,4,7,12,27,0,0,32,40,496,522,97,147,15,21,18,34,5,4,532,620,416,443,76,120,0,0,12,26,0,0,28,31,439,473,90,134,10,11,17,32,5,1,66,66,53,40,5,9,4,7,0,1,0,0,4,9,57,49,7,13,5,10,1,2,0,3
050,24,029,Maryland,Kent County,4,5,1523,734,789,553,631,109,104,10,8,33,18,1,0,28,28,577,654,123,120,20,16,38,25,5,2,661,716,503,568,103,103,0,1,33,18,0,0,22,26,522,589,115,118,7,9,36,25,4,1,73,73,50,63,6,1,10,7,0,0,1,0,6,2,55,65,8,2,13,7,2,0,1,1
050,24,029,Maryland,Kent County,4,6,924,481,443,387,331,67,78,5,6,9,10,0,0,13,18,400,349,74,88,11,12,9,11,0,1,430,407,348,314,60,70,0,0,9,8,0,0,13,15,361,329,67,78,6,5,9,9,0,1,51,36,39,17,7,8,5,6,0,2,0,0,0,3,39,20,7,10,5,7,0,2,0,0
050,24,029,Maryland,Kent County,4,7,1015,508,507,394,373,65,95,5,9,13,11,1,2,30,17,422,387,76,101,22,19,17,14,3,3,460,465,361,350,60,89,0,0,12,11,0,2,27,13,386,361,71,93,14,7,16,14,2,3,48,42,33,23,5,6,5,9,1,0,1,0,3,4,36,26,5,8,8,12,1,0,1,0
050,24,029,Maryland,Kent County,4,8,955,475,480,346,380,91,80,4,7,7,7,0,0,27,6,372,384,101,82,16,11,12,8,3,1,423,458,309,368,81,78,0,0,7,6,0,0,26,6,334,372,90,80,12,4,12,7,3,1,52,22,37,12,10,2,4,7,0,1,0,0,1,0,38,12,11,2,4,7,0,1,0,0
050,24,029,Maryland,Kent County,4,9,886,474,412,357,320,94,66,3,3,2,9,0,0,18,14,375,332,100,70,12,13,5,10,0,1,412,378,307,295,89,65,1,0,2,9,0,0,13,9,320,303,93,68,8,6,4,10,0,0,62,34,50,25,5,1,2,3,0,0,0,0,5,5,55,29,7,2,4,7,1,0,0,1
050,24,029,Maryland,Kent County,4,10,785,395,390,310,313,51,61,9,2,16,1,0,0,9,13,318,324,54,66,15,9,17,4,0,2,350,363,277,288,48,61,1,0,16,1,0,0,8,13,284,299,51,66,6,7,17,4,0,2,45,27,33,25,3,0,8,2,0,0,0,0,1,0,34,25,3,0,9,2,0,0,0,0
050,24,029,Maryland,Kent County,4,11,1075,505,570,415,477,71,66,2,5,3,7,0,0,14,15,429,492,76,69,11,14,3,9,0,1,470,545,386,466,69,58,2,4,3,2,0,0,10,15,396,481,73,61,8,13,3,4,0,1,35,25,29,11,2,8,0,1,0,5,0,0,4,0,33,11,3,8,3,1,0,5,0,0
050,24,029,Maryland,Kent County,4,12,1365,644,721,528,568,81,123,2,3,11,20,0,0,22,7,549,575,86,124,18,6,13,22,0,2,620,702,507,552,81,123,2,0,11,20,0,0,19,7,525,559,85,124,16,3,13,22,0,2,24,19,21,16,0,0,0,3,0,0,0,0,3,0,24,16,1,0,2,3,0,0,0,0
050,24,029,Maryland,Kent County,4,13,1607,749,858,655,717,72,126,1,0,8,3,0,0,13,12,667,726,75,130,10,7,10,6,0,2,727,842,634,703,72,124,0,0,8,3,0,0,13,12,646,712,75,128,9,7,10,6,0,2,22,16,21,14,0,2,1,0,0,0,0,0,0,0,21,14,0,2,1,0,0,0,0,0
050,24,029,Maryland,Kent County,4,14,1605,703,902,603,779,79,107,3,4,7,2,4,0,7,10,610,789,81,108,7,11,8,4,4,0,691,887,599,765,77,107,1,3,6,2,1,0,7,10,606,775,79,108,5,10,7,4,1,0,12,15,4,14,2,0,2,1,1,0,3,0,0,0,4,14,2,0,2,1,1,0,3,0
050,24,029,Maryland,Kent County,4,15,1414,662,752,590,652,64,80,3,4,1,3,0,0,4,13,594,663,64,86,6,10,2,5,0,1,647,739,578,642,61,80,3,1,1,3,0,0,4,13,582,653,61,86,6,7,2,5,0,1,15,13,12,10,3,0,0,3,0,0,0,0,0,0,12,10,3,0,0,3,0,0,0,0
050,24,029,Maryland,Kent County,4,16,1146,529,617,466,529,56,77,0,0,4,6,0,0,3,5,469,534,56,79,2,2,5,7,0,0,528,610,465,524,56,76,0,0,4,6,0,0,3,4,468,528,56,78,2,1,5,7,0,0,1,7,1,5,0,1,0,0,0,0,0,0,0,1,1,6,0,1,0,1,0,0,0,0
050,24,029,Maryland,Kent County,4,17,724,335,389,295,317,33,66,0,0,6,1,0,0,1,5,296,320,34,69,0,3,6,2,0,0,333,383,294,312,32,65,0,0,6,1,0,0,1,5,295,315,33,68,0,3,6,2,0,0,2,6,1,5,1,1,0,0,0,0,0,0,0,0,1,5,1,1,0,0,0,0,0,0
050,24,029,Maryland,Kent County,4,18,641,243,398,217,353,23,39,2,2,0,3,0,0,1,1,218,354,24,40,2,2,0,3,0,0,238,387,214,346,23,38,0,0,0,2,0,0,1,1,215,347,24,39,0,0,0,2,0,0,5,11,3,7,0,1,2,2,0,1,0,0,0,0,3,7,0,1,2,2,0,1,0,0
050,24,029,Maryland,Kent County,5,0,19448,9296,10152,7443,8097,1265,1505,68,81,162,140,7,2,351,327,7754,8390,1436,1666,224,209,220,197,26,30,8605,9591,6964,7719,1183,1453,9,7,156,128,1,2,292,282,7223,7971,1325,1590,137,118,201,180,19,25,691,561,479,378,82,52,59,74,6,12,6,0,59,45,531,419,111,76,87,91,19,17,7,5
050,24,029,Maryland,Kent County,5,1,755,385,370,275,281,67,62,6,5,4,3,1,0,32,19,303,300,82,72,17,9,12,9,3,1,334,333,246,258,61,58,1,1,4,3,0,0,22,13,266,271,72,65,7,3,9,8,2,1,51,37,29,23,6,4,5,4,0,0,1,0,10,6,37,29,10,7,10,6,3,1,1,0
050,24,029,Maryland,Kent County,5,2,781,415,366,282,244,81,57,2,13,6,0,0,0,44,52,321,290,106,87,13,30,18,8,3,3,366,312,253,225,70,49,0,0,2,0,0,0,41,38,289,258,94,71,10,11,13,7,3,3,49,54,29,19,11,8,2,13,4,0,0,0,3,14,32,32,12,16,3,19,5,1,0,0
050,24,029,Maryland,Kent County,5,3,857,451,406,296,267,94,97,6,1,10,1,0,0,45,40,336,304,121,123,22,10,18,7,2,6,390,382,269,247,79,96,0,0,10,0,0,0,32,39,297,283,99,121,11,9,15,6,2,6,61,24,27,20,15,1,6,1,0,1,0,0,13,1,39,21,22,2,11,1,3,1,0,0
050,24,029,Maryland,Kent County,5,4,1263,577,686,434,489,88,124,4,8,12,24,0,0,39,41,467,529,112,143,21,21,19,30,2,5,507,621,384,446,82,119,0,0,12,24,0,0,29,32,408,478,99,134,11,11,17,29,2,1,70,65,50,43,6,5,4,8,0,0,0,0,10,9,59,51,13,9,10,10,2,1,0,4
050,24,029,Maryland,Kent County,5,5,1542,737,805,563,641,98,104,12,12,31,25,1,0,32,23,594,661,115,117,23,19,36,30,1,2,666,705,511,559,96,100,0,1,31,23,0,0,28,22,538,578,111,113,10,8,35,28,0,1,71,100,52,82,2,4,12,11,0,2,1,0,4,1,56,83,4,4,13,11,1,2,1,1
050,24,029,Maryland,Kent County,5,6,934,463,471,369,362,69,75,6,5,8,9,0,0,11,20,377,379,76,86,11,14,9,12,1,0,413,432,336,336,60,71,0,0,8,7,0,0,9,18,344,352,65,81,4,8,8,9,1,0,50,39,33,26,9,4,6,5,0,2,0,0,2,2,33,27,11,5,7,6,1,3,0,0
050,24,029,Maryland,Kent County,5,7,1044,537,507,425,374,70,93,3,9,12,10,0,0,27,21,448,393,82,102,15,18,16,14,3,1,494,465,393,353,64,87,0,0,12,10,0,0,25,15,414,367,75,93,11,6,16,13,3,1,43,42,32,21,6,6,3,9,0,0,0,0,2,6,34,26,7,9,4,12,0,1,0,0
050,24,029,Maryland,Kent County,5,8,964,485,479,363,367,75,83,5,8,12,11,1,2,29,8,389,375,88,86,22,12,14,13,2,2,431,454,325,357,68,77,0,0,11,10,0,2,27,8,349,365,80,80,16,4,13,12,1,2,54,25,38,10,7,6,5,8,1,1,1,0,2,0,40,10,8,6,6,8,1,1,1,0
050,24,029,Maryland,Kent County,5,9,914,474,440,355,349,100,71,3,3,3,10,0,0,13,7,367,356,106,74,10,7,4,10,0,1,414,402,312,319,91,70,0,0,3,10,0,0,8,3,319,322,96,71,4,1,3,10,0,1,60,38,43,30,9,1,3,3,0,0,0,0,5,4,48,34,10,3,6,6,1,0,0,0
050,24,029,Maryland,Kent County,5,10,760,388,372,311,286,50,63,9,2,8,0,0,0,10,21,320,303,55,70,16,13,8,3,0,4,341,350,273,267,48,63,2,0,8,0,0,0,10,20,282,283,53,69,9,11,8,3,0,4,47,22,38,19,2,0,7,2,0,0,0,0,0,1,38,20,2,1,7,2,0,0,0,0
050,24,029,Maryland,Kent County,5,11,1015,481,534,390,450,67,60,3,1,10,4,0,0,11,19,399,465,70,68,10,14,12,6,1,1,439,517,355,444,64,52,2,1,10,1,0,0,8,19,362,459,67,60,7,14,11,3,0,1,42,17,35,6,3,8,1,0,0,3,0,0,3,0,37,6,3,8,3,0,1,3,1,0
050,24,029,Maryland,Kent County,5,12,1303,616,687,503,546,80,106,0,4,13,24,0,0,20,7,522,549,86,109,11,9,15,27,2,2,586,666,477,531,80,106,0,0,13,22,0,0,16,7,492,534,83,109,10,5,15,25,2,2,30,21,26,15,0,0,0,4,0,2,0,0,4,0,30,15,3,0,1,4,0,2,0,0
050,24,029,Maryland,Kent County,5,13,1631,753,878,648,728,71,134,1,0,14,4,0,0,19,12,666,738,76,139,15,5,15,7,1,1,729,857,626,709,71,132,0,0,14,4,0,0,18,12,643,719,76,137,13,5,15,7,1,1,24,21,22,19,0,2,1,0,0,0,0,0,1,0,23,19,0,2,2,0,0,0,0,0
050,24,029,Maryland,Kent County,5,14,1636,729,907,630,779,80,114,1,4,6,1,3,0,9,9,636,788,83,117,5,8,10,3,4,0,716,888,622,761,78,114,0,3,6,1,1,0,9,9,628,770,81,117,4,7,10,3,2,0,13,19,8,18,2,0,1,1,0,0,2,0,0,0,8,18,2,0,1,1,0,0,2,0
050,24,029,Maryland,Kent County,5,15,1404,646,758,577,665,56,70,4,4,3,4,1,0,5,15,582,679,58,74,7,13,3,6,1,1,628,746,565,656,53,70,3,1,2,4,0,0,5,15,570,670,55,74,6,10,2,6,0,1,18,12,12,9,3,0,1,3,1,0,1,0,0,0,12,9,3,0,1,3,1,0,1,0
050,24,029,Maryland,Kent County,5,16,1188,540,648,477,552,57,84,1,0,2,6,0,0,3,6,480,558,57,87,3,2,3,7,0,0,539,641,476,547,57,83,1,0,2,6,0,0,3,5,479,552,57,85,3,2,3,7,0,0,1,7,1,5,0,1,0,0,0,0,0,0,0,1,1,6,0,2,0,0,0,0,0,0
050,24,029,Maryland,Kent County,5,17,799,362,437,317,363,37,67,0,0,7,1,0,0,1,6,318,368,37,70,1,3,7,2,0,0,360,433,316,360,36,66,0,0,7,1,0,0,1,6,317,365,36,69,1,3,7,2,0,0,2,4,1,3,1,1,0,0,0,0,0,0,0,0,1,3,1,1,0,0,0,0,0,0
050,24,029,Maryland,Kent County,5,18,658,257,401,228,354,25,41,2,2,1,3,0,0,1,1,229,355,26,42,2,2,1,3,0,0,252,387,225,344,25,40,0,0,1,2,0,0,1,1,226,345,26,41,0,0,1,2,0,0,5,14,3,10,0,1,2,2,0,1,0,0,0,0,3,10,0,1,2,2,0,1,0,0
050,24,029,Maryland,Kent County,6,0,19517,9349,10168,7469,8095,1277,1499,73,85,173,138,7,2,350,349,7781,8410,1430,1660,232,226,237,196,26,37,8663,9559,7000,7692,1194,1443,12,7,167,125,1,2,289,290,7259,7953,1320,1583,145,118,218,174,16,29,686,609,469,403,83,56,61,78,6,13,6,0,61,59,522,457,110,77,87,108,19,22,10,8
050,24,029,Maryland,Kent County,6,1,757,379,378,266,278,73,61,1,8,2,4,0,0,37,27,296,304,94,75,12,19,12,11,3,0,341,333,241,253,66,56,1,0,2,4,0,0,31,20,268,273,82,67,9,7,10,9,3,0,38,45,25,25,7,5,0,8,0,0,0,0,6,7,28,31,12,8,3,12,2,2,0,0
050,24,029,Maryland,Kent County,6,2,770,418,352,283,228,81,58,7,14,5,0,1,0,41,52,317,277,104,85,20,32,17,9,1,4,360,307,251,215,73,54,0,1,3,0,0,0,33,37,278,250,92,75,10,11,13,8,0,3,58,45,32,13,8,4,7,13,2,0,1,0,8,15,39,27,12,10,10,21,4,1,1,1
050,24,029,Maryland,Kent County,6,3,865,447,418,291,268,97,103,6,1,11,0,0,0,42,46,330,309,117,129,21,16,18,8,3,4,392,378,269,243,82,98,0,0,9,0,0,0,32,37,298,276,99,120,10,11,14,6,3,3,55,40,22,25,15,5,6,1,2,0,0,0,10,9,32,33,18,9,11,5,4,2,0,1
050,24,029,Maryland,Kent County,6,4,1225,566,659,417,477,90,118,7,5,11,20,0,0,41,39,453,515,109,134,24,16,17,27,5,6,488,599,368,436,81,112,0,0,11,19,0,0,28,32,394,467,95,126,12,10,14,25,2,3,78,60,49,41,9,6,7,5,0,1,0,0,13,7,59,48,14,8,12,6,3,2,3,3
050,24,029,Maryland,Kent County,6,5,1548,726,822,546,639,103,100,9,15,33,30,1,0,34,38,577,669,122,122,23,29,39,35,2,5,657,693,491,533,102,96,0,1,33,29,0,0,31,34,519,559,119,117,13,13,39,34,1,4,69,129,55,106,1,4,9,14,0,1,1,0,3,4,58,110,3,5,10,16,0,1,1,1
050,24,029,Maryland,Kent County,6,6,957,489,468,401,361,60,78,9,0,8,12,0,0,11,17,411,376,64,85,15,6,9,16,1,2,433,436,368,339,50,73,0,0,8,8,0,0,7,16,375,353,53,80,4,5,8,12,0,2,56,32,33,22,10,5,9,0,0,4,0,0,4,1,36,23,11,5,11,1,1,4,1,0
050,24,029,Maryland,Kent County,6,7,1051,530,521,421,394,72,93,5,12,10,1,0,0,22,21,442,413,82,98,16,21,10,5,3,5,493,474,393,370,68,86,2,0,10,1,0,0,20,17,412,385,77,91,12,7,10,4,3,4,37,47,28,24,4,7,3,12,0,0,0,0,2,4,30,28,5,7,4,14,0,1,0,1
050,24,029,Maryland,Kent County,6,8,992,506,486,381,367,85,89,6,9,15,7,1,2,18,12,396,378,90,94,16,15,19,10,3,3,459,454,350,357,78,83,1,0,14,6,0,2,16,6,363,362,83,86,10,1,17,8,2,3,47,32,31,10,7,6,5,9,1,1,1,0,2,6,33,16,7,8,6,14,2,2,1,0
050,24,029,Maryland,Kent County,6,9,945,480,465,368,378,85,63,3,3,2,12,0,0,22,9,387,383,92,66,16,8,7,15,0,2,413,429,318,348,75,63,0,0,2,12,0,0,18,6,333,352,80,65,11,3,7,14,0,1,67,36,50,30,10,0,3,3,0,0,0,0,4,3,54,31,12,1,5,5,0,1,0,1
050,24,029,Maryland,Kent County,6,10,763,402,361,314,279,69,66,5,3,7,1,0,0,7,12,320,290,71,71,7,6,11,3,0,3,363,339,280,263,68,65,2,0,7,1,0,0,6,10,285,272,70,68,4,3,10,3,0,3,39,22,34,16,1,1,3,3,0,0,0,0,1,2,35,18,1,3,3,3,1,0,0,0
050,24,029,Maryland,Kent County,6,11,967,461,506,376,423,54,62,7,1,10,3,0,0,14,17,390,438,60,69,16,11,10,4,0,1,413,489,339,414,50,55,2,1,10,2,0,0,12,17,351,429,55,62,10,11,10,3,0,1,48,17,37,9,4,7,5,0,0,1,0,0,2,0,39,9,5,7,6,0,0,1,0,0
050,24,029,Maryland,Kent County,6,12,1237,581,656,466,534,82,89,0,4,12,22,0,0,21,7,487,541,87,93,11,7,16,22,1,0,558,633,449,520,81,88,0,0,12,18,0,0,16,7,465,527,83,92,9,3,16,18,1,0,23,23,17,14,1,1,0,4,0,4,0,0,5,0,22,14,4,1,2,4,0,4,0,0
050,24,029,Maryland,Kent County,6,13,1611,756,855,642,691,72,136,0,0,28,11,0,0,14,17,655,705,75,141,10,11,30,14,0,1,731,834,618,672,72,134,0,0,28,11,0,0,13,17,630,686,75,139,10,11,29,14,0,1,25,21,24,19,0,2,0,0,0,0,0,0,1,0,25,19,0,2,0,0,1,0,0,0
050,24,029,Maryland,Kent County,6,14,1642,741,901,639,773,80,119,0,3,6,1,1,0,15,5,651,778,85,120,11,6,8,2,1,0,726,884,626,756,78,119,0,3,6,1,1,0,15,5,638,761,83,120,11,6,8,2,1,0,15,17,13,17,2,0,0,0,0,0,0,0,0,0,13,17,2,0,0,0,0,0,0,0
050,24,029,Maryland,Kent County,6,15,1422,634,788,572,697,49,72,3,4,3,4,3,0,4,11,576,708,51,77,4,9,4,4,3,1,612,772,559,684,46,72,1,1,2,4,0,0,4,11,563,695,48,77,2,6,3,4,0,1,22,16,13,13,3,0,2,3,1,0,3,0,0,0,13,13,3,0,2,3,1,0,3,0
050,24,029,Maryland,Kent County,6,16,1218,577,641,517,548,51,78,3,1,2,5,0,0,4,9,521,557,53,81,5,7,2,5,0,0,575,633,515,542,51,78,3,0,2,5,0,0,4,8,519,550,53,81,5,5,2,5,0,0,2,8,2,6,0,0,0,1,0,0,0,0,0,1,2,7,0,0,0,2,0,0,0,0
050,24,029,Maryland,Kent County,6,17,856,373,483,322,406,44,67,0,0,6,1,0,0,1,9,323,414,44,72,1,5,6,2,0,0,371,478,321,403,43,65,0,0,6,1,0,0,1,9,322,411,43,70,1,5,6,2,0,0,2,5,1,3,1,2,0,0,0,0,0,0,0,0,1,3,1,2,0,0,0,0,0,0
050,24,029,Maryland,Kent County,6,18,691,283,408,247,354,30,47,2,2,2,4,0,0,2,1,249,355,30,48,4,2,2,4,0,0,278,394,244,344,30,46,0,0,2,3,0,0,2,1,246,345,30,47,2,0,2,3,0,0,5,14,3,10,0,1,2,2,0,1,0,0,0,0,3,10,0,1,2,2,0,1,0,0
050,24,029,Maryland,Kent County,7,0,19565,9356,10209,7495,8136,1255,1467,82,95,166,144,9,5,349,362,7805,8461,1416,1641,241,244,225,214,29,29,8643,9575,7005,7717,1176,1415,12,7,162,133,2,4,286,299,7264,7986,1304,1560,137,122,214,194,19,24,713,634,490,419,79,52,70,88,4,11,7,1,63,63,541,475,112,81,104,122,11,20,10,5
050,24,029,Maryland,Kent County,7,1,758,374,384,266,271,75,52,1,19,1,4,0,2,31,36,293,305,92,73,9,31,9,11,4,3,333,330,236,251,70,47,1,0,1,4,0,2,25,26,258,276,84,62,6,6,8,9,3,3,41,54,30,20,5,5,0,19,0,0,0,0,6,10,35,29,8,11,3,25,1,2,1,0
050,24,029,Maryland,Kent County,7,2,774,410,364,283,246,72,64,7,11,5,3,1,0,42,40,322,282,94,85,23,24,12,13,3,2,359,313,253,226,68,59,0,1,5,3,0,0,33,24,284,249,86,72,12,6,11,8,1,2,51,51,30,20,4,5,7,10,0,0,1,0,9,16,38,33,8,13,11,18,1,5,2,0
050,24,029,Maryland,Kent County,7,3,826,435,391,281,248,91,80,11,4,10,0,0,1,42,58,315,301,117,113,26,23,18,14,2,3,370,351,253,227,76,76,0,0,8,0,0,0,33,48,282,271,96,102,9,15,16,13,1,2,65,40,28,21,15,4,11,4,2,0,0,1,9,10,33,30,21,11,17,8,2,1,1,1
050,24,029,Maryland,Kent County,7,4,1238,560,678,406,475,88,135,11,5,12,18,1,0,42,45,442,517,111,160,30,17,17,24,3,7,480,620,363,438,78,127,0,0,12,17,0,0,27,38,387,473,92,150,11,10,15,23,2,4,80,58,43,37,10,8,11,5,0,1,1,0,15,7,55,44,19,10,19,7,2,1,1,3
050,24,029,Maryland,Kent County,7,5,1542,701,841,526,650,97,106,9,14,33,33,1,0,35,38,559,682,113,126,21,28,40,42,3,2,628,698,466,530,96,100,0,1,33,32,0,0,33,35,498,560,110,119,11,13,40,41,2,1,73,143,60,120,1,6,9,13,0,1,1,0,2,3,61,122,3,7,10,15,0,1,1,1
050,24,029,Maryland,Kent County,7,6,1011,526,485,425,388,72,69,9,1,6,7,1,0,13,20,437,407,77,79,14,9,9,10,2,1,466,451,390,362,61,65,0,0,6,5,1,0,8,19,397,380,64,75,3,7,8,8,2,1,60,34,35,26,11,4,9,1,0,2,0,0,5,1,40,27,13,4,11,2,1,2,0,0
050,24,029,Maryland,Kent County,7,7,1003,509,494,411,387,69,81,3,8,12,5,0,0,14,13,424,399,75,85,10,13,15,7,0,3,473,455,382,363,65,77,2,0,12,5,0,0,12,10,393,372,71,81,8,2,14,7,0,3,36,39,29,24,4,4,1,8,0,0,0,0,2,3,31,27,4,4,2,11,1,0,0,0
050,24,029,Maryland,Kent County,7,8,1012,507,505,390,382,80,91,7,8,10,6,1,2,19,16,405,397,88,96,18,17,14,9,2,2,455,476,354,371,74,89,1,0,9,5,0,2,17,9,368,379,81,92,10,4,13,8,1,2,52,29,36,11,6,2,6,8,1,1,1,0,2,7,37,18,7,4,8,13,1,1,1,0
050,24,029,Maryland,Kent County,7,9,966,494,472,370,383,87,61,4,7,7,13,0,0,26,8,392,389,98,66,18,13,12,13,2,0,433,441,325,362,78,61,0,0,7,13,0,0,23,5,344,366,88,64,12,4,12,13,2,0,61,31,45,21,9,0,4,7,0,0,0,0,3,3,48,23,10,2,6,9,0,0,0,0
050,24,029,Maryland,Kent County,7,10,803,423,380,338,301,67,65,4,2,7,1,0,0,7,11,344,310,70,68,8,8,8,4,0,1,375,352,297,278,64,64,2,0,7,1,0,0,5,9,302,285,66,67,5,5,7,3,0,1,48,28,41,23,3,1,2,2,0,0,0,0,2,2,42,25,4,1,3,3,1,1,0,0
050,24,029,Maryland,Kent County,7,11,919,448,471,366,391,59,64,6,1,2,4,0,0,15,11,380,401,62,68,16,6,4,7,1,0,409,452,338,381,55,57,0,0,2,3,0,0,14,11,351,391,58,61,9,5,4,6,1,0,39,19,28,10,4,7,6,1,0,1,0,0,1,0,29,10,4,7,7,1,0,1,0,0
050,24,029,Maryland,Kent County,7,12,1152,529,623,433,507,68,81,2,5,6,19,0,0,20,11,453,518,73,84,14,11,9,20,0,1,497,603,408,496,67,80,2,1,6,15,0,0,14,11,422,507,68,83,12,7,9,16,0,1,32,20,25,11,1,1,0,4,0,4,0,0,6,0,31,11,5,1,2,4,0,4,0,0
050,24,029,Maryland,Kent County,7,13,1624,772,852,646,691,79,128,0,0,34,16,0,0,13,17,659,705,82,132,9,13,35,19,0,1,746,829,621,670,79,126,0,0,34,16,0,0,12,17,633,684,82,130,8,13,35,19,0,1,26,23,25,21,0,2,0,0,0,0,0,0,1,0,26,21,0,2,1,0,0,0,0,0
050,24,029,Maryland,Kent County,7,14,1625,735,890,635,762,76,117,0,2,8,1,0,0,16,8,648,767,81,121,10,9,10,2,3,0,719,873,620,745,75,117,0,2,8,1,0,0,16,8,633,750,80,121,10,9,10,2,3,0,16,17,15,17,1,0,0,0,0,0,0,0,0,0,15,17,1,0,0,0,0,0,0,0
050,24,029,Maryland,Kent County,7,15,1467,663,804,592,705,56,84,3,2,3,3,4,0,5,10,597,714,58,86,6,7,3,5,4,2,644,787,582,689,53,84,1,1,2,3,1,0,5,10,587,698,55,86,4,6,2,5,1,2,19,17,10,16,3,0,2,1,1,0,3,0,0,0,10,16,3,0,2,1,1,0,3,0
050,24,029,Maryland,Kent County,7,16,1239,581,658,529,575,43,65,3,4,1,4,0,0,5,10,533,584,46,69,6,9,1,5,0,1,574,647,523,568,42,65,3,1,1,4,0,0,5,9,527,576,45,68,6,6,1,5,0,1,7,11,6,7,1,0,0,3,0,0,0,0,0,1,6,8,1,1,0,3,0,0,0,0
050,24,029,Maryland,Kent County,7,17,880,377,503,328,416,43,76,0,0,4,3,0,0,2,8,330,423,45,81,0,3,4,5,0,0,375,497,327,412,42,74,0,0,4,3,0,0,2,8,329,419,44,79,0,3,4,5,0,0,2,6,1,4,1,2,0,0,0,0,0,0,0,0,1,4,1,2,0,0,0,0,0,0
050,24,029,Maryland,Kent County,7,18,726,312,414,270,358,33,48,2,2,5,4,0,0,2,2,272,360,34,49,3,3,5,4,0,0,307,400,267,348,33,47,0,0,5,3,0,0,2,2,269,350,34,48,1,1,5,3,0,0,5,14,3,10,0,1,2,2,0,1,0,0,0,0,3,10,0,1,2,2,0,1,0,0
050,24,031,Maryland,Montgomery County,1,0,1062079,508963,553116,291288,306143,101315,119084,10877,10667,78660,88608,586,638,26237,27976,314862,330998,113227,132637,18132,18786,90349,100442,1434,1530,401767,442650,216094,228315,90050,107284,714,781,77067,86909,207,256,17635,19105,231923,245179,97579,116169,3584,4354,86820,96821,775,862,107196,110466,75194,77828,11265,11800,10163,9886,1593,1699,379,382,8602,8871,82939,85819,15648,16468,14548,14432,3529,3621,659,668
050,24,031,Maryland,Montgomery County,1,1,63080,32125,30955,15698,15007,7626,7394,777,746,4252,4133,37,51,3735,3624,19160,18368,9353,9150,1441,1365,6171,5975,130,120,23311,22532,10293,9797,6463,6324,57,45,4071,3950,10,21,2417,2395,12559,12015,7464,7360,233,236,5597,5425,68,55,8814,8423,5405,5210,1163,1070,720,701,181,183,27,30,1318,1229,6601,6353,1889,1790,1208,1129,574,550,62,65
050,24,031,Maryland,Montgomery County,1,2,66740,34317,32423,16914,15752,7960,7751,862,773,4863,4531,41,63,3677,3553,20288,18983,9648,9471,1560,1494,6735,6243,142,142,25023,23686,10975,10258,6779,6633,50,48,4704,4362,19,11,2496,2374,13270,12416,7816,7658,271,290,6257,5784,81,56,9294,8737,5939,5494,1181,1118,812,725,159,169,22,52,1181,1179,7018,6567,1832,1813,1289,1204,478,459,61,86
050,24,031,Maryland,Montgomery County,1,3,72194,36997,35197,18819,17943,8561,8208,837,848,5238,4910,48,31,3494,3257,21983,20893,10164,9738,1569,1494,7014,6561,131,125,27030,25836,12025,11616,7443,7121,68,53,5056,4755,19,10,2419,2281,14206,13675,8457,8122,327,279,6532,6135,72,73,9967,9361,6794,6327,1118,1087,769,795,182,155,29,21,1075,976,7777,7218,1707,1616,1242,1215,482,426,59,52
050,24,031,Maryland,Montgomery County,1,4,67826,34740,33086,18325,17278,7905,7423,871,858,4828,4701,53,48,2758,2778,20829,19763,9220,8772,1529,1490,6094,5980,121,119,25505,24469,11991,11389,6831,6498,65,52,4694,4540,12,15,1912,1975,13743,13164,7696,7434,304,281,5753,5629,49,56,9235,8617,6334,5889,1074,925,806,806,134,161,41,33,846,803,7086,6599,1524,1338,1225,1209,341,351,72,63
050,24,031,Maryland,Montgomery County,1,5,61020,30748,30272,16469,15922,7052,7208,964,849,4225,4201,39,57,1999,2035,18285,17731,8042,8255,1495,1368,5042,5048,92,119,22087,22049,10591,10301,6048,6248,42,49,4075,4062,11,20,1320,1369,11789,11528,6681,6927,224,246,4765,4753,47,56,8661,8223,5878,5621,1004,960,922,800,150,139,28,37,679,666,6496,6203,1361,1328,1271,1122,277,295,45,63
050,24,031,Maryland,Montgomery County,1,6,64344,31383,32961,16980,16778,6958,8200,901,876,4788,5225,39,58,1717,1824,18515,18408,7801,9151,1404,1425,5452,5907,101,123,23083,24608,11220,11040,6002,7184,45,52,4665,5096,6,20,1145,1216,12262,12127,6556,7805,240,282,5214,5660,44,65,8300,8353,5760,5738,956,1016,856,824,123,129,33,38,572,608,6253,6281,1245,1346,1164,1143,238,247,57,58
050,24,031,Maryland,Montgomery County,1,7,70767,33806,36961,18853,19065,6951,8831,935,915,5474,6258,72,42,1521,1850,20204,20703,7638,9758,1464,1534,6063,6956,125,122,25407,28400,13022,13191,6005,7849,35,43,5362,6124,19,18,964,1175,13884,14218,6403,8413,242,288,5856,6704,55,75,8399,8561,5831,5874,946,982,900,872,112,134,53,24,557,675,6320,6485,1235,1345,1222,1246,207,252,70,47
050,24,031,Maryland,Montgomery County,1,8,74640,35515,39125,19608,20336,7534,9268,995,918,5803,6804,62,58,1513,1741,20960,21852,8184,10123,1551,1601,6396,7405,132,125,26939,30325,13687,14180,6620,8283,44,45,5673,6685,30,24,885,1108,14473,15146,6976,8834,231,325,6146,7192,71,63,8576,8800,5921,6156,914,985,951,873,130,119,32,34,628,633,6487,6706,1208,1289,1320,1276,250,213,61,62
050,24,031,Maryland,Montgomery County,1,9,71507,33511,37996,18502,19368,6969,8947,913,895,5806,7283,46,51,1275,1452,19606,20635,7525,9627,1463,1492,6246,7792,94,107,25330,29448,12595,13219,6212,8081,46,49,5686,7151,17,24,774,924,13255,14013,6557,8492,241,302,6055,7590,50,65,8181,8548,5907,6149,757,866,867,846,120,132,29,27,501,528,6351,6622,968,1135,1222,1190,191,202,44,42
050,24,031,Maryland,Montgomery County,1,10,70529,33379,37150,18696,19400,6766,8474,766,712,6129,7245,49,44,973,1275,19544,20498,7189,9099,1149,1211,6501,7699,80,106,26303,29834,13404,13911,6154,7809,43,54,6049,7150,15,17,638,893,13933,14656,6431,8257,207,302,6372,7547,45,68,7076,7316,5292,5489,612,665,723,658,80,95,34,27,335,382,5611,5842,758,842,942,909,129,152,35,38
050,24,031,Maryland,Montgomery County,1,11,71013,33230,37783,19622,21048,6460,7997,615,657,5564,6897,30,29,939,1155,20417,22049,6875,8538,999,1154,5902,7292,76,60,27195,31353,15041,16221,5973,7419,49,67,5493,6822,13,11,626,813,15573,16918,6250,7803,219,331,5781,7159,39,37,6035,6430,4581,4827,487,578,566,590,71,75,17,18,313,342,4844,5131,625,735,780,823,121,133,37,23
050,24,031,Maryland,Montgomery County,1,12,72671,34081,38590,21189,22701,6043,7749,546,516,5453,6526,30,38,820,1060,21887,23597,6390,8253,894,975,5743,6871,64,81,28999,32908,17304,18306,5656,7276,45,55,5386,6476,16,22,592,773,17805,18946,5910,7654,246,326,5634,6777,45,58,5082,5682,3885,4395,387,473,501,461,67,50,14,16,228,287,4082,4651,480,599,648,649,109,94,19,23
050,24,031,Maryland,Montgomery County,1,13,66565,31340,35225,20550,21839,5009,6619,342,419,4774,5558,6,23,659,767,21134,22487,5254,6941,613,783,5034,5830,43,57,27679,30746,17655,18358,4751,6252,29,59,4739,5493,2,10,503,574,18091,18831,4935,6498,184,282,4984,5735,32,37,3661,4479,2895,3481,258,367,313,360,35,65,4,13,156,193,3043,3656,319,443,429,501,50,95,11,20
050,24,031,Maryland,Montgomery County,1,14,55567,25415,30152,17213,19165,3728,5252,266,266,3737,4825,14,8,457,636,17599,19683,3888,5555,451,574,3933,5019,39,30,22929,26925,15263,16646,3531,4974,29,44,3722,4790,6,6,378,465,15575,17018,3662,5205,162,237,3910,4958,27,22,2486,3227,1950,2519,197,278,237,222,15,35,8,2,79,171,2024,2665,226,350,289,337,23,61,12,8
050,24,031,Maryland,Montgomery County,1,15,43166,19510,23656,13482,15395,2520,3890,125,159,3046,3803,7,13,330,396,13759,15712,2633,4095,253,312,3186,3940,34,42,17957,21447,12223,13647,2413,3689,33,18,3023,3782,0,10,265,301,12441,13877,2494,3855,124,119,3154,3906,25,36,1553,2209,1259,1748,107,201,92,141,23,21,7,3,65,95,1318,1835,139,240,129,193,32,34,9,6
050,24,031,Maryland,Montgomery County,1,16,29629,12983,16646,9009,11246,1555,2495,82,121,2179,2518,6,14,152,252,9141,11471,1613,2580,147,235,2247,2611,11,28,12080,15175,8275,10038,1490,2398,15,29,2172,2500,6,8,122,202,8378,10219,1538,2470,58,101,2235,2589,11,20,903,1471,734,1208,65,97,67,92,7,18,0,6,30,50,763,1252,75,110,89,134,12,22,0,8
050,24,031,Maryland,Montgomery County,1,17,19195,8086,11109,5513,7561,933,1641,51,71,1456,1678,3,2,130,156,5630,7682,974,1724,94,133,1515,1740,10,7,7554,10093,5065,6700,914,1581,10,9,1456,1669,3,2,106,132,5158,6799,946,1655,37,61,1511,1723,10,5,532,1016,448,861,19,60,41,62,0,9,0,0,24,24,472,883,28,69,57,72,4,17,0,2
050,24,031,Maryland,Montgomery County,1,18,21626,7797,13829,5846,10339,785,1737,29,68,1045,1512,4,8,88,165,5921,10483,836,1807,56,146,1075,1573,9,17,7356,12816,5465,9497,765,1665,9,10,1041,1502,3,7,73,135,5528,9613,807,1727,34,66,1064,1555,4,15,441,1013,381,842,20,72,20,58,4,10,1,1,15,30,393,870,29,80,22,80,11,18,5,2
050,24,031,Maryland,Montgomery County,2,0,1060926,508425,552501,290460,305355,101411,119061,10883,10697,78739,88668,563,618,26369,28102,314273,330516,113603,132690,18974,19656,89879,99928,1345,1480,401239,441925,215308,227473,90157,107255,719,780,77135,86953,201,250,17719,19214,231201,244522,98082,116335,4881,5661,85701,95732,677,808,107186,110576,75152,77882,11254,11806,10164,9917,1604,1715,362,368,8650,8888,83072,85994,15521,16355,14093,13995,4178,4196,668,672
050,24,031,Maryland,Montgomery County,2,1,62585,31815,30770,15517,14898,7505,7356,807,795,4261,4110,31,45,3694,3566,18927,18203,9400,9181,1511,1472,5985,5788,110,117,23065,22368,10168,9728,6360,6290,55,47,4076,3923,8,18,2398,2362,12381,11911,7533,7442,358,335,5338,5180,51,61,8750,8402,5349,5170,1145,1066,752,748,185,187,23,27,1296,1204,6546,6292,1867,1739,1153,1137,647,608,59,56
050,24,031,Maryland,Montgomery County,2,2,66550,34202,32348,16831,15688,7958,7735,843,770,4846,4527,39,67,3685,3561,20211,18966,9819,9582,1606,1535,6563,6121,128,162,24936,23624,10925,10197,6777,6623,49,48,4684,4356,16,14,2485,2386,13206,12389,7994,7803,402,400,5967,5567,65,69,9266,8724,5906,5491,1181,1112,794,722,162,171,23,53,1200,1175,7005,6577,1825,1779,1204,1135,596,554,63,93
050,24,031,Maryland,Montgomery County,2,3,71909,36858,35051,18697,17785,8540,8205,846,844,5223,4909,47,28,3505,3280,21899,20774,10316,9896,1679,1590,6801,6371,137,103,26920,25743,11946,11525,7421,7115,67,53,5045,4750,20,10,2421,2290,14154,13602,8615,8275,466,431,6265,5884,77,57,9938,9308,6751,6260,1119,1090,779,791,178,159,27,18,1084,990,7745,7172,1701,1621,1213,1159,536,487,60,46
050,24,031,Maryland,Montgomery County,2,4,67796,34742,33054,18335,17272,7878,7392,862,861,4819,4678,52,45,2796,2806,20880,19816,9263,8798,1581,1565,6045,5887,122,128,25524,24401,11999,11357,6828,6471,64,52,4681,4515,12,12,1940,1994,13758,13157,7783,7458,431,423,5622,5478,56,63,9218,8653,6336,5915,1050,921,798,809,138,163,40,33,856,812,7122,6659,1480,1340,1150,1142,423,409,66,65
050,24,031,Maryland,Montgomery County,2,5,61024,30717,30307,16395,15911,7072,7222,960,826,4255,4239,41,61,1994,2048,18205,17744,8005,8233,1527,1374,5119,5104,95,126,22051,22104,10502,10278,6067,6277,46,49,4106,4105,11,23,1319,1372,11688,11504,6669,6947,309,312,4763,4760,46,62,8666,8203,5893,5633,1005,945,914,777,149,134,30,38,675,676,6517,6240,1336,1286,1218,1062,356,344,49,64
050,24,031,Maryland,Montgomery County,2,6,64086,31303,32783,16891,16703,6974,8150,899,878,4764,5160,40,55,1735,1837,18456,18356,7739,9028,1441,1455,5498,5888,100,124,23011,24428,11153,10964,6010,7135,45,51,4640,5025,10,18,1153,1235,12190,12073,6517,7710,304,340,5207,5595,43,59,8292,8355,5738,5739,964,1015,854,827,124,135,30,37,582,602,6266,6283,1222,1318,1137,1115,291,293,57,65
050,24,031,Maryland,Montgomery County,2,7,70510,33688,36822,18723,18964,6984,8813,934,914,5450,6242,65,40,1532,1849,20105,20613,7628,9650,1483,1569,6079,6973,119,103,25338,28292,12923,13113,6051,7827,39,44,5333,6108,16,19,976,1181,13799,14159,6426,8339,297,359,5817,6663,49,63,8350,8530,5800,5851,933,986,895,870,117,134,49,21,556,668,6306,6454,1202,1311,1186,1210,262,310,70,40
050,24,031,Maryland,Montgomery County,2,8,74478,35487,38991,19566,20250,7534,9248,988,904,5809,6780,59,52,1531,1757,20937,21793,8158,10044,1607,1623,6413,7414,121,120,26998,30255,13703,14141,6622,8270,46,45,5683,6660,30,21,914,1118,14507,15110,6973,8764,305,396,6139,7159,67,61,8489,8736,5863,6109,912,978,942,859,126,120,29,31,617,639,6430,6683,1185,1280,1302,1227,274,255,54,59
050,24,031,Maryland,Montgomery County,2,9,71735,33696,38039,18605,19427,7057,8961,925,892,5764,7231,43,52,1302,1476,19757,20708,7588,9644,1496,1536,6252,7756,93,112,25447,29478,12673,13275,6287,8091,48,46,5638,7098,18,24,783,944,13351,14072,6591,8509,309,370,6005,7507,44,65,8249,8561,5932,6152,770,870,877,846,126,133,25,28,519,532,6406,6636,997,1135,1187,1166,247,249,49,47
050,24,031,Maryland,Montgomery County,2,10,70271,33208,37063,18521,19295,6765,8458,770,715,6130,7284,51,44,971,1267,19365,20394,7159,9015,1192,1274,6493,7741,88,91,26128,29693,13232,13765,6155,7782,44,53,6050,7189,15,21,632,883,13766,14512,6395,8160,267,383,6347,7577,40,58,7080,7370,5289,5530,610,676,726,662,80,95,36,23,339,384,5599,5882,764,855,925,891,146,164,48,33
050,24,031,Maryland,Montgomery County,2,11,71097,33336,37761,19645,20964,6511,8021,613,658,5592,6921,29,30,946,1167,20475,21977,6881,8529,1078,1215,5921,7305,65,69,27262,31305,15031,16122,6016,7443,49,65,5525,6847,11,9,630,819,15575,16819,6256,7800,309,406,5790,7161,33,41,6074,6456,4614,4842,495,578,564,593,67,74,18,21,316,348,4900,5158,625,729,769,809,131,144,32,28
050,24,031,Maryland,Montgomery County,2,12,72408,33943,38465,21045,22590,6034,7741,546,516,5466,6522,27,32,825,1064,21768,23512,6344,8215,959,1062,5736,6834,56,62,28802,32746,17119,18168,5641,7260,42,56,5396,6468,15,20,589,774,17626,18828,5858,7598,303,422,5617,6723,35,43,5141,5719,3926,4422,393,481,504,460,70,54,12,12,236,290,4142,4684,486,617,656,640,119,111,21,19
050,24,031,Maryland,Montgomery County,2,13,66588,31322,35266,20454,21765,5071,6675,329,418,4792,5587,7,25,669,796,21037,22454,5324,7022,662,819,5004,5825,33,60,27656,30749,17552,18257,4807,6303,28,57,4757,5524,2,10,510,598,17988,18766,4989,6561,264,336,4946,5726,20,33,3666,4517,2902,3508,264,372,301,361,35,63,5,15,159,198,3049,3688,335,461,398,483,58,99,13,27
050,24,031,Maryland,Montgomery County,2,14,55825,25537,30288,17292,19219,3715,5278,270,275,3782,4868,12,9,466,639,17686,19750,3886,5573,504,621,3948,5049,31,25,22999,27006,15290,16664,3514,4991,33,44,3769,4832,5,7,388,468,15620,17044,3654,5211,218,280,3920,4976,18,18,2538,3282,2002,2555,201,287,237,231,13,36,7,2,78,171,2066,2706,232,362,286,341,28,73,13,7
050,24,031,Maryland,Montgomery County,2,15,43512,19662,23850,13582,15483,2543,3928,130,163,3061,3850,8,11,338,415,13878,15835,2674,4127,307,385,3164,3946,19,29,18089,21607,12308,13710,2436,3726,32,19,3039,3829,1,8,273,315,12546,13972,2539,3880,172,181,3132,3908,9,22,1573,2243,1274,1773,107,202,98,144,22,21,7,3,65,100,1332,1863,135,247,135,204,32,38,10,7
050,24,031,Maryland,Montgomery County,2,16,29813,13067,16746,9070,11317,1556,2513,78,122,2199,2533,6,13,158,248,9205,11533,1616,2635,160,258,2252,2593,12,22,12155,15263,8325,10097,1492,2414,13,28,2192,2517,6,7,127,200,8432,10273,1544,2510,72,132,2237,2572,12,11,912,1483,745,1220,64,99,65,94,7,16,0,6,31,48,773,1260,72,125,88,126,15,21,0,11
050,24,031,Maryland,Montgomery County,2,17,19294,8110,11184,5516,7605,929,1641,53,77,1482,1699,2,2,128,160,5628,7733,978,1720,114,156,1528,1750,7,11,7566,10172,5060,6743,910,1587,10,14,1480,1689,2,2,104,137,5148,6851,949,1656,58,83,1521,1731,7,8,544,1012,456,862,19,54,43,63,2,10,0,0,24,23,480,882,29,64,56,73,7,19,0,3
050,24,031,Maryland,Montgomery County,2,18,21445,7732,13713,5775,10219,785,1724,30,69,1044,1528,4,7,94,166,5854,10355,825,1798,67,147,1078,1583,9,16,7292,12691,5399,9369,763,1650,9,9,1041,1518,3,7,77,138,5466,9480,797,1712,37,72,1068,1565,5,14,440,1022,376,850,22,74,21,60,3,10,1,0,17,28,388,875,28,86,30,75,10,18,4,2
050,24,031,Maryland,Montgomery County,3,0,1055869,506266,549603,287604,301955,101723,118814,10731,10730,78944,89081,546,607,26718,28416,311722,327377,114124,132653,18783,19676,90329,100590,1332,1490,399483,439358,212397,224115,90609,107115,694,779,77362,87419,184,250,18237,19680,228749,241591,98791,116452,4938,5729,86211,96458,677,819,106783,110245,75207,77840,11114,11699,10037,9951,1582,1662,362,357,8481,8736,82973,85786,15333,16201,13845,13947,4118,4132,655,671
050,24,031,Maryland,Montgomery County,3,1,60174,30747,29427,15101,14284,7213,6979,840,890,4159,3891,21,34,3413,3349,18259,17388,8956,8699,1454,1517,5800,5501,96,107,22330,21353,9831,9315,6115,5987,47,48,3988,3732,5,10,2344,2261,11996,11404,7261,7085,338,322,5238,4948,49,49,8417,8074,5270,4969,1098,992,793,842,171,159,16,24,1069,1088,6263,5984,1695,1614,1116,1195,562,553,47,58
050,24,031,Maryland,Montgomery County,3,2,65359,33544,31815,16472,15429,7869,7609,785,731,4688,4451,36,67,3694,3528,19867,18673,9744,9427,1528,1459,6422,6042,124,154,24490,23305,10688,9977,6750,6537,43,38,4518,4290,11,21,2480,2442,12966,12219,7963,7743,385,394,5808,5529,59,73,9054,8510,5784,5452,1119,1072,742,693,170,161,25,46,1214,1086,6901,6454,1781,1684,1143,1065,614,513,65,81
050,24,031,Maryland,Montgomery County,3,3,70196,35992,34204,18072,17122,8365,8097,853,800,5139,4870,40,27,3523,3288,21291,20114,10160,9809,1675,1534,6728,6339,126,104,26229,25206,11510,11132,7247,7025,63,49,4968,4713,14,11,2427,2276,13721,13198,8449,8188,455,412,6191,5846,68,61,9763,8998,6562,5990,1118,1072,790,751,171,157,26,16,1096,1012,7570,6916,1711,1621,1220,1122,537,493,58,43
050,24,031,Maryland,Montgomery County,3,4,67540,34766,32774,18334,17110,7813,7304,832,866,4756,4558,44,43,2987,2893,21048,19736,9308,8780,1590,1579,6054,5809,123,128,25531,24033,11952,11132,6828,6361,51,56,4600,4407,12,11,2088,2066,13845,12998,7862,7401,443,433,5601,5400,62,66,9235,8741,6382,5978,985,943,781,810,156,151,32,32,899,827,7203,6738,1446,1379,1147,1146,453,409,61,62
050,24,031,Maryland,Montgomery County,3,5,61354,30876,30478,16235,15784,7234,7336,914,769,4398,4418,51,65,2044,2106,18090,17681,8200,8376,1476,1320,5292,5319,103,138,22148,22387,10253,10191,6221,6413,44,59,4253,4295,11,25,1366,1404,11479,11454,6854,7096,312,324,4938,4972,48,67,8728,8091,5982,5593,1013,923,870,710,145,123,40,40,678,702,6611,6227,1346,1280,1164,996,354,347,55,71
050,24,031,Maryland,Montgomery County,3,6,63188,30919,32269,16466,16358,6921,8002,894,837,4799,5103,39,56,1800,1913,18091,18080,7734,8933,1426,1416,5576,5883,101,127,22762,23996,10799,10642,5997,7019,45,43,4672,4953,7,22,1242,1317,11920,11825,6551,7646,314,339,5285,5564,44,68,8157,8273,5667,5716,924,983,849,794,127,150,32,34,558,596,6171,6255,1183,1287,1112,1077,291,319,57,59
050,24,031,Maryland,Montgomery County,3,7,69552,33371,36181,18257,18523,7165,8662,849,910,5456,6187,56,36,1588,1863,19679,20188,7847,9523,1396,1540,6117,6943,112,97,25282,27812,12582,12757,6250,7678,43,44,5347,6068,12,18,1048,1247,13515,13865,6664,8228,318,367,5868,6664,48,61,8089,8369,5675,5766,915,984,806,866,109,119,44,18,540,616,6164,6323,1183,1295,1078,1173,249,279,64,36
050,24,031,Maryland,Montgomery County,3,8,73662,35196,38466,19537,19977,7396,9046,962,867,5740,6702,55,41,1506,1833,20886,21590,8009,9890,1536,1610,6361,7378,112,112,26996,29979,13814,14041,6521,8107,49,50,5633,6593,23,14,956,1174,14662,15063,6888,8630,314,409,6118,7131,63,55,8200,8487,5723,5936,875,939,913,817,107,109,32,27,550,659,6224,6527,1121,1260,1222,1201,243,247,49,57
050,24,031,Maryland,Montgomery County,3,9,72407,34119,38288,18896,19671,7250,9050,884,910,5627,7074,41,56,1421,1527,20155,20996,7832,9765,1511,1560,6161,7633,93,119,25788,29708,12930,13520,6451,8184,48,39,5495,6935,21,19,843,1011,13662,14379,6781,8637,326,386,5892,7381,47,57,8331,8580,5966,6151,799,866,836,871,132,139,20,37,578,516,6493,6617,1051,1128,1185,1174,269,252,46,62
050,24,031,Maryland,Montgomery County,3,10,68684,32335,36349,17739,18685,6674,8281,773,767,6083,7338,59,47,1007,1231,18617,19744,7083,8828,1213,1299,6457,7783,100,95,25246,28835,12481,13088,6050,7594,45,52,6003,7243,17,28,650,830,13031,13787,6300,7953,273,347,6313,7614,45,63,7089,7514,5258,5597,624,687,728,715,80,95,42,19,357,401,5586,5957,783,875,940,952,144,169,55,32
050,24,031,Maryland,Montgomery County,3,11,71160,33429,37731,19522,20616,6611,8179,664,652,5655,7039,35,38,942,1207,20340,21661,6975,8699,1104,1218,5982,7444,72,79,27216,31192,14805,15706,6106,7596,47,66,5602,6966,14,10,642,848,15353,16422,6349,7964,295,410,5869,7293,39,41,6213,6539,4717,4910,505,583,617,586,53,73,21,28,300,359,4987,5239,626,735,809,808,113,151,33,38
050,24,031,Maryland,Montgomery County,3,12,70946,33212,37734,20249,21818,6060,7697,524,532,5532,6589,28,22,819,1076,20969,22742,6370,8169,927,1081,5804,6903,58,57,27908,31912,16188,17325,5644,7195,33,62,5453,6528,17,15,573,787,16687,17996,5854,7534,284,431,5675,6787,36,41,5304,5822,4061,4493,416,502,491,470,79,61,11,7,246,289,4282,4746,516,635,643,650,129,116,22,16
050,24,031,Maryland,Montgomery County,3,13,66580,31301,35279,20134,21548,5277,6803,383,441,4798,5597,12,34,697,856,20743,22274,5546,7175,726,870,5021,5861,34,68,27489,30601,17169,17928,4993,6420,37,54,4759,5533,4,15,527,651,17620,18475,5183,6702,278,359,4955,5756,19,37,3812,4678,2965,3620,284,383,346,387,39,64,8,19,170,205,3123,3799,363,473,448,511,66,105,15,31
050,24,031,Maryland,Montgomery County,3,14,56829,26069,30760,17530,19292,3765,5433,263,299,4004,5082,11,9,496,645,17955,19833,3942,5732,503,640,4189,5270,29,27,23366,27283,15359,16584,3553,5119,34,45,3996,5042,4,6,420,487,15713,16986,3700,5344,229,286,4164,5198,16,21,2703,3477,2171,2708,212,314,229,254,8,40,7,3,76,158,2242,2847,242,388,274,354,25,72,13,6
050,24,031,Maryland,Montgomery County,3,15,45548,20517,25031,14145,16132,2730,4187,162,183,3115,4047,7,10,358,472,14459,16535,2871,4407,353,437,3228,4162,22,29,18829,22619,12791,14241,2618,3972,33,22,3097,4024,1,7,289,353,13044,14535,2730,4143,180,203,3197,4118,13,21,1688,2412,1354,1891,112,215,129,161,18,23,6,3,69,119,1415,2000,141,264,173,234,31,44,9,8
050,24,031,Maryland,Montgomery County,3,16,31016,13630,17386,9437,11687,1606,2653,83,127,2311,2644,5,15,188,260,9596,11912,1676,2771,187,270,2371,2709,11,23,12651,15811,8647,10391,1542,2544,12,27,2301,2628,5,11,144,210,8768,10573,1597,2642,81,135,2351,2684,10,15,979,1575,790,1296,64,109,71,100,10,16,0,4,44,50,828,1339,79,129,106,135,20,25,1,8
050,24,031,Maryland,Montgomery County,3,17,20135,8439,11696,5745,7842,970,1722,54,86,1546,1855,2,1,122,190,5848,8005,1019,1815,119,176,1587,1913,5,10,7842,10651,5243,6960,942,1666,9,15,1541,1845,2,1,105,164,5330,7101,983,1748,65,91,1579,1895,5,8,597,1045,502,882,28,56,45,71,5,10,0,0,17,26,518,904,36,67,54,85,8,18,0,2
050,24,031,Maryland,Montgomery County,3,18,21539,7804,13735,5733,10077,804,1774,12,63,1138,1636,4,6,113,179,5829,10225,852,1855,59,150,1179,1698,11,16,7380,12675,5355,9185,781,1698,11,10,1136,1624,4,6,93,152,5437,9311,822,1768,48,81,1169,1678,6,15,424,1060,378,892,23,76,1,53,2,12,0,0,20,27,392,914,30,87,11,69,10,20,5,1
050,24,031,Maryland,Montgomery County,4,0,1058546,507678,550868,285951,299999,102541,119430,11080,11145,80004,90740,507,567,27595,28987,310858,325934,115308,133544,19272,20148,91858,102524,1334,1487,399240,438523,209546,220653,91544,107804,695,728,78319,88934,160,230,18976,20174,226581,238574,100001,117330,5053,5754,87560,98230,685,828,108438,112345,76405,79346,10997,11626,10385,10417,1685,1806,347,337,8619,8813,84277,87360,15307,16214,14219,14394,4298,4294,649,659
050,24,031,Maryland,Montgomery County,4,1,59826,30731,29095,15042,14144,7168,6782,869,970,4190,3940,15,22,3447,3237,18221,17144,8923,8430,1482,1561,5847,5501,87,94,22158,20701,9628,8964,6115,5830,45,42,4005,3669,3,5,2362,2191,11809,10991,7254,6880,333,301,5268,4854,47,45,8573,8394,5414,5180,1053,952,824,928,185,271,12,17,1085,1046,6412,6153,1669,1550,1149,1260,579,647,40,49
050,24,031,Maryland,Montgomery County,4,2,65468,33506,31962,16424,15393,7824,7655,806,796,4717,4502,27,58,3708,3558,19840,18671,9694,9501,1534,1511,6473,6122,112,142,24435,23378,10644,9937,6718,6578,36,36,4517,4332,5,20,2515,2475,12962,12217,7935,7794,373,386,5836,5600,53,72,9071,8584,5780,5456,1106,1077,770,760,200,170,22,38,1193,1083,6878,6454,1759,1707,1161,1125,637,522,59,70
050,24,031,Maryland,Montgomery County,4,3,69796,35786,34010,17742,16855,8338,8020,929,844,5168,4877,37,33,3572,3381,21006,19940,10154,9778,1748,1585,6795,6395,125,118,25927,24988,11231,10940,7204,6972,62,53,4967,4720,8,5,2455,2298,13467,13031,8414,8135,453,413,6219,5875,62,56,9859,9022,6511,5915,1134,1048,867,791,201,157,29,28,1117,1083,7539,6909,1740,1643,1295,1172,576,520,63,62
050,24,031,Maryland,Montgomery County,4,4,67731,34979,32752,18215,17009,7899,7408,929,872,4751,4531,37,37,3148,2895,21081,19634,9490,8884,1706,1572,6127,5775,110,124,25469,23778,11678,10815,6898,6456,61,51,4593,4378,17,11,2222,2067,13700,12682,8001,7493,465,420,5661,5369,63,62,9510,8974,6537,6194,1001,952,868,821,158,153,20,26,926,828,7381,6952,1489,1391,1241,1152,466,406,47,62
050,24,031,Maryland,Montgomery County,4,5,60403,30556,29847,15938,15379,7159,7112,984,788,4355,4332,52,62,2068,2174,17816,17328,8143,8204,1547,1356,5257,5265,113,133,21705,21739,9890,9749,6178,6264,47,52,4198,4188,10,21,1382,1465,11131,11059,6824,6993,317,330,4884,4893,50,64,8851,8108,6048,5630,981,848,937,736,157,144,42,41,686,709,6685,6269,1319,1211,1230,1026,373,372,63,69
050,24,031,Maryland,Montgomery County,4,6,62698,30566,32132,15997,15855,6892,8035,910,865,4917,5393,39,56,1811,1928,17634,17599,7712,8970,1430,1408,5701,6184,90,120,22333,23946,10224,10135,6010,7116,43,41,4775,5238,6,27,1275,1389,11378,11386,6580,7775,311,339,5401,5882,39,72,8233,8186,5773,5720,882,919,867,824,142,155,33,29,536,539,6256,6213,1132,1195,1119,1069,300,302,51,48
050,24,031,Maryland,Montgomery County,4,7,68860,33246,35614,17817,17989,7250,8673,835,899,5527,6169,44,23,1773,1861,19410,19654,8017,9540,1428,1524,6270,6925,115,89,25205,27143,12156,12155,6385,7652,40,39,5417,6052,12,7,1195,1238,13225,13257,6869,8204,341,356,6005,6643,58,50,8041,8471,5661,5834,865,1021,795,860,110,117,32,16,578,623,6185,6397,1148,1336,1087,1168,265,282,57,39
050,24,031,Maryland,Montgomery County,4,8,73252,34999,38253,19364,19773,7366,8824,897,926,5784,6745,49,48,1539,1937,20745,21473,8000,9714,1462,1678,6432,7476,121,121,26958,29769,13696,13890,6503,7879,46,53,5690,6638,12,17,1011,1292,14596,15018,6894,8455,319,441,6207,7231,62,59,8041,8484,5668,5883,863,945,851,873,94,107,37,31,528,645,6149,6455,1106,1259,1143,1237,225,245,59,62
050,24,031,Maryland,Montgomery County,4,9,73599,34728,38871,19245,20128,7397,9074,925,917,5665,7077,52,44,1444,1631,20525,21540,7982,9843,1538,1603,6210,7666,108,108,26269,30166,13226,13867,6566,8221,54,38,5532,6947,24,13,867,1080,13982,14788,6901,8710,334,405,5937,7412,54,59,8459,8705,6019,6261,831,853,871,879,133,130,28,31,577,551,6543,6752,1081,1133,1204,1198,273,254,54,49
050,24,031,Maryland,Montgomery County,4,10,68688,32244,36444,17629,18476,6699,8438,782,789,5991,7396,42,54,1101,1291,18582,19599,7142,9020,1248,1345,6417,7863,88,107,25049,28658,12329,12727,6052,7707,35,45,5892,7287,12,29,729,863,12944,13460,6329,8080,284,349,6243,7673,41,66,7195,7786,5300,5749,647,731,747,744,99,109,30,25,372,428,5638,6139,813,940,964,996,174,190,47,41
050,24,031,Maryland,Montgomery County,4,11,70934,33295,37639,19073,20194,6591,8269,712,682,5873,7224,40,38,1006,1232,19952,21262,6980,8797,1181,1243,6237,7653,78,81,26963,30937,14291,15161,6100,7671,51,61,5824,7157,10,12,687,875,14883,15903,6358,8047,316,406,6115,7506,35,47,6332,6702,4782,5033,491,598,661,621,49,67,30,26,319,357,5069,5359,622,750,865,837,122,147,43,34
050,24,031,Maryland,Montgomery County,4,12,69643,32686,36957,19703,20984,6160,7638,535,540,5444,6663,31,21,813,1111,20415,21943,6471,8127,933,1093,5721,7005,57,57,27240,31059,15501,16426,5738,7150,34,56,5379,6610,20,14,568,803,15991,17109,5949,7497,276,423,5604,6889,34,41,5446,5898,4202,4558,422,488,501,484,65,53,11,7,245,308,4424,4834,522,630,657,670,117,116,23,16
050,24,031,Maryland,Montgomery County,4,13,66403,31161,35242,19746,21172,5357,6921,378,468,4887,5760,18,33,775,888,20429,21931,5657,7299,769,905,5143,6038,42,76,27139,30356,16616,17413,5081,6524,39,41,4839,5688,7,19,557,671,17101,17980,5281,6809,293,344,5055,5924,24,46,4022,4886,3130,3759,276,397,339,427,48,72,11,14,218,217,3328,3951,376,490,476,561,88,114,18,30
050,24,031,Maryland,Montgomery County,4,14,57856,26627,31229,17578,19321,4008,5677,277,305,4218,5248,8,4,538,674,18033,19891,4195,5980,531,664,4415,5446,30,25,23739,27553,15254,16410,3795,5366,32,39,4206,5213,3,3,449,522,15631,16841,3945,5602,235,297,4386,5379,21,20,2888,3676,2324,2911,213,311,245,266,12,35,5,1,89,152,2402,3050,250,378,296,367,29,67,9,5
050,24,031,Maryland,Montgomery County,4,15,46007,20574,25433,14020,16211,2829,4332,153,210,3205,4183,7,7,360,490,14334,16626,2961,4559,338,468,3326,4309,26,31,18816,22871,12585,14206,2714,4104,31,33,3187,4159,2,4,297,365,12842,14513,2823,4275,181,214,3294,4263,15,20,1758,2562,1435,2005,115,228,122,177,18,24,5,3,63,125,1492,2113,138,284,157,254,32,46,11,11
050,24,031,Maryland,Montgomery County,4,16,33836,14845,18991,10401,12713,1757,2917,92,120,2384,2928,4,17,207,296,10576,12970,1831,3052,202,279,2453,3003,13,30,13767,17285,9528,11314,1684,2787,14,24,2375,2913,4,15,162,232,9663,11513,1747,2889,92,137,2431,2980,11,24,1078,1706,873,1399,73,130,78,96,9,15,0,2,45,64,913,1457,84,163,110,142,22,23,2,6
050,24,031,Maryland,Montgomery County,4,17,21380,9030,12350,6157,8228,1015,1813,44,81,1665,1998,2,2,147,228,6280,8411,1065,1930,118,195,1719,2064,9,13,8422,11234,5639,7284,984,1752,10,13,1660,1985,2,0,127,200,5744,7445,1027,1852,73,113,1709,2045,9,9,608,1116,518,944,31,61,34,68,5,13,0,2,20,28,536,966,38,78,45,82,10,19,0,4
050,24,031,Maryland,Montgomery County,4,18,22166,8119,14047,5860,10175,832,1842,23,73,1263,1774,3,8,138,175,5979,10318,891,1916,77,158,1315,1834,10,18,7646,12962,5430,9260,819,1775,15,11,1263,1760,3,8,116,148,5532,9381,870,1840,57,80,1305,1812,7,16,473,1085,430,915,13,67,8,62,0,14,0,0,22,27,447,937,21,76,20,78,10,22,3,2
050,24,031,Maryland,Montgomery County,5,0,1064369,510536,553833,285916,299846,103147,119999,11698,11590,80907,91975,501,560,28367,29863,311522,326571,116334,134602,20031,20758,93130,104145,1336,1521,399095,438325,207678,218559,92055,108304,680,716,79174,89990,170,225,19338,20531,225040,236801,100681,118015,5041,5755,88667,99522,695,836,111441,115508,78238,81287,11092,11695,11018,10874,1733,1985,331,335,9029,9332,86482,89770,15653,16587,14990,15003,4463,4623,641,685
050,24,031,Maryland,Montgomery County,5,1,59604,30456,29148,14917,14121,6858,6599,1089,1076,4238,3994,17,19,3337,3339,17998,17210,8563,8312,1677,1692,5855,5603,87,94,21462,20208,9289,8659,5807,5637,50,44,4037,3649,7,4,2272,2215,11391,10708,6902,6700,324,307,5259,4861,50,46,8994,8940,5628,5462,1051,962,1039,1032,201,345,10,15,1065,1124,6607,6502,1661,1612,1353,1385,596,742,37,48
050,24,031,Maryland,Montgomery County,5,2,65131,33318,31813,16373,15422,7793,7537,827,822,4585,4443,28,45,3712,3544,19791,18690,9672,9375,1559,1523,6352,6056,105,133,24133,23061,10574,9897,6684,6480,36,27,4378,4264,8,15,2453,2378,12837,12091,7872,7643,362,346,5682,5493,51,65,9185,8752,5799,5525,1109,1057,791,795,207,179,20,30,1259,1166,6954,6599,1800,1732,1197,1177,670,563,54,68
050,24,031,Maryland,Montgomery County,5,3,69201,35488,33713,17428,16477,8299,8003,1049,929,5046,4856,38,46,3628,3402,20749,19592,10147,9765,1859,1661,6720,6394,128,132,25639,24599,11055,10642,7167,6923,60,41,4847,4652,8,6,2502,2335,13338,12772,8397,8102,447,397,6135,5832,65,61,9849,9114,6373,5835,1132,1080,989,888,199,204,30,40,1126,1067,7411,6820,1750,1663,1412,1264,585,562,63,71
050,24,031,Maryland,Montgomery County,5,4,68821,35595,33226,18326,17127,8044,7573,1049,885,4874,4580,35,35,3267,3026,21302,19870,9707,9138,1840,1615,6305,5869,112,128,25406,23850,11383,10658,6989,6643,56,51,4703,4428,14,13,2261,2057,13442,12516,8116,7680,457,402,5801,5416,60,66,10189,9376,6943,6469,1055,930,993,834,171,152,21,22,1006,969,7860,7354,1591,1458,1383,1213,504,453,52,62
050,24,031,Maryland,Montgomery County,5,5,60564,30798,29766,16061,15383,7100,6993,994,832,4348,4138,53,61,2242,2359,18101,17493,8172,8182,1593,1443,5333,5141,109,141,21736,21457,9835,9651,6147,6134,46,52,4195,4000,11,22,1502,1598,11189,11081,6852,6932,332,357,4943,4763,44,70,9062,8309,6226,5732,953,859,948,780,153,138,42,39,740,761,6912,6412,1320,1250,1261,1086,390,378,65,71
050,24,031,Maryland,Montgomery County,5,6,62830,30810,32020,15991,15723,6925,8043,936,850,5068,5441,31,62,1859,1901,17671,17439,7775,8972,1457,1382,5882,6238,91,129,22203,23760,9959,9945,5983,7127,35,41,4915,5271,10,29,1301,1347,11135,11159,6570,7768,303,327,5560,5910,45,70,8607,8260,6032,5778,942,916,901,809,153,170,21,33,558,554,6536,6280,1205,1204,1154,1055,322,328,46,59
050,24,031,Maryland,Montgomery County,5,7,67706,32751,34955,17341,17515,7136,8445,856,922,5533,6191,41,27,1844,1855,18992,19169,7957,9319,1470,1503,6293,6953,108,93,24822,26460,11796,11593,6332,7473,40,42,5429,6061,11,10,1214,1281,12879,12735,6834,8053,343,352,6026,6672,59,59,7929,8495,5545,5922,804,972,816,880,104,130,30,17,630,574,6113,6434,1123,1266,1127,1151,267,281,49,34
050,24,031,Maryland,Montgomery County,5,8,73422,35147,38275,19385,19774,7318,8747,876,959,5837,6769,54,36,1677,1990,20886,21526,8012,9672,1470,1714,6549,7513,123,109,27052,29620,13661,13834,6475,7810,50,41,5734,6636,16,12,1116,1287,14653,14961,6906,8387,339,407,6305,7232,62,53,8095,8655,5724,5940,843,937,826,918,103,133,38,24,561,703,6233,6565,1106,1285,1131,1307,244,281,61,56
050,24,031,Maryland,Montgomery County,5,9,74687,35201,39486,19549,20503,7570,9080,894,923,5673,7126,50,45,1465,1809,20847,22085,8168,9935,1505,1672,6245,7776,110,111,26741,30621,13526,14169,6727,8206,43,56,5548,7010,18,9,879,1171,14292,15174,7071,8734,317,441,5970,7522,49,51,8460,8865,6023,6334,843,874,851,867,125,116,32,36,586,638,6555,6911,1097,1201,1188,1231,275,254,61,60
050,24,031,Maryland,Montgomery County,5,10,69196,32523,36673,17788,18571,6840,8589,828,755,5852,7366,47,46,1168,1346,18803,19744,7310,9194,1322,1321,6292,7857,96,98,25151,28696,12431,12665,6163,7837,43,37,5752,7238,18,26,744,893,13059,13426,6445,8225,291,349,6111,7639,47,64,7372,7977,5357,5906,677,752,785,718,100,128,29,20,424,453,5744,6318,865,969,1031,972,181,218,49,34
050,24,031,Maryland,Montgomery County,5,11,70276,33022,37254,18716,19628,6583,8269,698,725,5988,7323,35,41,1002,1268,19587,20731,6977,8824,1147,1287,6367,7778,74,78,26564,30405,13792,14515,6086,7658,44,57,5936,7255,8,16,698,904,14391,15281,6352,8050,299,398,6247,7636,35,47,6458,6849,4924,5113,497,611,654,668,52,68,27,25,304,364,5196,5450,625,774,848,889,120,142,39,31
050,24,031,Maryland,Montgomery County,5,12,68287,32063,36224,19046,20305,6191,7564,559,551,5368,6674,23,29,876,1101,19818,21255,6528,8050,975,1091,5666,7020,58,64,26460,30259,14747,15699,5760,7077,35,56,5300,6621,14,16,604,790,15271,16371,5983,7415,280,410,5544,6905,38,42,5603,5965,4299,4606,431,487,524,495,68,53,9,13,272,311,4547,4884,545,635,695,681,122,115,20,22
050,24,031,Maryland,Montgomery County,5,13,66743,31171,35572,19416,20893,5511,7175,406,519,5027,6074,25,30,786,881,20102,21646,5815,7551,796,946,5273,6356,52,77,26885,30425,16071,16939,5220,6753,38,43,4982,6011,14,17,560,662,16553,17493,5419,7036,291,339,5191,6247,33,46,4286,5147,3345,3954,291,422,368,476,45,63,11,13,226,219,3549,4153,396,515,505,607,82,109,19,31
050,24,031,Maryland,Montgomery County,5,14,58680,27088,31592,17600,19309,4177,5823,280,342,4468,5410,4,3,559,705,18085,19896,4375,6141,544,707,4672,5620,30,30,24035,27729,15155,16253,3941,5503,38,52,4450,5367,2,2,449,552,15539,16707,4094,5754,234,316,4638,5548,21,21,3053,3863,2445,3056,236,320,242,290,18,43,2,1,110,153,2546,3189,281,387,310,391,34,72,9,9
050,24,031,Maryland,Montgomery County,5,15,47384,21163,26221,14347,16586,2936,4523,179,227,3294,4358,12,7,395,520,14689,17029,3082,4764,372,496,3425,4502,25,35,19215,23518,12767,14472,2814,4279,27,26,3275,4339,4,5,328,397,13049,14806,2931,4464,182,226,3396,4453,13,24,1948,2703,1580,2114,122,244,152,201,19,19,8,2,67,123,1640,2223,151,300,190,270,29,49,12,11
050,24,031,Maryland,Montgomery County,5,16,35662,15621,20041,10833,13217,1930,3143,98,132,2514,3175,4,16,242,358,11036,13532,2017,3298,224,336,2595,3266,11,33,14466,18176,9892,11712,1860,2996,14,29,2503,3154,3,15,194,270,10052,11946,1933,3117,103,170,2572,3231,9,26,1155,1865,941,1505,70,147,84,103,11,21,1,1,48,88,984,1586,84,181,121,166,23,35,2,7
050,24,031,Maryland,Montgomery County,5,17,22993,9723,13270,6692,8895,1066,1922,55,85,1758,2105,1,4,151,259,6822,9105,1122,2053,132,218,1812,2181,8,18,9061,12031,6127,7850,1041,1856,10,8,1754,2093,1,0,128,224,6235,8031,1089,1968,72,121,1802,2161,8,10,662,1239,565,1045,25,66,45,77,4,12,0,4,23,35,587,1074,33,85,60,97,10,20,0,8
050,24,031,Maryland,Montgomery County,5,18,23182,8598,14584,6107,10397,870,1971,25,56,1436,1952,3,8,157,200,6243,10559,935,2057,89,151,1494,2022,9,18,8064,13450,5618,9406,859,1912,15,13,1436,1941,3,8,133,170,5735,9543,915,1987,65,90,1485,2001,6,15,534,1134,489,991,11,59,10,43,0,11,0,0,24,30,508,1016,20,70,24,61,9,21,3,3
050,24,031,Maryland,Montgomery County,6,0,1073045,514926,558119,285894,300308,104265,120724,12423,12132,82545,93591,498,559,29301,30805,312351,327859,117886,135818,20922,21509,95246,106186,1370,1551,400744,439218,206225,216928,93079,108890,689,725,80714,91490,154,210,19883,20975,224066,235570,101914,118771,5099,5792,90540,101268,692,835,114182,118901,79669,83380,11186,11834,11734,11407,1831,2101,344,349,9418,9830,88285,92289,15972,17047,15823,15717,4706,4918,678,716
050,24,031,Maryland,Montgomery County,6,1,59462,30372,29090,14656,13936,6802,6415,1310,1241,4261,4079,25,18,3318,3401,17713,17081,8492,8158,1896,1869,5880,5729,94,94,21014,19656,8926,8273,5698,5446,53,47,4050,3643,10,4,2277,2243,11027,10346,6784,6514,324,308,5283,4875,55,47,9358,9434,5730,5663,1104,969,1257,1194,211,436,15,14,1041,1158,6686,6735,1708,1644,1572,1561,597,854,39,47
050,24,031,Maryland,Montgomery County,6,2,65005,33289,31716,16334,15518,7764,7471,832,867,4560,4325,27,58,3772,3477,19804,18725,9677,9257,1564,1540,6343,5934,118,144,24004,22846,10490,9932,6682,6408,43,26,4350,4145,6,11,2433,2324,12730,12078,7856,7525,356,328,5646,5368,53,61,9285,8870,5844,5586,1082,1063,789,841,210,180,21,47,1339,1153,7074,6647,1821,1732,1208,1212,697,566,65,83
050,24,031,Maryland,Montgomery County,6,3,69226,35508,33718,17268,16294,8321,8022,1142,1016,5072,4844,35,46,3670,3496,20627,19485,10177,9834,1953,1755,6781,6437,122,133,25653,24517,11014,10549,7206,6906,47,29,4855,4634,7,9,2524,2390,13324,12725,8431,8105,426,388,6166,5846,59,65,9855,9201,6254,5745,1115,1116,1095,987,217,210,28,37,1146,1106,7303,6760,1746,1729,1527,1367,615,591,63,68
050,24,031,Maryland,Montgomery County,6,4,68982,35657,33325,18083,17054,8105,7653,1187,946,4870,4540,34,28,3378,3104,21159,19871,9833,9269,1985,1692,6347,5864,110,120,25124,23606,10985,10412,7039,6726,62,53,4701,4379,12,10,2325,2026,13098,12243,8207,7748,460,390,5827,5367,56,61,10533,9719,7098,6642,1066,927,1125,893,169,161,22,18,1053,1078,8061,7628,1626,1521,1525,1302,520,497,54,59
050,24,031,Maryland,Montgomery County,6,5,61705,31466,30239,16318,15576,7115,6994,1097,860,4449,4212,51,55,2436,2542,18543,17850,8292,8282,1745,1497,5520,5306,114,137,22089,21618,9894,9604,6193,6126,50,56,4309,4066,10,22,1633,1744,11367,11169,6968,6996,364,384,5124,4905,52,71,9377,8621,6424,5972,922,868,1047,804,140,146,41,33,803,798,7176,6681,1324,1286,1381,1113,396,401,62,66
050,24,031,Maryland,Montgomery County,6,6,63043,31138,31905,16056,15599,7027,8037,960,869,5175,5412,39,65,1881,1923,17761,17333,7887,8992,1476,1398,6003,6210,98,133,22224,23462,9853,9706,6041,7109,45,51,4997,5256,8,26,1280,1314,11012,10894,6613,7740,299,319,5639,5876,41,68,8914,8443,6203,5893,986,928,915,818,178,156,31,39,601,609,6749,6439,1274,1252,1177,1079,364,334,57,65
050,24,031,Maryland,Montgomery County,6,7,67423,32611,34812,16963,17289,7049,8348,915,933,5709,6359,39,27,1936,1856,18697,18954,7920,9223,1548,1490,6509,7135,113,98,24551,26228,11369,11269,6267,7409,37,39,5591,6213,8,7,1279,1291,12512,12421,6801,7999,349,334,6222,6833,54,57,8060,8584,5594,6020,782,939,878,894,118,146,31,20,657,565,6185,6533,1119,1224,1199,1156,287,302,59,41
050,24,031,Maryland,Montgomery County,6,8,73378,35187,38191,19273,19577,7269,8665,856,964,6017,6853,45,36,1727,2096,20816,21430,7983,9654,1441,1732,6761,7642,115,119,27164,29481,13595,13589,6458,7750,54,45,5902,6725,8,13,1147,1359,14610,14784,6899,8366,332,411,6498,7357,57,60,8023,8710,5678,5988,811,915,802,919,115,128,37,23,580,737,6206,6646,1084,1288,1109,1321,263,285,58,59
050,24,031,Maryland,Montgomery County,6,9,75484,35746,39738,19668,20549,7753,9077,906,920,5786,7238,54,42,1579,1912,21070,22221,8401,9987,1543,1710,6425,7928,118,120,27422,30877,13778,14305,6918,8171,44,61,5665,7129,27,7,990,1204,14644,15337,7302,8717,347,450,6148,7662,60,56,8324,8861,5890,6244,835,906,862,859,121,109,27,35,589,708,6426,6884,1099,1270,1196,1260,277,266,58,64
050,24,031,Maryland,Montgomery County,6,10,70472,33012,37460,17994,19016,7086,8775,818,750,5800,7404,47,48,1267,1467,19104,20292,7608,9446,1346,1365,6275,7936,96,108,25442,29209,12533,12910,6375,7983,38,33,5691,7283,15,28,790,972,13205,13739,6678,8407,293,364,6073,7716,45,67,7570,8251,5461,6106,711,792,780,717,109,121,32,20,477,495,5899,6553,930,1039,1053,1001,202,220,51,41
050,24,031,Maryland,Montgomery County,6,11,69541,32843,36698,18438,19156,6623,8242,741,719,6030,7304,33,36,978,1241,19287,20238,7006,8784,1168,1260,6408,7752,75,76,26078,29601,13292,13810,6101,7635,44,54,5963,7225,7,13,671,864,13867,14545,6357,8007,280,371,6269,7592,32,42,6765,7097,5146,5346,522,607,697,665,67,79,26,23,307,377,5420,5693,649,777,888,889,139,160,43,34
050,24,031,Maryland,Montgomery County,6,12,67371,31463,35908,18484,19865,6115,7556,518,619,5400,6699,16,32,930,1137,19302,20843,6465,8061,948,1167,5734,7052,52,72,25851,29794,14144,15241,5680,7047,34,55,5336,6635,5,16,652,800,14707,15923,5919,7387,292,398,5611,6922,29,45,5612,6114,4340,4624,435,509,484,564,64,64,11,16,278,337,4595,4920,546,674,656,769,123,130,23,27
050,24,031,Maryland,Montgomery County,6,13,67134,31335,35799,19203,20685,5623,7219,458,543,5225,6401,30,32,796,919,19904,21465,5934,7611,853,988,5482,6700,59,73,26770,30404,15681,16512,5308,6797,39,47,5171,6343,20,17,551,688,16159,17089,5504,7087,288,352,5383,6591,37,44,4565,5395,3522,4173,315,422,419,496,54,58,10,15,245,231,3745,4376,430,524,565,636,99,109,22,29
050,24,031,Maryland,Montgomery County,6,14,59595,27503,32092,17595,19310,4361,6062,288,371,4638,5559,5,5,616,785,18127,19966,4584,6417,584,777,4860,5797,32,33,24274,28014,15027,16094,4128,5740,28,50,4615,5516,2,3,474,611,15429,16600,4291,6015,239,346,4812,5719,23,23,3229,4078,2568,3216,233,322,260,321,23,43,3,2,142,174,2698,3366,293,402,345,431,48,78,9,10
050,24,031,Maryland,Montgomery County,6,15,49135,21951,27184,14754,17086,3133,4730,211,236,3424,4571,11,6,418,555,15116,17552,3287,4986,411,521,3573,4723,25,31,19815,24189,13025,14734,2991,4464,29,26,3411,4542,4,4,355,419,13331,15080,3118,4662,189,232,3549,4663,17,22,2136,2995,1729,2352,142,266,182,210,13,29,7,2,63,136,1785,2472,169,324,222,289,24,60,8,9
050,24,031,Maryland,Montgomery County,6,16,37551,16504,21047,11366,13693,2070,3332,102,150,2696,3461,5,11,265,400,11588,14045,2164,3508,232,376,2785,3555,14,22,15249,19042,10330,12095,1990,3170,22,29,2680,3439,3,10,224,299,10515,12355,2073,3298,126,183,2758,3523,11,19,1255,2005,1036,1598,80,162,80,121,16,22,2,1,41,101,1073,1690,91,210,106,193,27,32,3,3
050,24,031,Maryland,Montgomery County,6,17,24386,10293,14093,7118,9524,1129,2052,59,82,1845,2175,0,6,142,254,7242,9731,1177,2177,127,213,1902,2250,3,16,9563,12791,6512,8389,1096,1992,4,7,1839,2174,0,2,112,227,6606,8573,1137,2102,55,126,1884,2242,3,8,730,1302,606,1135,33,60,55,75,6,1,0,4,30,27,636,1158,40,75,72,87,18,8,0,8
050,24,031,Maryland,Montgomery County,6,18,24152,9048,15104,6323,10581,920,2074,23,46,1588,2155,2,8,192,240,6491,10777,999,2172,102,159,1658,2236,12,22,8457,13883,5777,9504,908,2011,16,17,1588,2143,2,8,166,200,5923,9669,976,2096,80,108,1648,2211,8,19,591,1221,546,1077,12,63,7,29,0,12,0,0,26,40,568,1108,23,76,22,51,10,25,4,3
050,24,031,Maryland,Montgomery County,7,0,1074582,515407,559175,284729,299341,104434,120903,12768,12588,83068,94251,499,566,29909,31526,311771,327548,118356,136391,21338,22169,96073,107222,1408,1581,399815,438423,204312,215017,93157,109029,687,712,81214,92106,150,210,20295,21349,222571,233994,102172,119099,5137,5871,91277,102130,725,837,115592,120752,80417,84324,11277,11874,12081,11876,1854,2145,349,356,9614,10177,89200,93554,16184,17292,16201,16298,4796,5092,683,744
050,24,031,Maryland,Montgomery County,7,1,58585,30012,28573,14529,13753,6685,6181,1324,1249,4130,3965,28,13,3316,3412,17590,16896,8371,7945,1914,1894,5748,5611,100,90,20390,19043,8684,8068,5507,5199,47,50,3912,3528,9,1,2231,2197,10748,10089,6566,6249,310,307,5127,4735,55,38,9622,9530,5845,5685,1178,982,1277,1199,218,437,19,12,1085,1215,6842,6807,1805,1696,1604,1587,621,876,45,52
050,24,031,Maryland,Montgomery County,7,2,64289,32764,31525,16066,15387,7571,7422,881,1015,4539,4245,31,65,3676,3391,19461,18514,9432,9171,1579,1673,6291,5825,110,139,23628,22504,10269,9801,6525,6390,42,28,4365,4027,9,10,2418,2248,12504,11876,7689,7471,354,320,5659,5218,55,55,9136,9021,5797,5586,1046,1032,839,987,174,218,22,55,1258,1143,6957,6638,1743,1700,1225,1353,632,607,55,84
050,24,031,Maryland,Montgomery County,7,3,68393,34971,33422,16984,16073,8107,7877,1156,1051,5029,4825,28,47,3667,3549,20351,19316,9965,9715,1937,1788,6751,6451,121,133,25274,24249,10883,10411,7021,6773,44,28,4790,4642,3,11,2533,2384,13209,12587,8250,7962,415,375,6116,5865,62,61,9697,9173,6101,5662,1086,1104,1112,1023,239,183,25,36,1134,1165,7142,6729,1715,1753,1522,1413,635,586,59,72
050,24,031,Maryland,Montgomery County,7,4,68752,35564,33188,17804,16731,8115,7696,1314,982,4836,4508,32,29,3463,3242,20962,19678,9903,9395,2124,1752,6352,5898,117,124,24820,23468,10721,10223,7036,6759,55,48,4670,4313,10,11,2328,2114,12845,12134,8210,7832,442,393,5805,5348,63,64,10744,9720,7083,6508,1079,937,1259,934,166,195,22,18,1135,1128,8117,7544,1693,1563,1682,1359,547,550,54,60
050,24,031,Maryland,Montgomery County,7,5,61605,31480,30125,16323,15542,6956,6854,1122,890,4415,4196,54,53,2610,2590,18709,17869,8222,8175,1793,1552,5569,5309,122,131,21981,21334,9807,9488,6059,5959,48,51,4270,4055,9,18,1788,1763,11425,11072,6910,6845,388,386,5156,4899,50,66,9499,8791,6516,6054,897,895,1074,839,145,141,45,35,822,827,7284,6797,1312,1330,1405,1166,413,410,72,65
050,24,031,Maryland,Montgomery County,7,6,63648,31417,32231,15960,15679,7274,8158,942,850,5257,5456,38,65,1946,2023,17728,17513,8175,9169,1478,1415,6107,6298,95,129,22424,23581,9752,9623,6249,7262,41,50,5093,5302,10,21,1279,1323,10918,10824,6824,7898,287,314,5736,5939,44,57,8993,8650,6208,6056,1025,896,901,800,164,154,28,44,667,700,6810,6689,1351,1271,1191,1101,371,359,51,72
050,24,031,Maryland,Montgomery County,7,7,65553,31580,33973,16237,16645,6915,8265,899,939,5692,6282,42,30,1795,1812,17850,18274,7724,9124,1447,1462,6459,7047,110,94,23678,25533,10705,10719,6125,7335,40,43,5551,6134,7,11,1250,1291,11823,11875,6655,7931,333,334,6172,6755,53,59,7902,8440,5532,5926,790,930,859,896,141,148,35,19,545,521,6027,6399,1069,1193,1114,1128,287,292,57,35
050,24,031,Maryland,Montgomery County,7,8,72943,35066,37877,19006,19372,7189,8592,885,1015,6009,6786,41,35,1936,2077,20741,21207,8004,9582,1546,1750,6823,7589,129,118,26991,29126,13347,13327,6451,7699,59,48,5881,6667,10,16,1243,1369,14450,14526,6940,8327,357,407,6520,7314,66,63,8075,8751,5659,6045,738,893,826,967,128,119,31,19,693,708,6291,6681,1064,1255,1189,1343,303,275,63,55
050,24,031,Maryland,Montgomery County,7,9,75564,35867,39697,19730,20535,7755,8909,900,912,5848,7231,52,39,1582,2071,21131,22335,8394,9896,1500,1753,6509,7989,121,129,27739,30886,13976,14401,6901,8013,51,39,5750,7125,23,8,1038,1300,14884,15519,7301,8594,356,447,6267,7711,62,63,8128,8811,5754,6134,854,896,849,873,98,106,29,31,544,771,6247,6816,1093,1302,1144,1306,242,278,59,66
050,24,031,Maryland,Montgomery County,7,10,71655,33722,37933,18480,19331,7221,8849,876,834,5704,7316,38,45,1403,1558,19699,20686,7807,9562,1452,1485,6229,7882,102,106,25789,29469,12789,13152,6495,8023,45,44,5589,7195,14,23,857,1032,13515,14031,6826,8475,313,397,6008,7655,51,64,7933,8464,5691,6179,726,826,831,790,115,121,24,22,546,526,6184,6655,981,1087,1139,1088,221,227,51,42
050,24,031,Maryland,Montgomery County,7,11,68484,32300,36184,17904,18684,6592,8183,723,694,6068,7313,45,42,968,1268,18753,19787,6970,8734,1144,1235,6448,7791,82,87,25436,28944,12710,13183,6050,7567,35,44,5985,7221,10,19,646,910,13270,13957,6289,7961,252,371,6286,7618,36,53,6864,7240,5194,5501,542,616,688,650,83,92,35,23,322,358,5483,5830,681,773,892,864,162,173,46,34
050,24,031,Maryland,Montgomery County,7,12,67367,31420,35947,18320,19618,6158,7661,524,663,5454,6821,19,28,945,1156,19151,20621,6520,8178,949,1212,5801,7193,53,62,25806,29699,13946,14938,5735,7137,45,59,5398,6757,7,9,675,799,14531,15623,5988,7478,305,395,5683,7058,30,33,5614,6248,4374,4680,423,524,479,604,56,64,12,19,270,357,4620,4998,532,700,644,817,118,135,23,29
050,24,031,Maryland,Montgomery County,7,13,66679,31080,35599,18855,20344,5609,7197,488,538,5278,6492,24,32,826,996,19580,21195,5935,7613,884,1016,5548,6817,50,84,26240,30066,15117,16047,5272,6761,38,43,5218,6446,18,22,577,747,15616,16677,5477,7075,290,376,5441,6719,37,58,4840,5533,3738,4297,337,436,450,495,60,46,6,10,249,249,3964,4518,458,538,594,640,107,98,13,26
050,24,031,Maryland,Montgomery County,7,14,60101,27815,32286,17532,19185,4597,6224,302,412,4690,5644,9,15,685,806,18127,19862,4834,6582,637,820,4930,5897,38,47,24438,27986,14895,15807,4352,5906,24,46,4659,5586,3,9,505,632,15326,16335,4518,6192,247,349,4870,5800,23,30,3377,4300,2637,3378,245,318,278,366,31,58,6,6,180,174,2801,3527,316,390,390,471,60,97,15,17
050,24,031,Maryland,Montgomery County,7,15,50787,22695,28092,15105,17510,3324,4919,230,268,3591,4791,10,6,435,598,15487,18016,3478,5198,433,567,3754,4963,25,42,20357,24877,13203,14964,3161,4650,30,37,3582,4763,3,4,378,459,13534,15346,3293,4865,202,258,3732,4904,14,28,2338,3215,1902,2546,163,269,200,231,9,28,7,2,57,139,1953,2670,185,333,231,309,22,59,11,14
050,24,031,Maryland,Montgomery County,7,16,39252,17213,22039,11803,14151,2152,3564,109,147,2845,3724,4,2,300,451,12054,14548,2266,3762,265,404,2944,3834,14,17,15822,19847,10669,12427,2059,3368,21,19,2826,3702,1,1,246,330,10875,12716,2155,3510,135,189,2912,3799,9,8,1391,2192,1134,1724,93,196,88,128,19,22,3,1,54,121,1179,1832,111,252,130,215,32,35,5,9
050,24,031,Maryland,Montgomery County,7,17,25739,10865,14874,7501,10061,1222,2182,69,95,1925,2292,3,12,145,232,7625,10252,1277,2297,143,213,1977,2363,7,25,10090,13482,6857,8848,1182,2123,7,18,1919,2286,3,8,122,199,6958,9011,1229,2221,65,117,1968,2349,7,17,775,1392,644,1213,40,59,62,77,6,6,0,4,23,33,667,1241,48,76,78,96,9,14,0,8
050,24,031,Maryland,Montgomery County,7,18,25186,9576,15610,6590,10740,992,2170,24,34,1758,2364,1,8,211,294,6772,10979,1079,2293,113,178,1833,2465,12,24,8912,14329,5982,9590,977,2105,15,17,1756,2357,1,8,181,252,6140,9796,1052,2213,86,136,1819,2444,8,20,664,1281,608,1150,15,65,9,17,2,7,0,0,30,42,632,1183,27,80,27,42,14,21,4,4
050,24,033,Maryland,Prince George's County,1,0,967231,460110,507121,122226,116467,279963,330955,14988,13475,22129,22957,667,740,20137,22527,137938,133446,293470,347027,23227,22953,27515,28493,1347,1528,353833,407718,56567,56016,264028,314824,975,1056,20569,21480,136,229,11558,14113,64798,65747,272661,325969,4816,6227,24121,25355,526,706,106277,99403,65659,60451,15935,16131,14013,12419,1560,1477,531,511,8579,8414,73140,67699,20809,21058,18411,16726,3394,3138,821,822
050,24,033,Maryland,Prince George's County,1,1,58897,30000,28897,7521,7175,17357,16845,1170,1084,1212,1112,42,42,2698,2639,9749,9355,19282,18677,1927,1843,2062,1947,119,115,20456,19663,2361,2133,15706,15205,70,57,1024,955,6,4,1289,1309,3343,3130,16702,16186,316,298,1494,1455,38,36,9544,9234,5160,5042,1651,1640,1100,1027,188,157,36,38,1409,1330,6406,6225,2580,2491,1611,1545,568,492,81,79
050,24,033,Maryland,Prince George's County,1,2,58317,29639,28678,7168,6838,17822,17357,1267,1184,1108,1019,63,58,2211,2222,8988,8642,19387,18947,1974,1932,1789,1639,113,128,20167,19516,1879,1757,16142,15735,61,48,976,863,5,18,1104,1095,2736,2579,17012,16596,301,304,1369,1244,31,56,9472,9162,5289,5081,1680,1622,1206,1136,132,156,58,40,1107,1127,6252,6063,2375,2351,1673,1628,420,395,82,72
050,24,033,Maryland,Prince George's County,1,3,60391,30742,29649,7547,6880,18881,18719,1175,1122,1056,953,59,52,2024,1923,9156,8366,20342,20120,1922,1779,1563,1473,108,117,21037,20500,1661,1447,17333,17163,60,44,901,816,5,3,1077,1027,2443,2155,18227,18020,346,316,1222,1142,29,33,9705,9149,5886,5433,1548,1556,1115,1078,155,137,54,49,947,896,6713,6211,2115,2100,1576,1463,341,331,79,84
050,24,033,Maryland,Prince George's County,1,4,65485,33473,32012,9290,8651,19048,18671,1195,1076,1977,1728,48,71,1915,1815,10790,10076,20387,19962,1857,1707,2569,2250,110,142,24354,23799,3759,3671,17629,17390,55,62,1809,1597,1,8,1101,1071,4548,4440,18468,18211,327,337,2220,1971,41,50,9119,8213,5531,4980,1419,1281,1140,1014,168,131,47,63,814,744,6242,5636,1919,1751,1530,1370,349,279,69,92
050,24,033,Maryland,Prince George's County,1,5,73067,37225,35842,11516,9919,19724,20465,1259,1097,2755,2372,56,63,1915,1926,13063,11441,20960,21768,1951,1750,3362,2978,111,123,28150,27580,5894,4945,18361,19145,73,49,2629,2248,13,17,1180,1176,6786,5824,19185,20001,390,344,3064,2692,53,46,9075,8262,5622,4974,1363,1320,1186,1048,126,124,43,46,735,750,6277,5617,1775,1767,1561,1406,298,286,58,77
050,24,033,Maryland,Prince George's County,1,6,72458,35499,36959,9386,8339,20838,23503,1352,1142,2175,2117,63,55,1685,1803,10720,9762,21904,24755,2020,1866,2633,2540,134,131,26542,28532,3925,3342,19519,22062,89,52,2054,1990,17,10,938,1076,4618,4150,20194,22908,364,375,2367,2278,53,50,8957,8427,5461,4997,1319,1441,1263,1090,121,127,46,45,747,727,6102,5612,1710,1847,1656,1491,266,262,81,81
050,24,033,Maryland,Prince George's County,1,7,71947,34728,37219,10062,9276,19897,23131,1424,1327,1844,1740,57,62,1444,1683,11178,10556,20814,24262,2072,2052,2219,2169,120,123,25230,28225,4118,3735,18539,21712,51,90,1704,1612,3,22,815,1054,4683,4477,19126,22496,333,450,1950,1922,42,63,9498,8994,5944,5541,1358,1419,1373,1237,140,128,54,40,629,629,6495,6079,1688,1766,1739,1602,269,247,78,60
050,24,033,Maryland,Prince George's County,1,8,67692,32638,35054,9756,8688,18534,22009,1577,1305,1455,1463,56,71,1260,1518,10749,9818,19283,23071,2175,2018,1766,1808,113,142,22673,26307,3431,3208,17163,20754,72,62,1325,1332,11,16,671,935,3916,3838,17627,21509,309,413,1526,1591,41,57,9965,8747,6325,5480,1371,1255,1505,1243,130,131,45,55,589,583,6833,5980,1656,1562,1866,1605,240,217,72,85
050,24,033,Maryland,Prince George's County,1,9,62357,29626,32731,8622,7713,17219,21124,1346,1103,1282,1387,53,68,1104,1336,9463,8647,17909,22104,1923,1785,1558,1663,99,125,20630,24795,2726,2564,16100,20013,58,68,1162,1281,9,17,575,852,3103,3096,16534,20730,293,441,1339,1470,34,52,8996,7936,5896,5149,1119,1111,1288,1035,120,106,44,51,529,484,6360,5551,1375,1374,1630,1344,219,193,65,73
050,24,033,Maryland,Prince George's County,1,10,60114,28170,31944,7020,6319,18084,22118,997,812,1162,1444,46,33,861,1218,7625,7165,18636,22980,1452,1450,1346,1685,107,79,21313,25991,2500,2448,17166,21265,50,74,1069,1339,7,13,521,852,2818,2988,17557,21949,276,466,1212,1537,45,48,6857,5953,4520,3871,918,853,947,738,93,105,39,20,340,366,4807,4177,1079,1031,1176,984,134,148,62,31
050,24,033,Maryland,Prince George's County,1,11,62754,28760,33994,6590,6064,19397,24723,730,665,1214,1421,39,38,790,1083,7152,6776,19912,25539,1175,1268,1359,1624,68,85,23580,29308,3075,3020,18748,23992,47,78,1154,1363,15,16,541,839,3419,3525,19157,24692,315,505,1265,1535,38,56,5180,4686,3515,3044,649,731,683,587,60,58,24,22,249,244,3733,3251,755,847,860,763,94,89,30,29
050,24,033,Maryland,Prince George's County,1,12,64507,29325,35182,6780,6426,20100,25864,569,469,1142,1385,40,43,694,995,7256,7078,20572,26636,972,1033,1249,1542,59,63,25568,31521,4298,4031,19570,25250,77,80,1090,1340,17,26,516,794,4622,4526,19955,25915,349,515,1176,1464,29,44,3757,3661,2482,2395,530,614,492,389,52,45,23,17,178,201,2634,2552,617,721,623,518,73,78,30,19
050,24,033,Maryland,Prince George's County,1,13,57434,25865,31569,6230,6210,17523,22707,404,405,1131,1441,16,36,561,770,6616,6717,17887,23296,729,837,1233,1564,33,53,23235,29012,4544,4588,17094,22247,64,83,1099,1422,6,20,428,652,4816,4996,17388,22782,309,438,1183,1532,14,32,2630,2557,1686,1622,429,460,340,322,32,19,10,16,133,118,1800,1721,499,514,420,399,50,32,19,21
050,24,033,Maryland,Prince George's County,1,14,46220,19877,26343,4971,5196,13323,19062,232,292,939,1197,11,13,401,583,5247,5575,13586,19489,476,665,1016,1285,22,28,18273,24575,3916,4087,13068,18734,50,77,922,1175,10,11,307,491,4117,4391,13273,19120,233,385,985,1252,17,23,1604,1768,1055,1109,255,328,182,215,17,22,1,2,94,92,1130,1184,313,369,243,280,31,33,5,5
050,24,033,Maryland,Prince George's County,1,15,35929,15113,20816,3719,4135,10247,15113,144,163,741,941,9,10,253,454,3908,4455,10427,15463,289,417,785,1004,10,31,14213,19683,3127,3409,10086,14892,44,51,727,928,6,7,223,396,3286,3675,10251,15218,171,272,768,980,7,26,900,1133,592,726,161,221,100,112,14,13,3,3,30,58,622,780,176,245,118,145,17,24,3,5
050,24,033,Maryland,Prince George's County,1,16,22897,9437,13460,2573,3248,6178,9249,76,115,447,561,2,11,161,276,2690,3434,6288,9461,165,273,468,603,8,20,8910,12771,2213,2790,6092,9135,30,37,441,553,2,7,132,249,2305,2950,6195,9328,99,178,455,590,5,14,527,689,360,458,86,114,46,78,6,8,0,4,29,27,385,484,93,133,66,95,13,13,3,6
050,24,033,Maryland,Prince George's County,1,17,13991,5639,8352,1717,2358,3487,5441,49,58,301,339,3,10,82,146,1766,2454,3550,5552,92,147,327,355,6,13,5357,7939,1524,2084,3443,5358,19,26,296,334,0,10,75,127,1568,2166,3504,5457,59,105,317,347,3,11,282,413,193,274,44,83,30,32,5,5,3,0,7,19,198,288,46,95,33,42,10,8,3,2
050,24,033,Maryland,Prince George's County,1,18,12774,4354,8420,1758,3032,2304,4854,22,56,188,337,4,4,78,137,1822,3129,2344,4945,56,131,211,364,7,10,4145,8001,1616,2757,2269,4772,5,18,187,332,3,4,65,118,1671,2841,2306,4851,26,85,209,353,6,9,209,419,142,275,35,82,17,38,1,5,1,0,13,19,151,288,38,94,30,46,2,11,1,1
050,24,033,Maryland,Prince George's County,2,0,965578,459329,506249,122028,116411,279352,330080,15097,13568,22001,22862,678,747,20173,22581,138019,133873,292842,345697,24245,24014,27044,28242,1365,1524,352800,406516,56209,55696,263406,313955,969,1047,20454,21393,143,234,11619,14191,65042,66209,271190,323820,5419,6957,23839,25187,496,683,106529,99733,65819,60715,15946,16125,14128,12521,1547,1469,535,513,8554,8390,72977,67664,21652,21877,18826,17057,3205,3055,869,841
050,24,033,Maryland,Prince George's County,2,1,58516,29825,28691,7527,7182,17166,16634,1223,1143,1196,1085,43,36,2670,2611,9767,9377,19130,18552,2059,1957,1940,1821,115,103,20258,19457,2340,2128,15537,15024,63,52,1008,934,7,5,1303,1314,3415,3212,16494,15993,342,328,1437,1371,41,30,9567,9234,5187,5054,1629,1610,1160,1091,188,151,36,31,1367,1297,6352,6165,2636,2559,1717,1629,503,450,74,73
050,24,033,Maryland,Prince George's County,2,2,57966,29455,28511,7173,6836,17635,17205,1266,1172,1093,1010,62,63,2226,2225,9020,8681,19256,18856,2031,1946,1702,1588,128,136,19997,19368,1890,1757,15967,15579,63,48,958,857,5,20,1114,1107,2800,2657,16788,16401,334,326,1311,1204,38,51,9458,9143,5283,5079,1668,1626,1203,1124,135,153,57,43,1112,1118,6220,6024,2468,2455,1697,1620,391,384,90,85
050,24,033,Maryland,Prince George's County,2,3,60194,30633,29561,7538,6872,18780,18632,1174,1129,1050,941,61,50,2030,1937,9196,8442,20248,20044,1958,1840,1593,1452,120,97,20936,20418,1654,1445,17242,17085,60,45,900,805,6,4,1074,1034,2517,2263,18029,17855,359,334,1239,1121,31,26,9697,9143,5884,5427,1538,1547,1114,1084,150,136,55,46,956,903,6679,6179,2219,2189,1599,1506,354,331,89,71
050,24,033,Maryland,Prince George's County,2,4,64770,33053,31717,9157,8563,18814,18485,1186,1082,1931,1703,50,71,1915,1813,10709,10034,20108,19745,1902,1755,2502,2220,116,140,23984,23487,3661,3571,17391,17202,57,63,1767,1572,2,10,1106,1069,4540,4421,18135,17943,358,353,2158,1939,33,43,9069,8230,5496,4992,1423,1283,1129,1019,164,131,48,61,809,744,6169,5613,1973,1802,1544,1402,344,281,83,97
050,24,033,Maryland,Prince George's County,2,5,72927,37140,35787,11434,9947,19756,20406,1274,1088,2725,2355,54,64,1897,1927,12973,11475,21037,21733,2027,1806,3247,2897,113,134,28055,27512,5798,4926,18404,19100,70,49,2602,2234,10,16,1171,1187,6719,5859,19202,19921,430,385,2978,2625,41,53,9085,8275,5636,5021,1352,1306,1204,1039,123,121,44,48,726,740,6254,5616,1835,1812,1597,1421,269,272,72,81
050,24,033,Maryland,Prince George's County,2,6,72060,35389,36671,9350,8328,20798,23279,1342,1130,2157,2084,66,56,1676,1794,10667,9742,21898,24513,2109,1927,2569,2518,132,125,26475,28304,3906,3350,19486,21857,87,52,2035,1957,21,11,940,1077,4619,4182,20128,22615,430,442,2309,2254,49,49,8914,8367,5444,4978,1312,1422,1255,1078,122,127,45,45,736,717,6048,5560,1770,1898,1679,1485,260,264,83,76
050,24,033,Maryland,Prince George's County,2,7,71998,34810,37188,10038,9244,19994,23126,1421,1323,1842,1742,54,61,1461,1692,11184,10546,20929,24257,2154,2128,2190,2147,114,127,25366,28231,4138,3738,18640,21712,52,88,1702,1611,4,21,830,1061,4763,4528,19164,22430,394,521,1943,1908,35,66,9444,8957,5900,5506,1354,1414,1369,1235,140,131,50,40,631,631,6421,6018,1765,1827,1760,1607,247,239,79,61
050,24,033,Maryland,Prince George's County,2,8,67662,32639,35023,9780,8711,18503,21969,1561,1301,1469,1455,63,73,1263,1514,10762,9841,19278,22975,2244,2127,1762,1774,117,136,22717,26282,3480,3230,17140,20713,72,65,1339,1323,13,16,673,935,3965,3892,17567,21349,366,510,1542,1561,45,51,9922,8741,6300,5481,1363,1256,1489,1236,130,132,50,57,590,579,6797,5949,1711,1626,1878,1617,220,213,72,85
050,24,033,Maryland,Prince George's County,2,9,62790,29865,32925,8712,7797,17334,21205,1374,1122,1273,1386,56,67,1116,1348,9565,8780,18025,22113,2037,1895,1509,1674,99,118,20732,24879,2743,2578,16191,20079,54,66,1159,1281,10,18,575,857,3151,3162,16553,20663,342,501,1313,1493,27,48,9133,8046,5969,5219,1143,1126,1320,1056,114,105,46,49,541,491,6414,5618,1472,1450,1695,1394,196,181,72,70
050,24,033,Maryland,Prince George's County,2,10,59728,28003,31725,7038,6322,17882,21886,1008,824,1164,1440,45,38,866,1215,7683,7201,18424,22677,1518,1524,1353,1706,72,88,21081,25695,2484,2411,16956,21021,50,73,1067,1330,7,13,517,847,2838,2983,17282,21582,322,520,1211,1553,24,50,6922,6030,4554,3911,926,865,958,751,97,110,38,25,349,368,4845,4218,1142,1095,1196,1004,142,153,48,38
050,24,033,Maryland,Prince George's County,2,11,62670,28747,33923,6611,6097,19348,24588,743,667,1210,1424,38,38,797,1109,7192,6881,19821,25308,1237,1340,1373,1645,71,75,23484,29162,3035,2999,18687,23853,52,76,1150,1369,15,15,545,850,3410,3572,19019,24416,363,564,1279,1558,36,45,5263,4761,3576,3098,661,735,691,591,60,55,23,23,252,259,3782,3309,802,892,874,776,94,87,35,30
050,24,033,Maryland,Prince George's County,2,12,64385,29275,35110,6732,6384,20104,25828,564,478,1141,1382,41,46,693,992,7231,7078,20521,26480,1002,1121,1271,1545,61,73,25477,31422,4222,3977,19564,25212,69,79,1091,1336,15,28,516,790,4572,4511,19877,25733,376,579,1197,1473,28,49,3798,3688,2510,2407,540,616,495,399,50,46,26,18,177,202,2659,2567,644,747,626,542,74,72,33,24
050,24,033,Maryland,Prince George's County,2,13,57668,25994,31674,6244,6205,17619,22789,420,413,1127,1453,16,35,568,779,6662,6753,17960,23291,787,908,1226,1595,37,65,23320,29047,4529,4547,17184,22314,67,82,1095,1430,7,18,438,656,4834,4991,17446,22739,344,488,1181,1557,22,39,2674,2627,1715,1658,435,475,353,331,32,23,9,17,130,123,1828,1762,514,552,443,420,45,38,15,26
050,24,033,Maryland,Prince George's County,2,14,46297,19884,26413,4953,5212,13328,19106,240,294,947,1201,11,12,405,588,5245,5607,13568,19506,509,677,1022,1295,28,26,18253,24622,3887,4086,13064,18774,52,78,930,1181,10,9,310,494,4102,4401,13246,19118,250,397,996,1260,19,20,1631,1791,1066,1126,264,332,188,216,17,20,1,3,95,94,1143,1206,322,388,259,280,26,35,9,6
050,24,033,Maryland,Prince George's County,2,15,36233,15219,21014,3751,4147,10307,15270,153,170,738,955,9,12,261,460,3942,4470,10459,15579,324,463,782,1020,19,29,14292,19850,3144,3402,10142,15046,47,50,726,941,6,9,227,402,3307,3675,10276,15322,196,304,767,996,12,22,927,1164,607,745,165,224,106,120,12,14,3,3,34,58,635,795,183,257,128,159,15,24,7,7
050,24,033,Maryland,Prince George's County,2,16,23004,9437,13567,2567,3244,6183,9345,74,114,448,569,2,12,163,283,2682,3450,6280,9535,178,295,476,614,7,22,8913,12872,2210,2782,6094,9227,29,38,442,561,2,8,136,256,2302,2964,6179,9401,110,200,465,598,5,14,524,695,357,462,89,118,45,76,6,8,0,4,27,27,380,486,101,134,68,95,11,16,2,8
050,24,033,Maryland,Prince George's County,2,17,14010,5610,8400,1673,2326,3497,5512,49,58,302,342,3,9,86,153,1730,2425,3543,5623,103,156,323,372,8,18,5324,7982,1483,2050,3449,5428,19,24,296,337,0,9,77,134,1532,2137,3493,5527,66,109,314,362,5,17,286,418,190,276,48,84,30,34,6,5,3,0,9,19,198,288,50,96,37,47,9,10,3,1
050,24,033,Maryland,Prince George's County,2,18,12700,4351,8349,1750,2994,2304,4815,25,60,188,335,4,4,80,141,1809,3090,2357,4910,66,149,204,359,8,12,4136,7926,1605,2719,2268,4729,6,19,187,334,3,4,67,121,1656,2799,2312,4812,37,96,199,354,5,10,215,423,145,275,36,86,19,41,1,1,1,0,13,20,153,291,45,98,29,53,5,5,3,2
050,24,033,Maryland,Prince George's County,3,0,956631,455014,501617,121211,115612,275992,326036,15218,13734,21627,22738,682,746,20284,22751,137274,133180,289619,341835,24334,24151,26731,28198,1362,1524,347267,400859,54553,54088,259797,309836,941,1037,20060,21229,146,230,11770,14439,63512,64790,267695,319913,5420,6971,23508,25128,493,683,107747,100758,66658,61524,16195,16200,14277,12697,1567,1509,536,516,8514,8312,73762,68390,21924,21922,18914,17180,3223,3070,869,841
050,24,033,Maryland,Prince George's County,3,1,56539,28890,27649,7571,7086,16221,15647,1340,1299,1112,1058,45,29,2601,2530,9747,9207,18148,17514,2145,2075,1863,1791,110,98,19332,18585,2289,2109,14723,14162,60,56,942,899,11,4,1307,1355,3370,3227,15689,15160,345,340,1386,1352,43,33,9558,9064,5282,4977,1498,1485,1280,1243,170,159,34,25,1294,1175,6377,5980,2459,2354,1800,1735,477,439,67,65
050,24,033,Maryland,Prince George's County,3,2,56310,28688,27622,7179,6740,16872,16475,1253,1106,1089,962,56,61,2239,2278,9039,8632,18511,18164,1998,1885,1712,1546,118,135,19257,18585,1886,1715,15227,14852,66,50,924,823,4,15,1150,1130,2829,2637,16074,15694,340,332,1295,1174,29,44,9431,9037,5293,5025,1645,1623,1187,1056,165,139,52,46,1089,1148,6210,5995,2437,2470,1658,1553,417,372,89,91
050,24,033,Maryland,Prince George's County,3,3,59029,30005,29024,7438,6799,18335,18194,1134,1116,1044,942,59,46,1995,1927,9070,8360,19786,19614,1894,1812,1580,1450,113,92,20358,19954,1606,1452,16740,16642,58,39,904,805,5,5,1045,1011,2445,2255,17509,17400,346,312,1236,1113,25,25,9647,9070,5832,5347,1595,1552,1076,1077,140,137,54,41,950,916,6625,6105,2277,2214,1548,1500,344,337,88,67
050,24,033,Maryland,Prince George's County,3,4,62453,31847,30606,8825,8322,18083,17725,1157,1086,1804,1625,55,65,1923,1783,10383,9768,19389,18972,1866,1721,2377,2142,122,123,22836,22283,3379,3259,16640,16423,53,57,1634,1483,7,11,1123,1050,4278,4097,17391,17157,353,331,2032,1844,44,38,9011,8323,5446,5063,1443,1302,1104,1029,170,142,48,54,800,733,6105,5671,1998,1815,1513,1390,345,298,78,85
050,24,033,Maryland,Prince George's County,3,5,71491,36422,35069,11070,9833,19637,19903,1253,1069,2526,2300,59,69,1877,1895,12589,11339,20910,21207,1992,1754,3039,2841,113,144,27241,26657,5363,4644,18258,18588,70,49,2405,2176,8,9,1137,1191,6251,5584,19042,19407,413,377,2770,2572,35,48,9181,8412,5707,5189,1379,1315,1183,1020,121,124,51,60,740,704,6338,5755,1868,1800,1579,1377,269,269,78,96
050,24,033,Maryland,Prince George's County,3,6,69719,34360,35359,9221,8102,20063,22335,1313,1103,2089,1986,67,65,1607,1768,10492,9496,21131,23570,2025,1868,2492,2414,131,135,25475,27214,3750,3216,18737,20965,75,49,1959,1867,23,21,931,1096,4463,4062,19376,21745,401,435,2235,2170,51,59,8885,8145,5471,4886,1326,1370,1238,1054,130,119,44,44,676,672,6029,5434,1755,1825,1624,1433,257,244,80,76
050,24,033,Maryland,Prince George's County,3,7,71427,34759,36668,9846,9039,20189,22860,1334,1226,1834,1761,50,54,1506,1728,11030,10374,21162,24030,2083,2039,2197,2181,111,119,25603,27955,4194,3692,18787,21453,57,73,1695,1625,8,13,862,1099,4846,4517,19338,22202,414,516,1947,1942,43,59,9156,8713,5652,5347,1402,1407,1277,1153,139,136,42,41,644,629,6184,5857,1824,1828,1669,1523,250,239,68,60
050,24,033,Maryland,Prince George's County,3,8,67103,32220,34883,9700,8828,18194,21646,1503,1315,1479,1492,67,72,1277,1530,10689,9979,18991,22678,2179,2138,1788,1825,122,133,22539,26122,3548,3353,16858,20381,67,74,1356,1352,10,14,700,948,4059,4033,17298,21036,370,513,1569,1602,41,49,9681,8761,6152,5475,1336,1265,1436,1241,123,140,57,58,577,582,6630,5946,1693,1642,1809,1625,219,223,81,84
050,24,033,Maryland,Prince George's County,3,9,63810,30501,33309,8939,8049,17638,21258,1449,1179,1278,1379,61,65,1136,1379,9815,9057,18343,22199,2111,1952,1523,1683,108,120,20997,24956,2796,2645,16400,20068,43,70,1162,1275,11,22,585,876,3214,3247,16768,20674,329,506,1323,1501,25,56,9504,8353,6143,5404,1238,1190,1406,1109,116,104,50,43,551,503,6601,5810,1575,1525,1782,1446,200,182,83,64
050,24,033,Maryland,Prince George's County,3,10,57788,27226,30562,7173,6355,16841,20669,1098,875,1179,1429,46,45,889,1189,7833,7210,17394,21453,1620,1550,1361,1694,81,97,19898,24253,2387,2269,15880,19778,55,68,1067,1311,8,12,501,815,2726,2816,16197,20328,313,487,1207,1530,30,48,7328,6309,4786,4086,961,891,1043,807,112,118,38,33,388,374,5107,4394,1197,1125,1307,1063,154,164,51,49
050,24,033,Maryland,Prince George's County,3,11,62454,28691,33763,6702,6180,19139,24275,768,676,1208,1430,36,34,838,1168,7309,7009,19641,25031,1280,1379,1378,1666,69,73,23074,28703,2873,2876,18436,23491,52,79,1146,1374,15,11,552,872,3249,3461,18774,24070,352,569,1276,1570,37,38,5617,5060,3829,3304,703,784,716,597,62,56,21,23,286,296,4060,3548,867,961,928,810,102,96,32,35
050,24,033,Maryland,Prince George's County,3,12,63574,28812,34762,6495,6143,19832,25659,586,526,1143,1382,33,46,723,1006,7018,6843,20263,26312,1047,1172,1271,1548,59,74,24759,30883,3824,3617,19258,25039,48,73,1095,1328,7,29,527,797,4188,4150,19575,25563,363,570,1203,1473,23,52,4053,3879,2671,2526,574,620,538,453,48,54,26,17,196,209,2830,2693,688,749,684,602,68,75,36,22
050,24,033,Maryland,Prince George's County,3,13,58693,26560,32133,6300,6224,18099,23187,436,428,1101,1443,25,40,599,811,6732,6790,18465,23709,821,942,1209,1595,42,69,23715,29289,4443,4407,17650,22696,67,78,1070,1412,12,20,473,676,4768,4858,17934,23136,364,493,1163,1546,22,41,2845,2844,1857,1817,449,491,369,350,31,31,13,20,126,135,1964,1932,531,573,457,449,46,49,20,28
050,24,033,Maryland,Prince George's County,3,14,46701,20108,26593,4888,5212,13543,19239,264,282,982,1224,8,11,423,625,5194,5637,13785,19659,535,690,1062,1327,25,25,18356,24722,3737,4012,13262,18904,62,80,964,1203,8,7,323,516,3959,4346,13449,19261,264,412,1033,1291,19,19,1752,1871,1151,1200,281,335,202,202,18,21,0,4,100,109,1235,1291,336,398,271,278,29,36,6,6
050,24,033,Maryland,Prince George's County,3,15,38304,16046,22258,3932,4271,10874,16273,176,196,762,1010,10,15,292,493,4145,4607,11047,16609,364,512,811,1078,19,35,15026,20967,3272,3455,10695,16016,53,51,750,995,7,15,249,435,3447,3744,10843,16318,216,328,792,1056,14,33,1020,1291,660,816,179,257,123,145,12,15,3,0,43,58,698,863,204,291,148,184,19,22,5,2
050,24,033,Maryland,Prince George's County,3,16,23733,9643,14090,2568,3204,6359,9835,73,116,471,608,2,14,170,313,2685,3427,6465,10039,180,319,504,653,7,25,9095,13366,2192,2724,6262,9701,29,45,465,600,2,8,145,288,2289,2925,6354,9890,117,227,490,642,6,17,548,724,376,480,97,134,44,71,6,8,0,6,25,25,396,502,111,149,63,92,14,11,1,8
050,24,033,Maryland,Prince George's County,3,17,14507,5746,8761,1616,2277,3651,5872,51,63,328,360,3,10,97,179,1687,2395,3703,5996,114,180,346,390,7,15,5450,8315,1426,1985,3598,5787,19,20,324,355,0,9,83,159,1484,2090,3646,5899,74,121,338,383,4,13,296,446,190,292,53,85,32,43,4,5,3,1,14,20,203,305,57,97,40,59,8,7,3,2
050,24,033,Maryland,Prince George's County,3,18,12996,4490,8506,1748,2948,2422,4984,30,73,198,347,0,5,92,149,1817,3050,2485,5079,80,163,218,374,5,12,4256,8050,1588,2658,2386,4890,7,26,198,346,0,5,77,125,1647,2741,2438,4973,46,102,213,367,2,11,234,456,160,290,36,94,23,47,0,1,0,0,15,24,170,309,47,106,34,61,5,7,3,1
050,24,033,Maryland,Prince George's County,4,0,952326,452675,499651,122005,116570,272363,322474,15632,14147,21524,22585,674,765,20477,23110,138225,134425,286137,338510,24734,24574,26685,28118,1360,1582,341611,395956,52919,52781,255737,306132,921,1019,19942,21087,146,225,11946,14712,62033,63709,263763,316351,5390,6991,23436,25052,508,699,111064,103695,69086,63789,16626,16342,14711,13128,1582,1498,528,540,8531,8398,76192,70716,22374,22159,19344,17583,3249,3066,852,883
050,24,033,Maryland,Prince George's County,4,1,55527,28311,27216,7967,7371,15247,14930,1418,1404,1110,1005,35,29,2534,2477,10085,9449,17120,16757,2182,2140,1844,1732,94,93,18343,17961,2215,2166,13798,13502,53,54,940,855,8,5,1329,1379,3316,3308,14768,14510,334,340,1389,1321,36,35,9968,9255,5752,5205,1449,1428,1365,1350,170,150,27,24,1205,1098,6769,6141,2352,2247,1848,1800,455,411,58,58
050,24,033,Maryland,Prince George's County,4,2,55479,28347,27132,7328,6862,16359,15838,1266,1093,1051,907,50,70,2293,2362,9237,8826,18036,17594,2013,1872,1701,1516,108,145,18715,17988,1873,1694,14701,14266,63,49,882,787,6,9,1190,1183,2857,2663,15572,15139,335,332,1271,1157,29,39,9632,9144,5455,5168,1658,1572,1203,1044,169,120,44,61,1103,1179,6380,6163,2464,2455,1678,1540,430,359,79,106
050,24,033,Maryland,Prince George's County,4,3,58131,29529,28602,7484,6839,17724,17676,1164,1156,1059,916,60,47,2038,1968,9155,8441,19207,19120,1930,1850,1603,1443,112,104,19753,19353,1644,1456,16087,16056,57,40,903,767,7,8,1055,1026,2493,2277,16861,16818,339,314,1238,1086,29,35,9776,9249,5840,5383,1637,1620,1107,1116,156,149,53,39,983,942,6662,6164,2346,2302,1591,1536,365,357,83,69
050,24,033,Maryland,Prince George's County,4,4,62055,31853,30202,9130,8527,17739,17141,1168,1144,1785,1550,55,66,1976,1774,10737,9958,19092,18381,1884,1763,2369,2049,114,126,22270,21491,3217,3155,16227,15798,49,51,1609,1416,6,9,1162,1062,4150,3999,17015,16534,358,325,2016,1772,38,37,9583,8711,5913,5372,1512,1343,1119,1093,176,134,49,57,814,712,6587,5959,2077,1847,1526,1438,353,277,76,89
050,24,033,Maryland,Prince George's County,4,5,69703,35610,34093,10871,9584,19112,19288,1319,1136,2380,2201,49,70,1879,1814,12395,11021,20393,20552,2060,1795,2896,2719,107,146,25958,25431,4913,4210,17584,17962,53,56,2266,2083,11,9,1131,1111,5797,5082,18372,18737,397,363,2631,2457,39,51,9652,8662,5958,5374,1528,1326,1266,1080,114,118,38,61,748,703,6598,5939,2021,1815,1663,1432,265,262,68,95
050,24,033,Maryland,Prince George's County,4,6,68256,33760,34496,9437,8305,19249,21262,1371,1159,2083,1944,71,51,1549,1775,10660,9713,20291,22495,2046,1902,2469,2372,131,111,24652,26124,3827,3205,17902,19935,64,45,1939,1827,24,15,896,1097,4518,4058,18521,20711,371,417,2201,2129,54,51,9108,8372,5610,5100,1347,1327,1307,1114,144,117,47,36,653,678,6142,5655,1770,1784,1675,1485,268,243,77,60
050,24,033,Maryland,Prince George's County,4,7,70584,34353,36231,9531,8919,20114,22574,1299,1120,1847,1809,64,57,1498,1752,10707,10265,21093,23768,2025,1932,2209,2241,135,129,25280,27617,3904,3565,18705,21179,71,62,1717,1675,3,22,880,1114,4572,4395,19274,21943,421,496,1970,1996,43,67,9073,8614,5627,5354,1409,1395,1228,1058,130,134,61,35,618,638,6135,5870,1819,1825,1604,1436,239,245,92,62
050,24,033,Maryland,Prince George's County,4,8,66334,31660,34674,9460,8912,18029,21353,1442,1332,1416,1481,52,75,1261,1521,10440,10056,18822,22375,2097,2128,1717,1816,109,140,22440,25939,3617,3466,16745,20090,63,83,1310,1332,11,15,694,953,4124,4153,17185,20741,355,513,1516,1587,44,48,9220,8735,5843,5446,1284,1263,1379,1249,106,149,41,60,567,568,6316,5903,1637,1634,1742,1615,201,229,65,92
050,24,033,Maryland,Prince George's County,4,9,64351,30852,33499,9208,8300,17607,21152,1499,1199,1305,1376,61,64,1172,1408,10111,9325,18331,22113,2171,1976,1553,1674,119,116,20977,24931,2853,2751,16301,19932,48,59,1183,1270,11,16,581,903,3269,3370,16668,20555,326,505,1337,1491,35,47,9875,8568,6355,5549,1306,1220,1451,1140,122,106,50,48,591,505,6842,5955,1663,1558,1845,1471,216,183,84,69
050,24,033,Maryland,Prince George's County,4,10,57607,27277,30330,7423,6576,16536,20169,1152,900,1198,1415,59,47,909,1223,8094,7470,17101,20982,1676,1586,1387,1681,93,103,19565,23614,2368,2219,15539,19198,67,62,1077,1299,6,11,508,825,2708,2783,15859,19755,324,480,1218,1517,27,47,7712,6716,5055,4357,997,971,1085,838,121,116,53,36,401,398,5386,4687,1242,1227,1352,1106,169,164,66,56
050,24,033,Maryland,Prince George's County,4,11,61661,28269,33392,6718,6175,18674,23839,807,682,1197,1454,34,40,839,1202,7327,7036,19186,24615,1322,1389,1374,1705,65,82,22393,28140,2695,2707,17950,23070,42,75,1143,1391,16,16,547,881,3068,3305,18288,23651,341,556,1274,1601,35,46,5876,5252,4023,3468,724,769,765,607,54,63,18,24,292,321,4259,3731,898,964,981,833,100,104,30,36
050,24,033,Maryland,Prince George's County,4,12,62610,28452,34158,6445,5957,19445,25156,620,568,1169,1414,30,38,743,1025,6984,6675,19886,25819,1085,1214,1306,1591,55,64,24069,30049,3567,3288,18820,24503,42,81,1116,1357,7,19,517,801,3921,3831,19131,25029,341,573,1227,1506,20,39,4383,4109,2878,2669,625,653,578,487,53,57,23,19,226,224,3063,2844,755,790,744,641,79,85,35,25
050,24,033,Maryland,Prince George's County,4,13,59277,26731,32546,6208,6283,18283,23467,470,459,1113,1428,32,46,625,863,6662,6883,18655,24023,867,993,1229,1588,50,84,23664,29365,4179,4216,17818,22951,70,69,1083,1396,15,23,499,710,4527,4693,18113,23414,377,494,1186,1536,30,49,3067,3181,2029,2067,465,516,400,390,30,32,17,23,126,153,2135,2190,542,609,490,499,43,52,20,35
050,24,033,Maryland,Prince George's County,4,14,47698,20631,27067,4892,5160,14001,19685,286,305,1003,1230,7,21,442,666,5207,5616,14255,20122,567,734,1084,1345,24,43,18751,25100,3640,3919,13703,19343,64,74,986,1206,6,10,352,548,3883,4272,13906,19713,283,420,1060,1302,16,27,1880,1967,1252,1241,298,342,222,231,17,24,1,11,90,118,1324,1344,349,409,284,314,24,43,8,16
050,24,033,Maryland,Prince George's County,4,15,38747,16059,22688,3836,4289,10947,16580,194,203,773,1059,10,16,299,541,4057,4664,11125,16935,388,542,823,1140,20,41,14950,21270,3117,3386,10765,16308,50,53,763,1043,8,16,247,464,3291,3696,10915,16620,208,343,809,1114,17,36,1109,1418,719,903,182,272,144,150,10,16,2,0,52,77,766,968,210,315,180,199,14,26,3,5
050,24,033,Maryland,Prince George's County,4,16,25621,10393,15228,2710,3283,6902,10780,84,139,489,661,1,8,207,357,2854,3542,7023,11013,218,370,529,712,8,21,9797,14443,2308,2775,6795,10637,34,51,483,653,0,5,177,322,2427,3002,6905,10849,143,254,516,699,6,15,596,785,402,508,107,143,50,88,6,8,1,3,30,35,427,540,118,164,75,116,13,13,2,6
050,24,033,Maryland,Prince George's County,4,17,15181,5920,9261,1612,2326,3808,6277,57,63,333,368,4,13,106,214,1687,2468,3866,6434,131,200,356,399,9,21,5613,8769,1411,2002,3758,6184,25,21,329,363,1,10,89,189,1469,2123,3811,6320,85,144,347,392,6,18,307,492,201,324,50,93,32,42,4,5,3,3,17,25,218,345,55,114,46,56,9,7,3,3
050,24,033,Maryland,Prince George's County,4,18,13504,4668,8836,1745,2902,2587,5307,16,85,213,367,0,7,107,168,1826,3017,2655,5412,72,188,236,395,7,13,4421,8371,1571,2601,2539,5218,6,34,213,367,0,7,92,144,1643,2699,2599,5312,52,122,230,389,4,12,247,465,174,301,48,89,10,51,0,0,0,0,15,24,183,318,56,100,20,66,6,6,3,1
050,24,033,Maryland,Prince George's County,5,0,954813,454054,500759,123282,118339,270859,320294,16528,14891,21836,22875,650,793,20899,23567,139848,136574,285002,336683,25737,25434,27141,28566,1338,1623,338687,393072,51787,51856,253444,303593,924,1024,20252,21390,133,225,12147,14984,61047,63008,261647,314020,5427,7032,23859,25484,490,700,115367,107687,71495,66483,17415,16701,15604,13867,1584,1485,517,568,8752,8583,78801,73566,23355,22663,20310,18402,3282,3082,848,923
050,24,033,Maryland,Prince George's County,5,1,55483,28383,27100,8418,7753,14645,14448,1635,1529,1121,1012,19,34,2545,2324,10543,9689,16534,16174,2395,2208,1874,1702,83,100,17753,17393,2224,2169,13135,12971,46,41,964,852,0,7,1384,1353,3373,3282,14149,13963,337,322,1436,1317,36,35,10630,9707,6194,5584,1510,1477,1589,1488,157,160,19,27,1161,971,7170,6407,2385,2211,2058,1886,438,385,47,65
050,24,033,Maryland,Prince George's County,5,2,55260,28175,27085,7543,7040,16005,15454,1276,1139,1017,896,47,84,2287,2472,9444,9103,17687,17289,2027,1935,1661,1547,102,165,18303,17698,1854,1695,14396,13901,48,52,860,778,10,9,1135,1263,2789,2739,15236,14832,315,345,1239,1179,35,40,9872,9387,5689,5345,1609,1553,1228,1087,157,118,37,75,1152,1209,6655,6364,2451,2457,1712,1590,422,368,67,125
050,24,033,Maryland,Prince George's County,5,3,57045,28827,28218,7260,6850,17159,17134,1278,1218,1060,914,59,46,2011,2056,8913,8532,18630,18643,2016,1941,1609,1457,112,110,19060,18858,1575,1469,15486,15534,55,44,886,786,6,5,1052,1020,2423,2287,16261,16296,333,309,1227,1105,30,34,9767,9360,5685,5381,1673,1600,1223,1174,174,128,53,41,959,1036,6490,6245,2369,2347,1683,1632,382,352,82,76
050,24,033,Maryland,Prince George's County,5,4,62757,32306,30451,9504,8778,17701,17009,1194,1275,1777,1527,52,56,2078,1806,11195,10241,19136,18279,1941,1891,2388,2048,111,122,22035,21234,3190,3138,15989,15559,57,51,1604,1394,4,8,1191,1084,4149,4002,16799,16315,367,319,2026,1762,31,40,10271,9217,6314,5640,1712,1450,1137,1224,173,133,48,48,887,722,7046,6239,2337,1964,1574,1572,362,286,80,82
050,24,033,Maryland,Prince George's County,5,5,68040,34891,33149,10563,9532,18542,18385,1438,1239,2361,2158,51,71,1936,1764,12142,10926,19865,19605,2196,1874,2891,2654,107,135,24724,24097,4397,3818,16898,17107,53,60,2237,2034,7,10,1132,1068,5288,4655,17685,17845,390,353,2602,2391,33,43,10167,9052,6166,5714,1644,1278,1385,1179,124,124,44,61,804,696,6854,6271,2180,1760,1806,1521,289,263,74,92
050,24,033,Maryland,Prince George's County,5,6,68536,34034,34502,9744,8682,19018,20648,1486,1225,2169,2095,53,56,1564,1796,10986,10103,20077,21908,2145,1957,2572,2541,113,119,24511,25749,3873,3284,17599,19304,63,47,2022,1991,15,13,939,1110,4600,4151,18254,20086,376,410,2302,2303,45,46,9523,8753,5871,5398,1419,1344,1423,1178,147,104,38,43,625,686,6386,5952,1823,1822,1769,1547,270,238,68,73
050,24,033,Maryland,Prince George's County,5,7,70513,34313,36200,9363,8851,20203,22577,1333,1098,1872,1808,82,65,1460,1801,10504,10247,21173,23813,2026,1905,2220,2245,142,135,25318,27614,3812,3554,18803,21163,72,49,1766,1700,12,29,853,1119,4458,4399,19363,21937,405,467,2012,2023,44,75,8995,8586,5551,5297,1400,1414,1261,1049,106,108,70,36,607,682,6046,5848,1810,1876,1621,1438,208,222,98,60
050,24,033,Maryland,Prince George's County,5,8,66407,31933,34474,9636,9020,18033,21036,1409,1311,1499,1483,44,67,1312,1557,10661,10197,18862,22092,2086,2099,1820,1836,104,130,22650,25717,3756,3486,16712,19782,64,87,1379,1333,13,12,726,1017,4288,4228,17177,20481,368,529,1603,1608,46,45,9283,8757,5880,5534,1321,1254,1345,1224,120,150,31,55,586,540,6373,5969,1685,1611,1718,1570,217,228,58,85
050,24,033,Maryland,Prince George's County,5,9,64794,31112,33682,9250,8398,17719,21076,1588,1254,1290,1415,54,73,1211,1466,10182,9474,18477,22075,2276,2047,1557,1737,110,129,21158,25006,2928,2843,16365,19818,61,70,1177,1305,8,15,619,955,3370,3505,16760,20478,356,533,1345,1550,27,48,9954,8676,6322,5555,1354,1258,1527,1184,113,110,46,58,592,511,6812,5969,1717,1597,1920,1514,212,187,83,81
050,24,033,Maryland,Prince George's County,5,10,58276,27514,30762,7723,6894,16322,20157,1166,954,1215,1440,61,53,1027,1264,8499,7819,16959,20996,1759,1663,1431,1718,105,105,19304,23519,2334,2227,15253,19062,56,60,1096,1319,4,13,561,838,2715,2797,15608,19626,341,481,1257,1545,29,50,8210,7243,5389,4667,1069,1095,1110,894,119,121,57,40,466,426,5784,5022,1351,1370,1418,1182,174,173,76,55
050,24,033,Maryland,Prince George's County,5,11,60496,27843,32653,6747,6308,18149,22945,877,709,1225,1453,36,36,809,1202,7328,7179,18648,23733,1366,1415,1398,1712,68,79,21705,27064,2570,2583,17389,22166,50,77,1166,1369,17,14,513,855,2913,3164,17712,22741,320,536,1300,1582,36,46,6138,5589,4177,3725,760,779,827,632,59,84,19,22,296,347,4415,4015,936,992,1046,879,98,130,32,33
050,24,033,Maryland,Prince George's County,5,12,61632,27934,33698,6399,5952,18967,24690,659,594,1126,1397,34,35,749,1030,6952,6682,19420,25359,1126,1235,1266,1581,60,62,23194,29323,3277,3059,18294,24011,41,78,1068,1350,7,17,507,808,3630,3609,18602,24543,331,567,1177,1505,21,41,4740,4375,3122,2893,673,679,618,516,58,47,27,18,242,222,3322,3073,818,816,795,668,89,76,39,21
050,24,033,Maryland,Prince George's County,5,13,59732,26911,32821,6173,6181,18424,23741,502,502,1153,1404,31,46,628,947,6620,6847,18799,24344,899,1091,1263,1582,53,83,23621,29386,4010,3968,17929,23221,72,72,1112,1361,14,23,484,741,4341,4463,18214,23701,367,520,1209,1512,29,49,3290,3435,2163,2213,495,520,430,430,41,43,17,23,144,206,2279,2384,585,643,532,571,54,70,24,34
050,24,033,Maryland,Prince George's County,5,14,48993,21392,27601,4962,5155,14598,20121,316,326,1032,1297,8,23,476,679,5306,5610,14874,20573,609,757,1124,1411,22,45,19348,25475,3617,3804,14269,19762,62,65,1017,1276,3,10,380,558,3879,4161,14489,20139,290,411,1101,1375,15,27,2044,2126,1345,1351,329,359,254,261,15,21,5,13,96,121,1427,1449,385,434,319,346,23,36,7,18
050,24,033,Maryland,Prince George's County,5,15,39322,16251,23071,3793,4344,11127,16838,186,224,805,1061,11,18,329,586,4035,4760,11328,17221,392,597,860,1153,24,45,15057,21528,3011,3397,10930,16548,47,59,796,1043,10,16,263,465,3194,3707,11090,16862,215,352,843,1116,19,36,1194,1543,782,947,197,290,139,165,9,18,1,2,66,121,841,1053,238,359,177,245,17,37,5,9
050,24,033,Maryland,Prince George's County,5,16,27207,11083,16124,2767,3290,7431,11551,98,148,538,743,5,7,244,385,2932,3568,7576,11799,255,401,586,797,11,23,10403,15265,2340,2738,7281,11392,38,54,532,733,2,4,210,344,2475,2982,7411,11614,167,276,571,782,6,15,680,859,427,552,150,159,60,94,6,10,3,3,34,41,457,586,165,185,88,125,15,15,5,8
050,24,033,Maryland,Prince George's County,5,17,16257,6294,9963,1717,2425,4069,6853,69,55,334,383,3,16,102,231,1789,2574,4127,7019,136,207,354,418,7,22,5954,9434,1492,2053,4017,6755,32,24,329,377,1,13,83,212,1547,2190,4064,6908,86,163,346,410,5,18,340,529,225,372,52,98,37,31,5,6,2,3,19,19,242,384,63,111,50,44,8,8,2,4
050,24,033,Maryland,Prince George's County,5,18,14063,4858,9205,1720,2886,2747,5631,18,91,242,389,0,7,131,201,1817,3023,2830,5761,87,211,267,427,4,14,4589,8712,1527,2571,2699,5537,7,34,241,389,0,7,115,174,1615,2687,2773,5653,63,139,263,419,3,12,269,493,193,315,48,94,11,57,1,0,0,0,16,27,202,336,57,108,24,72,4,8,1,2
050,24,033,Maryland,Prince George's County,6,0,964596,459031,505565,126802,122026,269993,319418,17675,15962,22344,23295,638,838,21579,24026,143935,140642,284587,336154,27016,26627,27879,29146,1406,1691,337300,391973,51276,51544,251820,302273,916,1029,20670,21729,122,219,12496,15179,60822,62870,260234,312836,5448,7047,24408,25901,515,715,121731,113592,75526,70482,18173,17145,16759,14933,1674,1566,516,619,9083,8847,83113,77772,24353,23318,21568,19580,3471,3245,891,976
050,24,033,Maryland,Prince George's County,6,1,55815,28491,27324,9022,8237,14092,14086,1782,1778,1150,1031,28,36,2417,2156,11025,10040,15884,15682,2487,2413,1879,1691,95,98,17293,16844,2277,2134,12630,12502,39,41,971,861,4,10,1372,1296,3408,3206,13629,13449,322,309,1446,1312,41,38,11198,10480,6745,6103,1462,1584,1743,1737,179,170,24,26,1045,860,7617,6834,2255,2233,2165,2104,433,379,54,60
050,24,033,Maryland,Prince George's County,6,2,55710,28238,27472,7818,7489,15577,15151,1303,1181,1075,880,37,114,2428,2657,9845,9714,17359,17112,2074,2026,1761,1601,106,196,17931,17558,1874,1766,13899,13626,47,41,915,757,6,6,1190,1362,2854,2896,14772,14618,314,348,1308,1204,31,45,10307,9914,5944,5723,1678,1525,1256,1140,160,123,31,108,1238,1295,6991,6818,2587,2494,1760,1678,453,397,75,151
050,24,033,Maryland,Prince George's County,6,3,56622,28861,27761,7290,6865,16888,16430,1372,1325,1094,944,64,52,2153,2145,9061,8623,18451,18008,2148,2073,1689,1521,120,117,18784,18326,1555,1521,15159,14885,55,55,886,808,7,8,1122,1049,2465,2368,15976,15666,338,325,1251,1143,33,39,10077,9435,5735,5344,1729,1545,1317,1270,208,136,57,44,1031,1096,6596,6255,2475,2342,1810,1748,438,378,87,78
050,24,033,Maryland,Prince George's County,6,4,63852,32896,30956,10120,9176,17543,16952,1305,1387,1732,1528,48,59,2148,1854,11872,10683,19043,18267,2061,2014,2372,2066,125,121,21840,21096,3219,3135,15751,15431,56,48,1582,1385,3,8,1229,1089,4206,4007,16597,16196,368,317,2015,1764,41,40,11056,9860,6901,6041,1792,1521,1249,1339,150,143,45,51,919,765,7666,6676,2446,2071,1693,1697,357,302,84,81
050,24,033,Maryland,Prince George's County,6,5,67094,34312,32782,10447,9605,17900,17913,1630,1356,2353,2078,48,70,1934,1760,12032,10993,19227,19141,2385,1991,2868,2574,112,134,23427,23136,3959,3516,16134,16527,56,57,2220,1961,8,9,1050,1066,4783,4351,16865,17268,364,354,2557,2316,36,43,10885,9646,6488,6089,1766,1386,1574,1299,133,117,40,61,884,694,7249,6642,2362,1873,2021,1637,311,258,76,91
050,24,033,Maryland,Prince George's County,6,6,70248,35114,35134,10271,9531,19100,20177,1602,1322,2310,2266,45,47,1786,1791,11699,10955,20306,21435,2330,2035,2772,2718,109,117,24857,25588,3956,3475,17597,18816,68,52,2157,2140,4,9,1075,1096,4793,4336,18343,19591,419,398,2476,2449,33,47,10257,9546,6315,6056,1503,1361,1534,1270,153,126,41,38,711,695,6906,6619,1963,1844,1911,1637,296,269,76,70
050,24,033,Maryland,Prince George's County,6,7,70643,34431,36212,9398,8873,20107,22452,1448,1135,1910,1853,87,61,1481,1838,10561,10313,21094,23718,2132,1934,2267,2298,154,139,25223,27507,3752,3499,18709,21085,68,55,1811,1753,18,23,865,1092,4409,4325,19281,21847,396,444,2061,2068,56,70,9208,8705,5646,5374,1398,1367,1380,1080,99,100,69,38,616,746,6152,5988,1813,1871,1736,1490,206,230,98,69
050,24,033,Maryland,Prince George's County,6,8,67773,32747,35026,9939,9331,18435,21228,1452,1305,1545,1499,35,74,1341,1589,10977,10540,19290,22321,2106,2085,1870,1858,96,139,23146,25925,3845,3562,17067,19894,55,80,1421,1346,5,15,753,1028,4396,4315,17548,20607,347,506,1654,1624,42,53,9601,9101,6094,5769,1368,1334,1397,1225,124,153,30,59,588,561,6581,6225,1742,1714,1759,1579,216,234,54,86
050,24,033,Maryland,Prince George's County,6,9,64912,31218,33694,9530,8563,17526,20847,1583,1302,1309,1414,49,71,1221,1497,10473,9659,18295,21874,2267,2108,1594,1750,106,129,21138,24894,3070,2956,16161,19593,66,55,1196,1292,8,12,637,986,3528,3642,16567,20274,365,526,1380,1548,30,51,10080,8800,6460,5607,1365,1254,1517,1247,113,122,41,59,584,511,6945,6017,1728,1600,1902,1582,214,202,76,78
050,24,033,Maryland,Prince George's County,6,10,59926,28357,31569,8153,7461,16531,20285,1308,1022,1264,1451,56,66,1045,1284,8936,8393,17191,21140,1908,1733,1488,1720,95,124,19534,23725,2385,2348,15395,19135,54,71,1139,1319,4,17,557,835,2764,2916,15749,19696,331,487,1304,1536,25,53,8823,7844,5768,5113,1136,1150,1254,951,125,132,52,49,488,449,6172,5477,1442,1444,1577,1246,184,184,70,71
050,24,033,Maryland,Prince George's County,6,11,59682,27616,32066,6960,6436,17664,22155,895,749,1213,1482,49,35,835,1209,7573,7306,18176,22954,1396,1440,1402,1746,83,73,20998,26132,2480,2468,16799,21332,48,72,1130,1396,16,12,525,852,2841,3044,17127,21906,322,519,1271,1611,35,39,6618,5934,4480,3968,865,823,847,677,83,86,33,23,310,357,4732,4262,1049,1048,1074,921,131,135,48,34
050,24,033,Maryland,Prince George's County,6,12,60715,27510,33205,6407,5964,18368,24159,731,626,1159,1398,33,33,812,1025,7009,6687,18850,24827,1228,1254,1316,1584,65,63,22463,28607,3073,2899,17678,23473,46,80,1104,1345,9,17,553,793,3457,3439,18012,23993,355,550,1229,1503,26,37,5047,4598,3334,3065,690,686,685,546,55,53,24,16,259,232,3552,3248,838,834,873,704,87,81,39,26
050,24,033,Maryland,Prince George's County,6,13,60126,26956,33170,6143,6125,18528,24085,489,510,1165,1436,30,43,601,971,6584,6803,18885,24709,870,1105,1268,1623,51,81,23443,29553,3803,3750,18000,23556,59,73,1119,1393,14,21,448,760,4118,4259,18264,24049,336,524,1206,1549,27,49,3513,3617,2340,2375,528,529,430,437,46,43,16,22,153,211,2466,2544,621,660,534,581,62,74,24,32
050,24,033,Maryland,Prince George's County,6,14,50594,22222,28372,5097,5309,15206,20598,364,416,1047,1309,9,27,499,713,5451,5788,15495,21072,677,873,1142,1432,29,49,19959,25943,3621,3763,14840,20206,69,69,1029,1289,2,13,398,603,3893,4151,15068,20614,309,451,1118,1394,17,30,2263,2429,1476,1546,366,392,295,347,18,20,7,14,101,110,1558,1637,427,458,368,422,24,38,12,19
050,24,033,Maryland,Prince George's County,6,15,40026,16530,23496,3852,4366,11287,17187,207,227,831,1099,7,15,346,602,4102,4789,11488,17577,424,611,891,1192,22,39,15194,21878,2982,3385,11068,16883,50,62,817,1083,6,11,271,454,3170,3684,11229,17192,220,348,868,1153,15,28,1336,1618,870,981,219,304,157,165,14,16,1,4,75,148,932,1105,259,385,204,263,23,39,7,11
050,24,033,Maryland,Prince George's County,6,16,28988,11817,17171,2884,3369,7974,12365,104,152,577,811,10,11,268,463,3065,3709,8132,12654,274,465,631,876,21,30,11055,16199,2421,2772,7794,12181,34,50,569,794,7,8,230,394,2572,3053,7936,12432,174,305,614,850,16,19,762,972,463,597,180,184,70,102,8,17,3,3,38,69,493,656,196,222,100,160,17,26,5,11
050,24,033,Maryland,Prince George's County,6,17,17168,6608,10560,1747,2449,4332,7353,74,77,331,415,3,15,121,251,1838,2617,4397,7529,148,239,361,455,9,26,6203,10003,1493,2065,4252,7259,36,30,326,407,1,12,95,230,1558,2215,4306,7423,94,179,348,443,6,20,405,557,254,384,80,94,38,47,5,8,2,3,26,21,280,402,91,106,54,60,13,12,3,6
050,24,033,Maryland,Prince George's County,6,18,14702,5107,9595,1724,2877,2935,5995,26,92,279,401,0,9,143,221,1832,3030,3024,6134,101,228,308,441,8,16,4812,9059,1511,2530,2887,5889,10,38,278,400,0,8,126,194,1607,2663,2965,6015,74,157,302,434,5,14,295,536,213,347,48,106,16,54,1,1,0,1,17,27,225,367,59,119,27,71,6,7,3,2
050,24,033,Maryland,Prince George's County,7,0,970374,462300,508074,129003,124194,269840,318924,18220,16294,22501,23466,647,848,22089,24348,146565,143095,284822,335923,27653,27044,28220,29494,1437,1715,337120,391342,51240,51430,251203,301461,910,1032,20786,21860,125,220,12856,15339,61106,62901,259871,312165,5525,7083,24680,26158,551,723,125180,116732,77763,72764,18637,17463,17310,15262,1715,1606,522,628,9233,9009,85459,80194,24951,23758,22128,19961,3540,3336,886,992
050,24,033,Maryland,Prince George's County,7,1,54999,28095,26904,9029,8351,13640,13486,1953,1856,1106,1006,34,34,2333,2171,10964,10154,15373,15104,2620,2490,1829,1667,97,92,16841,16173,2224,2120,12209,11882,50,36,931,824,4,10,1423,1301,3402,3189,13247,12836,348,303,1432,1276,43,37,11254,10731,6805,6231,1431,1604,1903,1820,175,182,30,24,910,870,7562,6965,2126,2268,2272,2187,397,391,54,55
050,24,033,Maryland,Prince George's County,7,2,55905,28306,27599,8105,7810,15344,14981,1268,1261,1055,894,40,109,2494,2544,10196,9936,17174,16869,2063,2050,1749,1603,104,187,17778,17394,1933,1819,13738,13436,45,42,895,763,6,4,1161,1330,2894,2920,14593,14409,311,342,1278,1203,31,38,10528,10205,6172,5991,1606,1545,1223,1219,160,131,34,105,1333,1214,7302,7016,2581,2460,1752,1708,471,400,73,149
050,24,033,Maryland,Prince George's County,7,3,55894,28740,27154,7423,6891,16525,15783,1402,1298,1089,902,56,61,2245,2219,9273,8718,18163,17415,2192,2056,1712,1511,116,126,18500,17720,1635,1539,14710,14247,54,51,887,772,6,6,1208,1105,2619,2438,15594,15063,355,332,1276,1129,31,34,10240,9434,5788,5352,1815,1536,1348,1247,202,130,50,55,1037,1114,6654,6280,2569,2352,1837,1724,436,382,85,92
050,24,033,Maryland,Prince George's County,7,4,64324,32922,31402,10352,9521,17291,16992,1294,1361,1758,1561,45,51,2182,1916,12146,11091,18812,18356,2049,2004,2410,2123,122,118,21712,21339,3324,3307,15499,15469,51,38,1612,1423,4,7,1222,1095,4317,4193,16335,16239,354,302,2053,1805,42,34,11210,10063,7028,6214,1792,1523,1243,1323,146,138,41,44,960,821,7829,6898,2477,2117,1695,1702,357,318,80,84
050,24,033,Maryland,Prince George's County,7,5,65655,33609,32046,10464,9495,17219,17407,1633,1399,2252,1915,63,67,1978,1763,12091,10895,18576,18643,2399,2039,2790,2417,127,128,22420,22276,3720,3352,15471,15987,53,62,2103,1793,9,13,1064,1069,4566,4192,16212,16733,365,357,2448,2152,39,45,11189,9770,6744,6143,1748,1420,1580,1337,149,122,54,54,914,694,7525,6703,2364,1910,2034,1682,342,265,88,83
050,24,033,Maryland,Prince George's County,7,6,71331,35810,35521,10525,9924,19382,19961,1684,1383,2352,2373,35,58,1832,1822,11987,11383,20631,21247,2413,2099,2833,2836,109,127,25111,25552,3952,3527,17778,18610,62,58,2205,2226,4,11,1110,1120,4820,4413,18550,19404,414,406,2543,2552,41,47,10699,9969,6573,6397,1604,1351,1622,1325,147,147,31,47,722,702,7167,6970,2081,1843,1999,1693,290,284,68,80
050,24,033,Maryland,Prince George's County,7,7,69794,33864,35930,9387,9018,19526,22082,1484,1118,1920,1870,88,51,1459,1791,10543,10432,20509,23321,2140,1881,2272,2306,153,124,24603,27076,3761,3487,18102,20682,64,61,1806,1774,18,19,852,1053,4414,4291,18673,21425,378,430,2052,2083,57,66,9261,8854,5626,5531,1424,1400,1420,1057,114,96,70,32,607,738,6129,6141,1836,1896,1762,1451,220,223,96,58
050,24,033,Maryland,Prince George's County,7,8,69186,33718,35468,10039,9527,19195,21438,1463,1277,1610,1509,38,82,1373,1635,11106,10764,20078,22567,2120,2067,1951,1883,105,143,24151,26258,3972,3664,17806,20086,57,68,1489,1379,7,17,820,1044,4581,4423,18333,20820,374,493,1741,1668,50,53,9567,9210,6067,5863,1389,1352,1406,1209,121,130,31,65,553,591,6525,6341,1745,1747,1746,1574,210,215,55,90
050,24,033,Maryland,Prince George's County,7,9,65149,31437,33712,9655,8635,17571,20794,1538,1280,1334,1431,42,66,1297,1506,10651,9736,18387,21830,2244,2071,1637,1780,98,131,21381,25002,3231,3091,16196,19525,66,68,1215,1291,5,14,668,1013,3715,3799,16618,20222,372,541,1412,1561,27,57,10056,8710,6424,5544,1375,1269,1472,1212,119,140,37,52,629,493,6936,5937,1769,1608,1872,1530,225,219,71,74
050,24,033,Maryland,Prince George's County,7,10,61370,29182,32188,8580,7848,16842,20495,1332,1036,1270,1427,54,72,1104,1310,9414,8815,17542,21366,1940,1762,1515,1712,102,135,20004,23987,2564,2441,15635,19322,43,67,1146,1312,11,16,605,829,2979,3013,16018,19880,336,479,1327,1535,39,54,9178,8201,6016,5407,1207,1173,1289,969,124,115,43,56,499,481,6435,5802,1524,1486,1604,1283,188,177,63,81
050,24,033,Maryland,Prince George's County,7,11,58798,27389,31409,7188,6592,17070,21242,985,805,1217,1509,52,38,877,1223,7825,7481,17612,22051,1499,1513,1415,1778,90,80,20190,25061,2371,2381,16106,20361,46,69,1121,1404,8,14,538,832,2737,2949,16439,20925,315,505,1267,1624,31,41,7199,6348,4817,4211,964,881,939,736,96,105,44,24,339,391,5088,4532,1173,1126,1184,1008,148,154,59,39
050,24,033,Maryland,Prince George's County,7,12,60475,27469,33006,6486,6001,18125,23833,777,653,1224,1435,38,36,819,1048,7092,6743,18618,24523,1276,1291,1390,1632,66,67,22040,28174,2873,2783,17404,23130,47,82,1167,1376,16,17,533,786,3244,3319,17732,23650,340,545,1295,1537,32,41,5429,4832,3613,3218,721,703,730,571,57,59,22,19,286,262,3848,3424,886,873,936,746,95,95,34,26
050,24,033,Maryland,Prince George's County,7,13,60391,27075,33316,6120,5964,18610,24388,556,513,1138,1422,31,36,620,993,6571,6662,18985,25015,936,1122,1252,1616,58,77,23324,29540,3657,3482,18045,23822,57,70,1090,1376,9,20,466,770,3980,3999,18321,24318,332,529,1188,1538,29,51,3751,3776,2463,2482,565,566,499,443,48,46,22,16,154,223,2591,2663,664,697,604,593,64,78,29,26
050,24,033,Maryland,Prince George's County,7,14,51991,22968,29023,5261,5450,15736,21010,375,415,1053,1369,14,36,529,743,5641,5952,16032,21502,701,889,1160,1503,36,56,20465,26364,3618,3702,15325,20610,68,69,1031,1350,7,13,416,620,3902,4104,15560,21031,318,458,1125,1466,20,30,2503,2659,1643,1748,411,400,307,346,22,19,7,23,113,123,1739,1848,472,471,383,431,35,37,16,26
050,24,033,Maryland,Prince George's County,7,15,40816,17024,23792,3939,4397,11609,17400,243,294,868,1085,5,12,360,604,4204,4819,11821,17801,465,672,934,1186,20,39,15540,22068,2976,3386,11379,17077,59,69,851,1066,5,8,270,462,3165,3691,11538,17391,227,356,907,1146,13,30,1484,1724,963,1011,230,323,184,225,17,19,0,4,90,142,1039,1128,283,410,238,316,27,40,7,9
050,24,033,Maryland,Prince George's County,7,16,30793,12371,18422,2992,3476,8371,13355,125,157,591,901,10,11,282,522,3184,3858,8542,13677,310,509,643,981,18,31,11524,17318,2480,2813,8179,13138,38,47,579,887,6,9,242,424,2640,3111,8330,13411,190,320,624,950,14,23,847,1104,512,663,192,217,87,110,12,14,4,2,40,98,544,747,212,266,120,189,19,31,4,8
050,24,033,Maryland,Prince George's County,7,17,18012,6946,11066,1767,2450,4610,7793,67,85,349,445,0,14,153,279,1874,2634,4700,7988,161,264,383,500,7,27,6479,10502,1480,2060,4496,7706,31,31,344,437,0,10,128,258,1564,2227,4574,7888,110,198,373,485,7,20,467,564,287,390,114,87,36,54,5,8,0,4,25,21,310,407,126,100,51,66,10,15,0,7
050,24,033,Maryland,Prince George's County,7,18,15491,5375,10116,1691,2844,3174,6484,41,103,315,412,2,14,152,259,1803,3022,3267,6648,125,265,345,460,9,27,5057,9538,1469,2476,3125,6371,19,44,314,407,0,12,130,228,1567,2630,3204,6520,86,187,339,448,5,22,318,578,222,368,49,113,22,59,1,5,2,2,22,31,236,392,63,128,39,78,6,12,4,5
050,24,035,Maryland,Queen Anne's County,1,0,49881,24739,25142,21893,22279,1540,1474,183,151,254,357,5,14,864,867,22717,23113,1865,1782,551,573,483,556,30,56,23485,23859,20982,21325,1440,1377,34,43,247,344,5,14,777,756,21729,22058,1723,1630,353,410,457,514,22,44,1254,1283,911,954,100,97,149,108,7,13,0,0,87,111,988,1055,142,152,198,163,26,42,8,12
050,24,035,Maryland,Queen Anne's County,1,1,2592,1353,1239,1144,1080,73,59,18,7,7,2,0,0,111,91,1246,1165,137,102,47,37,34,36,4,7,1197,1125,1042,999,57,50,1,0,6,2,0,0,91,74,1127,1071,112,81,17,19,31,31,3,4,156,114,102,81,16,9,17,7,1,0,0,0,20,17,119,94,25,21,30,18,3,5,1,3
050,24,035,Maryland,Queen Anne's County,1,2,2827,1452,1375,1203,1184,101,76,24,9,20,15,0,0,104,91,1305,1273,154,112,53,47,46,37,3,1,1341,1244,1139,1088,88,69,0,0,20,14,0,0,94,73,1231,1160,137,96,22,28,45,32,2,1,111,131,64,96,13,7,24,9,0,1,0,0,10,18,74,113,17,16,31,19,1,5,1,0
050,24,035,Maryland,Queen Anne's County,1,3,3318,1704,1614,1438,1364,102,93,11,7,14,18,0,0,139,132,1575,1489,162,157,56,47,49,51,5,11,1550,1457,1324,1250,91,87,0,0,14,13,0,0,121,107,1443,1353,145,135,36,33,44,41,5,10,154,157,114,114,11,6,11,7,0,5,0,0,18,25,132,136,17,22,20,14,5,10,0,1
050,24,035,Maryland,Queen Anne's County,1,4,3227,1667,1560,1397,1338,101,84,14,14,37,42,0,0,118,82,1511,1419,147,114,55,44,73,66,3,6,1529,1442,1294,1249,89,73,2,2,37,42,0,0,107,76,1398,1324,128,102,38,29,71,64,2,5,138,118,103,89,12,11,12,12,0,0,0,0,11,6,113,95,19,12,17,15,2,2,1,1
050,24,035,Maryland,Queen Anne's County,1,5,2493,1320,1173,1126,1011,106,86,8,6,22,15,0,0,58,55,1180,1066,129,109,39,26,35,32,2,3,1233,1070,1068,935,94,72,0,2,18,14,0,0,53,47,1117,982,113,91,30,17,30,28,1,0,87,103,58,76,12,14,8,4,4,1,0,0,5,8,63,84,16,18,9,9,5,4,1,3
050,24,035,Maryland,Queen Anne's County,1,6,2315,1186,1129,1036,994,87,62,25,9,10,20,0,1,28,43,1064,1037,95,77,42,37,15,24,1,1,1091,1025,966,913,81,51,7,0,10,20,0,1,27,40,993,953,88,63,23,28,14,24,0,1,95,104,70,81,6,11,18,9,0,0,0,0,1,3,71,84,7,14,19,9,1,0,1,0
050,24,035,Maryland,Queen Anne's County,1,7,2822,1375,1447,1223,1263,93,83,15,20,15,25,0,3,29,53,1248,1314,101,98,34,58,21,28,0,4,1279,1342,1155,1188,84,77,3,4,14,25,0,3,23,45,1178,1231,86,92,18,36,20,25,0,3,96,105,68,75,9,6,12,16,1,0,0,0,6,8,70,83,15,6,16,22,1,3,0,1
050,24,035,Maryland,Queen Anne's County,1,8,2912,1427,1485,1248,1316,104,92,15,20,20,18,0,3,40,36,1287,1348,108,100,41,40,31,31,1,3,1318,1369,1165,1238,96,76,0,4,19,18,0,3,38,30,1203,1264,99,81,25,22,29,30,0,3,109,116,83,78,8,16,15,16,1,0,0,0,2,6,84,84,9,19,16,18,2,1,1,0
050,24,035,Maryland,Queen Anne's County,1,9,2654,1313,1341,1144,1185,97,78,7,10,14,32,3,0,48,36,1189,1219,108,91,30,23,30,48,5,3,1227,1251,1074,1123,91,70,2,1,14,30,3,0,43,27,1114,1150,102,78,22,11,28,41,5,0,86,90,70,62,6,8,5,9,0,2,0,0,5,9,75,69,6,13,8,12,2,7,0,3
050,24,035,Maryland,Queen Anne's County,1,10,3009,1444,1565,1303,1400,76,71,11,11,5,30,0,3,49,50,1352,1441,85,86,42,43,20,40,1,7,1397,1496,1265,1345,76,68,3,4,5,29,0,3,48,47,1313,1383,85,83,34,33,19,39,1,7,47,69,38,55,0,3,8,7,0,1,0,0,1,3,39,58,0,3,8,10,1,1,0,0
050,24,035,Maryland,Queen Anne's County,1,11,3791,1849,1942,1683,1768,84,102,6,11,32,25,2,1,42,35,1723,1803,98,113,21,31,47,26,2,6,1796,1892,1639,1719,83,102,1,10,32,25,2,1,39,35,1676,1754,95,113,15,30,47,26,2,6,53,50,44,49,1,0,5,1,0,0,0,0,3,0,47,49,3,0,6,1,0,0,0,0
050,24,035,Maryland,Queen Anne's County,1,12,4307,2145,2162,1961,1931,122,128,10,10,19,40,0,0,33,53,1992,1984,126,138,31,51,30,47,3,0,2091,2099,1919,1883,119,125,3,3,19,39,0,0,31,49,1948,1932,123,135,22,40,28,46,1,0,54,63,42,48,3,3,7,7,0,1,0,0,2,4,44,52,3,3,9,11,2,1,2,0
050,24,035,Maryland,Queen Anne's County,1,13,3872,1891,1981,1723,1790,120,123,4,4,15,30,0,0,29,34,1752,1824,122,128,26,25,22,37,0,1,1859,1950,1698,1767,117,123,0,0,15,29,0,0,29,31,1727,1798,119,126,22,20,22,36,0,1,32,31,25,23,3,0,4,4,0,1,0,0,0,3,25,26,3,2,4,5,0,1,0,0
050,24,035,Maryland,Queen Anne's County,1,14,3039,1494,1545,1371,1383,104,104,6,5,2,21,0,0,11,32,1378,1415,112,113,11,26,5,24,0,0,1480,1533,1360,1373,104,103,5,5,2,21,0,0,9,31,1366,1404,110,112,8,26,5,23,0,0,14,12,11,10,0,1,1,0,0,0,0,0,2,1,12,11,2,1,3,0,0,1,0,0
050,24,035,Maryland,Queen Anne's County,1,15,2634,1241,1393,1147,1285,74,87,2,2,7,11,0,0,11,8,1158,1293,79,89,7,4,8,15,0,0,1237,1384,1146,1277,74,86,0,2,7,11,0,0,10,8,1156,1285,79,88,5,4,7,15,0,0,4,9,1,8,0,1,2,0,0,0,0,0,1,0,2,8,0,1,2,0,1,0,0,0
050,24,035,Maryland,Queen Anne's County,1,16,2034,961,1073,905,996,41,58,3,0,3,8,0,0,9,11,911,1007,44,59,12,11,3,9,0,0,949,1071,893,994,41,58,3,0,3,8,0,0,9,11,899,1005,44,59,12,11,3,9,0,0,12,2,12,2,0,0,0,0,0,0,0,0,0,0,12,2,0,0,0,0,0,0,0,0
050,24,035,Maryland,Queen Anne's County,1,17,1154,554,600,510,537,30,42,4,2,6,3,0,3,4,13,514,550,32,47,4,10,8,3,0,3,550,593,506,530,30,42,4,2,6,3,0,3,4,13,510,543,32,47,4,10,8,3,0,3,4,7,4,7,0,0,0,0,0,0,0,0,0,0,4,7,0,0,0,0,0,0,0,0
050,24,035,Maryland,Queen Anne's County,1,18,881,363,518,331,454,25,46,0,4,6,2,0,0,1,12,332,466,26,49,0,13,6,2,0,0,361,516,329,454,25,45,0,4,6,1,0,0,1,12,330,466,26,48,0,13,6,1,0,0,2,2,2,0,0,1,0,0,0,1,0,0,0,0,2,0,0,1,0,0,0,1,0,0
050,24,035,Maryland,Queen Anne's County,2,0,50039,24812,25227,21956,22340,1535,1481,187,152,252,361,4,15,878,878,22782,23154,1877,1825,547,533,473,568,37,42,23539,23930,21036,21379,1432,1382,34,42,244,348,4,15,789,764,21781,22087,1733,1680,345,360,455,540,34,40,1273,1297,920,961,103,99,153,110,8,13,0,0,89,114,1001,1067,144,145,202,173,18,28,3,2
050,24,035,Maryland,Queen Anne's County,2,1,2624,1366,1258,1154,1093,77,62,19,8,8,4,0,0,108,91,1258,1179,128,105,45,33,41,32,2,1,1203,1135,1045,1003,61,52,1,0,7,4,0,0,89,76,1132,1075,102,89,19,18,37,30,2,0,163,123,109,90,16,10,18,8,1,0,0,0,19,15,126,104,26,16,26,15,4,2,0,1
050,24,035,Maryland,Queen Anne's County,2,2,2829,1456,1373,1206,1182,101,75,24,9,19,14,0,0,106,93,1304,1265,151,120,52,35,51,43,8,4,1343,1243,1142,1088,87,67,0,0,19,13,0,0,95,75,1229,1155,132,103,21,18,51,38,8,4,113,130,64,94,14,8,24,9,0,1,0,0,11,18,75,110,19,17,31,17,0,5,0,0
050,24,035,Maryland,Queen Anne's County,2,3,3316,1707,1609,1442,1356,100,96,11,7,12,18,0,0,142,132,1576,1481,165,154,55,46,56,58,5,4,1552,1451,1329,1242,88,90,0,0,12,13,0,0,123,106,1444,1342,144,139,33,26,54,47,5,4,155,158,113,114,12,6,11,7,0,5,0,0,19,26,132,139,21,15,22,20,2,11,0,0
050,24,035,Maryland,Queen Anne's County,2,4,3221,1664,1557,1395,1334,101,87,13,13,36,39,0,0,119,84,1505,1413,157,121,50,42,68,62,7,3,1526,1436,1292,1243,89,76,2,1,36,39,0,0,107,77,1392,1316,140,108,34,24,66,62,5,3,138,121,103,91,12,11,11,12,0,0,0,0,12,7,113,97,17,13,16,18,2,0,2,0
050,24,035,Maryland,Queen Anne's County,2,5,2527,1342,1185,1139,1020,108,84,11,6,25,18,0,0,59,57,1197,1070,132,113,32,28,41,29,1,3,1247,1086,1078,947,95,71,0,2,20,17,0,0,54,49,1132,990,116,95,18,20,35,28,1,2,95,99,61,73,13,13,11,4,5,1,0,0,5,8,65,80,16,18,14,8,6,1,0,1
050,24,035,Maryland,Queen Anne's County,2,6,2319,1187,1132,1037,994,84,62,25,9,9,19,0,1,32,47,1067,1040,96,81,39,31,16,28,2,1,1088,1029,965,914,77,52,7,0,9,19,0,1,30,43,994,956,88,70,19,19,16,28,2,1,99,103,72,80,7,10,18,9,0,0,0,0,2,4,73,84,8,11,20,12,0,0,0,0
050,24,035,Maryland,Queen Anne's County,2,7,2828,1373,1455,1222,1266,94,88,15,20,14,27,0,3,28,51,1249,1315,104,108,26,42,20,38,2,4,1277,1348,1153,1191,86,81,3,3,13,27,0,3,22,43,1175,1232,94,97,11,20,18,38,1,4,96,107,69,75,8,7,12,17,1,0,0,0,6,8,74,83,10,11,15,22,2,0,1,0
050,24,035,Maryland,Queen Anne's County,2,8,2933,1442,1491,1259,1324,104,89,16,21,20,18,0,2,43,37,1298,1358,117,101,39,39,31,26,2,4,1336,1375,1180,1246,96,74,0,5,19,18,0,2,41,30,1217,1273,109,83,22,21,29,24,2,4,106,116,79,78,8,15,16,16,1,0,0,0,2,7,81,85,8,18,17,18,2,2,0,0
050,24,035,Maryland,Queen Anne's County,2,9,2670,1317,1353,1152,1193,96,81,6,10,13,30,3,1,47,38,1196,1224,108,94,35,31,22,40,3,2,1232,1260,1081,1131,91,71,2,1,13,28,3,1,42,28,1121,1154,101,80,27,15,22,37,3,2,85,93,71,62,5,10,4,9,0,2,0,0,5,10,75,70,7,14,8,16,0,3,0,0
050,24,035,Maryland,Queen Anne's County,2,10,2979,1434,1545,1290,1385,79,70,12,11,5,30,0,2,48,47,1336,1430,92,83,39,39,17,41,0,4,1385,1477,1252,1330,78,67,3,4,5,29,0,2,47,45,1297,1373,90,79,30,31,17,40,0,4,49,68,38,55,1,3,9,7,0,1,0,0,1,2,39,57,2,4,9,8,0,1,0,0
050,24,035,Maryland,Queen Anne's County,2,11,3753,1823,1930,1663,1759,80,98,6,11,30,25,1,2,43,35,1703,1792,89,106,34,34,37,30,3,4,1770,1879,1619,1710,79,98,1,10,30,25,1,2,40,34,1656,1742,87,106,27,32,37,30,3,4,53,51,44,49,1,0,5,1,0,0,0,0,3,1,47,50,2,0,7,2,0,0,0,0
050,24,035,Maryland,Queen Anne's County,2,12,4313,2147,2166,1959,1931,123,129,9,10,21,43,0,0,35,53,1992,1983,132,142,34,45,24,48,0,1,2096,2104,1919,1884,120,126,2,3,21,42,0,0,34,49,1951,1932,128,138,27,35,24,47,0,1,51,62,40,47,3,3,7,7,0,1,0,0,1,4,41,51,4,4,7,10,0,1,0,0
050,24,035,Maryland,Queen Anne's County,2,13,3893,1900,1993,1735,1801,116,123,4,3,14,29,0,0,31,37,1764,1837,122,132,25,26,20,35,2,0,1868,1962,1708,1777,114,123,1,0,14,28,0,0,31,34,1737,1810,120,131,22,21,20,34,2,0,32,31,27,24,2,0,3,3,0,1,0,0,0,3,27,27,2,1,3,5,0,1,0,0
050,24,035,Maryland,Queen Anne's County,2,14,3080,1507,1573,1384,1407,103,107,6,6,2,20,0,0,12,33,1395,1433,109,120,13,26,3,25,0,2,1491,1560,1373,1397,102,106,4,5,2,20,0,0,10,32,1382,1422,107,119,9,24,3,25,0,2,16,13,11,10,1,1,2,1,0,0,0,0,2,1,13,11,2,1,4,2,0,0,0,0
050,24,035,Maryland,Queen Anne's County,2,15,2657,1257,1400,1158,1292,78,87,3,1,8,13,0,0,10,7,1167,1298,80,91,11,5,9,14,0,0,1253,1389,1157,1282,78,86,1,1,8,13,0,0,9,7,1165,1288,80,90,8,5,9,14,0,0,4,11,1,10,0,1,2,0,0,0,0,0,1,0,2,10,0,1,3,0,0,0,0,0
050,24,035,Maryland,Queen Anne's County,2,16,2051,967,1084,911,1006,40,56,3,1,3,9,0,0,10,12,920,1017,43,60,10,10,4,10,0,0,956,1082,900,1004,40,56,3,1,3,9,0,0,10,12,909,1015,43,60,10,10,4,10,0,0,11,2,11,2,0,0,0,0,0,0,0,0,0,0,11,2,0,0,0,0,0,0,0,0
050,24,035,Maryland,Queen Anne's County,2,17,1169,560,609,517,545,28,43,4,2,7,2,0,4,4,13,521,557,28,47,8,10,7,5,0,4,555,602,512,538,28,43,4,2,7,2,0,4,4,13,516,550,28,47,8,10,7,5,0,4,5,7,5,7,0,0,0,0,0,0,0,0,0,0,5,7,0,0,0,0,0,0,0,0
050,24,035,Maryland,Queen Anne's County,2,18,877,363,514,333,452,23,44,0,4,6,3,0,0,1,11,334,462,24,47,0,11,6,4,0,1,361,512,331,452,23,43,0,4,6,2,0,0,1,11,332,462,24,46,0,11,6,3,0,1,2,2,2,0,0,1,0,0,0,1,0,0,0,0,2,0,0,1,0,0,0,1,0,0
050,24,035,Maryland,Queen Anne's County,3,0,50921,25238,25683,22316,22698,1558,1541,187,164,268,360,5,15,904,905,23155,23547,1913,1899,555,531,515,591,34,49,23927,24313,21354,21686,1458,1420,38,46,260,342,5,15,812,804,22112,22437,1772,1736,358,365,492,559,29,43,1311,1370,962,1012,100,121,149,118,8,18,0,0,92,101,1043,1110,141,163,197,166,23,32,5,6
050,24,035,Maryland,Queen Anne's County,3,1,2712,1405,1307,1200,1122,79,70,13,11,7,7,0,0,106,97,1298,1213,131,117,43,31,42,41,3,2,1237,1177,1075,1026,64,59,1,0,7,6,0,0,90,86,1160,1107,108,102,23,15,39,37,2,2,168,130,125,96,15,11,12,11,0,1,0,0,16,11,138,106,23,15,20,16,3,4,1,0
050,24,035,Maryland,Queen Anne's County,3,2,2863,1474,1389,1219,1183,99,81,29,11,18,13,0,0,109,101,1320,1277,154,130,56,41,50,41,6,6,1343,1246,1151,1085,82,66,1,1,17,10,0,0,92,84,1237,1163,127,109,19,23,48,35,5,4,131,143,68,98,17,15,28,10,1,3,0,0,17,17,83,114,27,21,37,18,2,6,1,2
050,24,035,Maryland,Queen Anne's County,3,3,3276,1701,1575,1440,1343,92,93,9,8,11,17,0,0,149,114,1576,1450,163,145,56,40,57,51,4,4,1564,1427,1337,1232,83,88,0,0,11,12,0,0,133,95,1459,1320,146,134,37,23,55,43,4,3,137,148,103,111,9,5,9,8,0,5,0,0,16,19,117,130,17,11,19,17,2,8,0,1
050,24,035,Maryland,Queen Anne's County,3,4,3217,1667,1550,1402,1330,101,86,13,14,38,31,0,0,113,89,1505,1414,152,129,50,40,70,55,6,4,1534,1413,1301,1226,91,73,2,0,38,31,0,0,102,83,1395,1304,139,114,34,24,68,53,3,3,133,137,101,104,10,13,11,14,0,0,0,0,11,6,110,110,13,15,16,16,2,2,3,1
050,24,035,Maryland,Queen Anne's County,3,5,2733,1426,1307,1215,1101,110,99,10,8,28,26,0,0,63,73,1275,1171,139,130,30,30,49,47,0,3,1334,1224,1153,1043,98,87,0,3,23,25,0,0,60,66,1210,1106,125,114,19,22,43,45,0,3,92,83,62,58,12,12,10,5,5,1,0,0,3,7,65,65,14,16,11,8,6,2,0,0
050,24,035,Maryland,Queen Anne's County,3,6,2269,1155,1114,1005,984,71,66,24,9,11,13,0,1,44,41,1047,1023,88,81,39,26,26,25,0,3,1062,1007,937,900,70,54,5,3,11,13,0,1,39,36,974,934,85,67,19,17,24,25,0,3,93,107,68,84,1,12,19,6,0,0,0,0,5,5,73,89,3,14,20,9,2,0,0,0
050,24,035,Maryland,Queen Anne's County,3,7,2931,1432,1499,1265,1292,113,104,17,20,11,34,0,3,26,46,1290,1337,122,121,30,37,16,47,0,5,1318,1375,1181,1205,101,91,5,2,10,32,0,3,21,42,1201,1246,109,105,15,19,14,44,0,5,114,124,84,87,12,13,12,18,1,2,0,0,5,4,89,91,13,16,15,18,2,3,0,0
050,24,035,Maryland,Queen Anne's County,3,8,3040,1499,1541,1302,1380,113,75,15,23,25,19,1,0,43,44,1344,1422,125,91,36,42,38,30,1,2,1403,1417,1235,1294,103,63,0,6,24,19,1,0,40,35,1274,1327,113,74,20,21,37,29,1,2,96,124,67,86,10,12,15,17,1,0,0,0,3,9,70,95,12,17,16,21,1,1,0,0
050,24,035,Maryland,Queen Anne's County,3,9,2738,1330,1408,1168,1230,94,92,3,12,17,27,3,3,45,44,1210,1268,108,110,27,34,28,39,3,5,1239,1304,1085,1163,91,77,2,2,17,26,3,3,41,33,1124,1191,103,90,25,18,26,38,3,4,91,104,83,67,3,15,1,10,0,1,0,0,4,11,86,77,5,20,2,16,2,1,0,1
050,24,035,Maryland,Queen Anne's County,3,10,2872,1409,1463,1249,1309,95,68,14,11,9,28,0,0,42,47,1286,1353,107,82,38,36,20,39,2,1,1338,1390,1200,1253,91,62,1,4,9,26,0,0,37,45,1232,1295,102,74,22,29,19,37,2,1,71,73,49,56,4,6,13,7,0,2,0,0,5,2,54,58,5,8,16,7,1,2,0,0
050,24,035,Maryland,Queen Anne's County,3,11,3725,1796,1929,1628,1758,84,102,8,8,26,19,1,4,49,38,1675,1792,95,113,38,31,34,26,3,5,1748,1868,1589,1700,83,101,3,8,26,19,1,4,46,36,1633,1732,93,111,31,31,34,26,3,4,48,61,39,58,1,1,5,0,0,0,0,0,3,2,42,60,2,2,7,0,0,0,0,1
050,24,035,Maryland,Queen Anne's County,3,12,4316,2143,2173,1957,1938,107,126,9,11,24,50,0,0,46,48,2001,1985,114,133,40,44,33,58,2,2,2092,2108,1915,1889,105,123,2,3,24,49,0,0,46,44,1959,1932,112,130,33,32,33,57,2,2,51,65,42,49,2,3,7,8,0,1,0,0,0,4,42,53,2,3,7,12,0,1,0,0
050,24,035,Maryland,Queen Anne's County,3,13,4022,1966,2056,1807,1844,112,133,2,4,14,29,0,0,31,46,1836,1887,118,144,23,34,19,36,1,3,1927,2024,1771,1818,110,133,2,2,14,28,0,0,30,43,1800,1858,115,142,22,29,19,35,1,3,39,32,36,26,2,0,0,2,0,1,0,0,1,3,36,29,3,2,1,5,0,1,0,0
050,24,035,Maryland,Queen Anne's County,3,14,3236,1570,1666,1444,1498,105,115,7,5,3,13,0,0,11,35,1452,1530,107,127,14,30,6,16,2,0,1550,1653,1432,1489,103,114,2,3,3,13,0,0,10,34,1439,1520,105,126,8,27,6,16,2,0,20,13,12,9,2,1,5,2,0,0,0,0,1,1,13,10,2,1,6,3,0,0,0,0
050,24,035,Maryland,Queen Anne's County,3,15,2688,1291,1397,1176,1283,91,88,6,1,8,18,0,0,10,7,1185,1289,93,91,14,6,9,18,0,0,1284,1382,1173,1269,91,87,4,1,8,18,0,0,8,7,1180,1275,93,90,10,6,9,18,0,0,7,15,3,14,0,1,2,0,0,0,0,0,2,0,5,14,0,1,4,0,0,0,0,0
050,24,035,Maryland,Queen Anne's County,3,16,2094,966,1128,907,1055,41,48,3,2,3,10,0,0,12,13,918,1067,45,52,12,10,3,12,1,0,955,1126,896,1053,41,48,3,2,3,10,0,0,12,13,907,1065,45,52,12,10,3,12,1,0,11,2,11,2,0,0,0,0,0,0,0,0,0,0,11,2,0,0,0,0,0,0,0,0
050,24,035,Maryland,Queen Anne's County,3,17,1267,609,658,561,584,29,56,5,2,10,1,0,4,4,11,565,594,30,61,8,9,10,3,0,4,602,651,554,577,29,56,5,2,10,1,0,4,4,11,558,587,30,61,8,9,10,3,0,4,7,7,7,7,0,0,0,0,0,0,0,0,0,0,7,7,0,0,0,0,0,0,0,0
050,24,035,Maryland,Queen Anne's County,3,18,922,399,523,371,464,22,39,0,4,5,5,0,0,1,11,372,475,22,42,1,10,5,7,0,0,397,521,369,464,22,38,0,4,5,4,0,0,1,11,370,475,22,41,1,10,5,6,0,0,2,2,2,0,0,1,0,0,0,1,0,0,0,0,2,0,0,1,0,0,0,1,0,0
050,24,035,Maryland,Queen Anne's County,4,0,51785,25602,26183,22606,23131,1543,1598,198,168,296,379,5,17,954,890,23512,23963,1916,1930,567,544,537,599,46,54,24202,24696,21576,22030,1444,1477,41,44,287,354,5,17,849,774,22387,22757,1769,1766,361,350,514,557,39,48,1400,1487,1030,1101,99,121,157,124,9,25,0,0,105,116,1125,1206,147,164,206,194,23,42,7,6
050,24,035,Maryland,Queen Anne's County,4,1,2761,1431,1330,1200,1163,74,75,14,7,17,7,0,0,126,78,1320,1237,134,114,43,27,58,30,3,2,1263,1196,1074,1060,65,63,1,0,16,6,0,0,107,67,1176,1124,116,97,21,14,55,27,3,1,168,134,126,103,9,12,13,7,1,1,0,0,19,11,144,113,18,17,22,13,3,3,0,1
050,24,035,Maryland,Queen Anne's County,4,2,2857,1482,1375,1237,1197,99,90,23,8,20,5,0,0,103,75,1337,1267,144,128,45,28,52,26,7,2,1343,1210,1148,1067,89,74,0,1,19,5,0,0,87,63,1233,1126,128,106,16,15,48,25,5,2,139,165,89,130,10,16,23,7,1,0,0,0,16,12,104,141,16,22,29,13,4,1,2,0
050,24,035,Maryland,Queen Anne's County,4,3,3274,1692,1582,1435,1349,86,93,13,11,16,20,0,0,142,109,1569,1451,153,138,55,47,60,51,4,6,1557,1426,1334,1242,80,88,1,0,16,15,0,0,126,81,1454,1317,141,123,35,23,57,42,2,3,135,156,101,107,6,5,12,11,0,5,0,0,16,28,115,134,12,15,20,24,3,9,2,3
050,24,035,Maryland,Queen Anne's County,4,4,3161,1649,1512,1381,1291,103,80,13,10,33,30,0,0,119,101,1493,1385,157,125,55,41,61,60,5,4,1506,1382,1273,1192,91,66,2,0,33,29,0,0,107,95,1375,1282,140,108,36,28,60,57,4,4,143,130,108,99,12,14,11,10,0,1,0,0,12,6,118,103,17,17,19,13,1,3,1,0
050,24,035,Maryland,Queen Anne's County,4,5,2805,1453,1352,1235,1118,104,119,7,11,29,30,0,0,78,74,1309,1188,138,151,34,35,53,51,3,2,1349,1262,1164,1052,91,111,0,2,26,29,0,0,68,68,1228,1116,122,142,22,21,48,50,2,2,104,90,71,66,13,8,7,9,3,1,0,0,10,6,81,72,16,9,12,14,5,1,1,0
050,24,035,Maryland,Queen Anne's County,4,6,2395,1243,1152,1078,1020,82,70,21,7,14,14,0,3,48,38,1121,1056,101,85,40,22,27,23,2,4,1132,1044,1003,935,75,57,2,2,12,14,0,3,40,33,1042,966,90,69,15,15,24,23,1,4,111,108,75,85,7,13,19,5,2,0,0,0,8,5,79,90,11,16,25,7,3,0,1,0
050,24,035,Maryland,Queen Anne's County,4,7,2936,1414,1522,1233,1319,112,106,25,14,13,30,0,3,31,50,1262,1367,124,124,38,37,20,44,4,3,1296,1388,1143,1223,102,88,9,2,12,29,0,3,30,43,1171,1264,113,103,22,19,19,42,4,3,118,134,90,96,10,18,16,12,1,1,0,0,1,7,91,103,11,21,16,18,1,2,0,0
050,24,035,Maryland,Queen Anne's County,4,8,3111,1525,1586,1330,1374,109,81,13,31,27,43,1,0,45,57,1373,1426,123,97,30,59,40,58,5,3,1425,1445,1264,1290,95,72,0,4,26,33,1,0,39,46,1301,1333,106,85,15,26,38,46,5,1,100,141,66,84,14,9,13,27,1,10,0,0,6,11,72,93,17,12,15,33,2,12,0,2
050,24,035,Maryland,Queen Anne's County,4,9,2837,1381,1456,1228,1265,84,98,12,15,19,25,3,3,35,50,1263,1312,94,112,28,43,26,35,5,5,1284,1345,1150,1193,80,84,1,5,19,24,3,3,31,36,1181,1227,87,95,16,22,26,32,5,5,97,111,78,72,4,14,11,10,0,1,0,0,4,14,82,85,7,17,12,21,0,3,0,0
050,24,035,Maryland,Queen Anne's County,4,10,2812,1385,1427,1213,1302,95,54,14,11,12,26,0,0,51,34,1261,1333,107,66,44,26,23,33,1,3,1299,1343,1152,1234,89,51,1,3,12,24,0,0,45,31,1194,1262,98,61,29,17,22,31,1,3,86,84,61,68,6,3,13,8,0,2,0,0,6,3,67,71,9,5,15,9,1,2,0,0
050,24,035,Maryland,Queen Anne's County,4,11,3624,1733,1891,1578,1705,80,106,9,1,18,26,1,4,47,49,1624,1749,92,118,38,28,24,36,2,9,1688,1824,1542,1644,79,103,4,1,18,26,1,4,44,46,1585,1686,90,114,31,25,24,36,2,9,45,67,36,61,1,3,5,0,0,0,0,0,3,3,39,63,2,4,7,3,0,0,0,0
050,24,035,Maryland,Queen Anne's County,4,12,4368,2161,2207,1953,1970,118,127,7,25,29,42,0,0,54,43,2004,2008,129,140,42,53,38,48,2,1,2108,2128,1907,1913,118,124,0,11,29,41,0,0,54,39,1958,1948,129,135,35,36,38,47,2,1,53,79,46,57,0,3,7,14,0,1,0,0,0,4,46,60,0,5,7,17,0,1,0,0
050,24,035,Maryland,Queen Anne's County,4,13,4104,2009,2095,1852,1873,104,136,6,4,18,33,0,0,29,49,1881,1920,111,149,25,34,21,42,0,2,1963,2051,1811,1834,100,136,6,2,18,32,0,0,28,47,1839,1879,106,148,25,30,21,40,0,2,46,44,41,39,4,0,0,2,0,1,0,0,1,2,42,41,5,1,0,4,0,2,0,0
050,24,035,Maryland,Queen Anne's County,4,14,3455,1645,1810,1512,1631,105,119,5,4,7,18,0,0,16,38,1526,1667,109,128,15,30,9,24,2,1,1618,1792,1494,1620,102,118,0,2,7,18,0,0,15,34,1507,1653,105,127,10,25,9,22,2,1,27,18,18,11,3,1,5,2,0,0,0,0,1,4,19,14,4,1,5,5,0,2,0,0
050,24,035,Maryland,Queen Anne's County,4,15,2653,1276,1377,1164,1265,85,93,7,1,6,8,0,0,14,10,1177,1274,93,95,14,5,7,12,0,1,1268,1362,1160,1251,85,92,5,1,6,8,0,0,12,10,1171,1260,91,94,12,5,7,12,0,1,8,15,4,14,0,1,2,0,0,0,0,0,2,0,6,14,2,1,2,0,0,0,0,0
050,24,035,Maryland,Queen Anne's County,4,16,2275,1053,1222,982,1141,52,54,2,2,6,15,0,0,11,10,992,1151,55,57,10,8,6,16,1,0,1042,1221,971,1140,52,54,2,2,6,15,0,0,11,10,981,1150,55,57,10,8,6,16,1,0,11,1,11,1,0,0,0,0,0,0,0,0,0,0,11,1,0,0,0,0,0,0,0,0
050,24,035,Maryland,Queen Anne's County,4,17,1370,652,718,603,653,33,51,6,2,6,1,0,4,4,7,607,659,33,53,10,6,6,2,0,5,645,710,596,645,33,51,6,2,6,1,0,4,4,7,600,651,33,53,10,6,6,2,0,5,7,8,7,8,0,0,0,0,0,0,0,0,0,0,7,8,0,0,0,0,0,0,0,0
050,24,035,Maryland,Queen Anne's County,4,18,987,418,569,392,495,18,46,1,4,6,6,0,0,1,18,393,513,19,50,1,15,6,8,0,1,416,567,390,495,18,45,1,4,6,5,0,0,1,18,391,513,19,49,1,15,6,7,0,1,2,2,2,0,0,1,0,0,0,1,0,0,0,0,2,0,0,1,0,0,0,1,0,0
050,24,035,Maryland,Queen Anne's County,5,0,52624,25992,26632,22835,23483,1601,1628,235,190,302,407,8,19,1011,905,23781,24320,1990,1979,634,567,578,630,45,61,24478,25000,21746,22286,1498,1497,45,46,293,373,6,18,890,780,22581,23009,1846,1798,374,353,549,583,36,49,1514,1632,1089,1197,103,131,190,144,9,34,2,1,121,125,1200,1311,144,181,260,214,29,47,9,12
050,24,035,Maryland,Queen Anne's County,5,1,2791,1453,1338,1215,1152,70,86,21,9,19,11,0,0,128,80,1336,1225,130,127,52,28,62,37,5,4,1266,1165,1080,1024,60,67,1,0,18,9,0,0,107,65,1180,1082,111,103,22,12,57,33,5,3,187,173,135,128,10,19,20,9,1,2,0,0,21,15,156,143,19,24,30,16,5,4,0,1
050,24,035,Maryland,Queen Anne's County,5,2,2928,1519,1409,1263,1222,95,80,25,17,21,8,0,0,115,82,1369,1296,153,119,51,41,61,30,6,5,1372,1234,1165,1095,85,68,0,2,20,8,0,0,102,61,1259,1152,137,96,20,16,59,29,5,2,147,175,98,127,10,12,25,15,1,0,0,0,13,21,110,144,16,23,31,25,2,1,1,3
050,24,035,Maryland,Queen Anne's County,5,3,3174,1637,1537,1375,1308,102,101,14,15,13,21,1,1,132,91,1497,1394,165,144,51,38,55,45,7,7,1514,1380,1287,1195,95,88,1,0,13,18,0,0,118,79,1397,1270,152,127,31,18,52,40,5,4,123,157,88,113,7,13,13,15,0,3,1,1,14,12,100,124,13,17,20,20,3,5,2,3
050,24,035,Maryland,Queen Anne's County,5,4,3180,1680,1500,1397,1276,95,77,25,9,26,28,1,0,136,110,1525,1379,153,126,68,45,64,59,7,6,1504,1353,1278,1173,82,64,2,0,26,25,0,0,116,91,1390,1259,131,105,35,26,60,52,5,3,176,147,119,103,13,13,23,9,0,3,1,0,20,19,135,120,22,21,33,19,4,7,2,3
050,24,035,Maryland,Queen Anne's County,5,5,2781,1418,1363,1186,1129,115,117,4,12,24,32,0,0,89,73,1271,1199,151,145,36,36,48,54,1,2,1314,1269,1111,1060,102,106,0,1,22,32,0,0,79,70,1186,1127,135,133,25,23,46,54,1,2,104,94,75,69,13,11,4,11,2,0,0,0,10,3,85,72,16,12,11,13,2,0,0,0
050,24,035,Maryland,Queen Anne's County,5,6,2500,1302,1198,1146,1058,84,70,17,4,12,19,0,3,43,44,1188,1100,99,85,34,22,24,30,2,5,1179,1072,1055,949,75,61,1,3,9,18,0,3,39,38,1093,986,89,74,14,18,21,27,2,5,123,126,91,109,9,9,16,1,3,1,0,0,4,6,95,114,10,11,20,4,3,3,0,0
050,24,035,Maryland,Queen Anne's County,5,7,2910,1403,1507,1203,1306,117,103,32,10,14,24,0,2,37,62,1238,1365,132,126,46,30,23,44,2,4,1284,1388,1122,1219,110,86,9,3,14,23,0,2,29,55,1150,1271,122,106,18,20,22,42,2,4,119,119,81,87,7,17,23,7,0,1,0,0,8,7,88,94,10,20,28,10,1,2,0,0
050,24,035,Maryland,Queen Anne's County,5,8,3171,1567,1604,1366,1381,104,89,17,33,32,52,2,1,46,48,1410,1425,116,104,40,57,44,64,3,3,1446,1442,1283,1284,89,79,1,4,30,34,2,1,41,40,1322,1322,101,90,21,22,41,46,2,2,121,162,83,97,15,10,16,29,2,18,0,0,5,8,88,103,15,14,19,35,3,18,1,1
050,24,035,Maryland,Queen Anne's County,5,9,2980,1416,1564,1249,1361,93,106,21,15,20,29,3,3,30,50,1277,1407,102,126,39,40,26,37,5,5,1310,1443,1172,1282,90,92,2,4,20,28,3,3,23,34,1193,1312,98,106,15,18,24,36,3,5,106,121,77,79,3,14,19,11,0,1,0,0,7,16,84,95,4,20,24,22,2,1,2,0
050,24,035,Maryland,Queen Anne's County,5,10,2835,1433,1402,1238,1271,107,63,12,13,17,31,0,1,59,23,1290,1292,124,70,46,24,30,37,2,3,1346,1298,1176,1190,99,59,2,1,17,29,0,1,52,18,1222,1206,116,64,31,9,28,34,1,3,87,104,62,81,8,4,10,12,0,2,0,0,7,5,68,86,8,6,15,15,2,3,1,0
050,24,035,Maryland,Queen Anne's County,5,11,3439,1665,1774,1518,1597,74,89,10,4,11,26,0,3,52,55,1567,1646,86,105,41,37,22,39,1,3,1609,1699,1472,1527,73,86,4,4,11,26,0,3,49,53,1519,1574,84,101,32,35,22,39,1,3,56,75,46,70,1,3,6,0,0,0,0,0,3,2,48,72,2,4,9,2,0,0,0,0
050,24,035,Maryland,Queen Anne's County,5,12,4284,2083,2201,1875,1965,115,126,10,32,26,33,1,1,56,44,1929,2006,125,138,45,62,37,41,4,2,2035,2121,1836,1913,115,124,2,11,26,32,1,1,55,40,1889,1950,125,135,37,38,36,40,4,2,48,80,39,52,0,2,8,21,0,1,0,0,1,4,40,56,0,3,8,24,1,1,0,0
050,24,035,Maryland,Queen Anne's County,5,13,4296,2113,2183,1935,1967,122,124,6,3,25,36,0,0,25,53,1958,2015,127,137,23,37,30,46,0,4,2063,2135,1890,1923,118,123,6,2,25,35,0,0,24,52,1912,1970,123,135,22,36,30,45,0,4,50,48,45,44,4,1,0,1,0,1,0,0,1,1,46,45,4,2,1,1,0,1,0,0
050,24,035,Maryland,Queen Anne's County,5,14,3657,1740,1917,1588,1730,103,125,5,5,15,20,0,0,29,37,1613,1764,112,135,24,27,21,25,0,3,1709,1894,1568,1716,100,125,0,2,15,20,0,0,26,31,1590,1745,108,134,17,19,21,25,0,2,31,23,20,14,3,0,5,3,0,0,0,0,3,6,23,19,4,1,7,8,0,0,0,1
050,24,035,Maryland,Queen Anne's County,5,15,2750,1318,1432,1200,1291,90,106,7,1,6,14,0,0,15,20,1214,1309,96,112,17,14,6,16,0,1,1305,1417,1190,1278,90,104,5,1,6,14,0,0,14,20,1203,1296,95,110,15,14,6,16,0,1,13,15,10,13,0,2,2,0,0,0,0,0,1,0,11,13,1,2,2,0,0,0,0,0
050,24,035,Maryland,Queen Anne's County,5,16,2318,1064,1254,986,1169,58,66,1,2,8,14,0,0,11,3,996,1172,60,68,8,3,11,14,0,0,1051,1250,976,1165,58,66,1,2,8,14,0,0,8,3,983,1168,60,68,6,3,10,14,0,0,13,4,10,4,0,0,0,0,0,0,0,0,3,0,13,4,0,0,2,0,1,0,0,0
050,24,035,Maryland,Queen Anne's County,5,17,1549,714,835,666,767,34,48,4,2,5,4,0,3,5,11,671,776,35,54,8,10,5,4,0,3,709,828,661,760,34,48,4,2,5,4,0,3,5,11,666,769,35,54,8,10,5,4,0,3,5,7,5,7,0,0,0,0,0,0,0,0,0,0,5,7,0,0,0,0,0,0,0,0
050,24,035,Maryland,Queen Anne's County,5,18,1081,467,614,429,533,23,52,4,4,8,5,0,1,3,19,432,550,24,58,5,16,9,8,0,1,462,612,424,533,23,51,4,4,8,4,0,1,3,19,427,550,24,57,5,16,9,7,0,1,5,2,5,0,0,1,0,0,0,1,0,0,0,0,5,0,0,1,0,0,0,1,0,0
050,24,035,Maryland,Queen Anne's County,6,0,53681,26412,27269,23169,24021,1629,1669,253,219,304,430,8,20,1049,910,24163,24878,2035,2011,671,609,577,646,48,56,24715,25353,21953,22607,1520,1518,46,44,296,387,5,19,895,778,22803,23341,1866,1806,376,359,547,588,38,54,1697,1916,1216,1414,109,151,207,175,8,43,3,1,154,132,1360,1537,169,205,295,250,30,58,10,2
050,24,035,Maryland,Queen Anne's County,6,1,2855,1468,1387,1214,1171,85,102,20,19,20,12,0,0,129,83,1338,1250,148,140,49,39,64,39,5,4,1253,1139,1062,983,73,83,0,0,19,9,0,0,99,64,1157,1045,121,111,18,11,55,34,5,3,215,248,152,188,12,19,20,19,1,3,0,0,30,19,181,205,27,29,31,28,9,5,0,1
050,24,035,Maryland,Queen Anne's County,6,2,3023,1535,1488,1299,1300,86,76,19,18,15,5,0,0,116,89,1407,1383,140,117,45,44,53,32,7,2,1369,1292,1180,1152,75,63,1,1,14,5,0,0,99,71,1272,1219,122,95,20,17,50,31,4,2,166,196,119,148,11,13,18,17,1,0,0,0,17,18,135,164,18,22,25,27,3,1,3,0
050,24,035,Maryland,Queen Anne's County,6,3,3134,1603,1531,1343,1321,90,105,20,13,15,26,1,1,134,65,1473,1386,152,134,55,31,58,44,5,4,1486,1359,1261,1192,86,88,1,1,15,24,0,0,123,54,1380,1246,143,113,30,13,56,40,4,3,117,172,82,129,4,17,19,12,0,2,1,1,11,11,93,140,9,21,25,18,2,4,1,1
050,24,035,Maryland,Queen Anne's County,6,4,3230,1690,1540,1383,1302,100,84,34,13,21,21,1,0,151,120,1525,1417,169,136,88,51,61,55,5,4,1498,1365,1264,1179,88,71,1,0,21,17,0,0,124,98,1382,1272,146,115,39,27,57,47,3,4,192,175,119,123,12,13,33,13,0,4,1,0,27,22,143,145,23,21,49,24,4,8,2,0
050,24,035,Maryland,Queen Anne's County,6,5,2790,1443,1347,1202,1122,125,107,7,17,16,29,1,0,92,72,1291,1187,161,138,37,42,42,49,6,4,1313,1241,1111,1053,109,92,1,1,16,28,0,0,76,67,1184,1113,139,121,23,23,40,48,3,4,130,106,91,69,16,15,6,16,0,1,1,0,16,5,107,74,22,17,14,19,2,1,3,0
050,24,035,Maryland,Queen Anne's County,6,6,2731,1418,1313,1240,1154,87,78,19,9,24,24,0,3,48,45,1287,1194,105,97,38,27,35,36,1,5,1246,1108,1103,977,78,66,2,2,20,23,0,3,43,37,1145,1010,95,83,18,16,30,32,1,5,172,205,137,177,9,12,17,7,4,1,0,0,5,8,142,184,10,14,20,11,5,4,0,0
050,24,035,Maryland,Queen Anne's County,6,7,2826,1380,1446,1195,1266,106,89,26,11,15,21,0,0,38,59,1229,1323,122,113,42,30,23,35,2,4,1274,1323,1121,1170,100,77,7,3,15,20,0,0,31,53,1149,1222,114,97,18,19,22,34,2,4,106,123,74,96,6,12,19,8,0,1,0,0,7,6,80,101,8,16,24,11,1,1,0,0
050,24,035,Maryland,Queen Anne's County,6,8,3252,1572,1680,1368,1436,103,105,27,28,31,62,0,3,43,46,1405,1478,117,119,48,51,43,73,3,6,1433,1537,1284,1361,84,93,1,4,30,38,0,3,34,38,1313,1396,94,104,16,21,42,48,2,6,139,143,84,75,19,12,26,24,1,24,0,0,9,8,92,82,23,15,32,30,1,25,1,0
050,24,035,Maryland,Queen Anne's County,6,9,3163,1533,1630,1348,1425,117,106,20,16,17,34,3,3,28,46,1373,1470,125,118,36,43,24,41,3,5,1415,1491,1259,1333,113,89,2,4,16,32,3,3,22,30,1278,1363,120,98,13,19,23,37,3,5,118,139,89,92,4,17,18,12,1,2,0,0,6,16,95,107,5,20,23,24,1,4,0,0
050,24,035,Maryland,Queen Anne's County,6,10,2820,1432,1388,1242,1246,96,78,8,15,20,22,1,1,65,26,1301,1271,114,86,47,30,35,26,3,2,1335,1279,1168,1165,88,71,4,1,20,21,1,1,54,20,1218,1184,101,77,34,12,35,25,3,2,97,109,74,81,8,7,4,14,0,1,0,0,11,6,83,87,13,9,13,18,0,1,0,0
050,24,035,Maryland,Queen Anne's County,6,11,3333,1583,1750,1413,1573,91,77,11,6,12,39,0,3,56,52,1467,1623,103,92,45,32,24,50,2,5,1532,1653,1374,1487,91,71,3,4,12,38,0,3,52,50,1425,1535,103,84,34,30,22,49,2,5,51,97,39,86,0,6,8,2,0,1,0,0,4,2,42,88,0,8,11,2,2,1,0,0
050,24,035,Maryland,Queen Anne's County,6,12,4107,2000,2107,1805,1893,109,103,13,33,26,27,1,1,46,50,1850,1937,118,118,42,66,35,34,2,2,1940,2032,1759,1844,108,103,3,9,26,26,1,1,43,49,1801,1888,117,117,29,41,35,33,2,2,60,75,46,49,1,0,10,24,0,1,0,0,3,1,49,49,1,1,13,25,0,1,0,0
050,24,035,Maryland,Queen Anne's County,6,13,4443,2172,2271,1999,2042,107,134,8,6,25,36,0,0,33,53,2032,2090,113,150,29,39,29,45,2,1,2116,2203,1950,1987,103,129,6,2,25,36,0,0,32,49,1982,2031,109,143,26,33,29,45,2,1,56,68,49,55,4,5,2,4,0,0,0,0,1,4,50,59,4,7,3,6,0,0,0,0
050,24,035,Maryland,Queen Anne's County,6,14,3878,1828,2050,1667,1832,112,142,5,6,16,32,0,1,28,37,1694,1865,119,150,24,33,20,38,1,2,1798,2021,1645,1812,109,142,0,3,16,31,0,1,28,32,1672,1840,116,149,19,26,20,37,1,2,30,29,22,20,3,0,5,3,0,1,0,0,0,5,22,25,3,1,5,7,0,1,0,0
050,24,035,Maryland,Queen Anne's County,6,15,2888,1373,1515,1253,1353,88,111,5,1,7,19,0,0,20,31,1271,1383,96,121,19,20,7,23,0,1,1355,1502,1239,1343,88,109,5,1,7,19,0,0,16,30,1253,1372,94,118,17,20,7,23,0,1,18,13,14,10,0,2,0,0,0,0,0,0,4,1,18,11,2,3,2,0,0,0,0,0
050,24,035,Maryland,Queen Anne's County,6,16,2379,1096,1283,1004,1194,67,67,3,2,11,14,0,0,11,6,1015,1200,71,69,11,6,11,14,0,0,1083,1274,996,1185,67,67,1,2,11,14,0,0,8,6,1004,1191,70,69,6,6,11,14,0,0,13,9,8,9,0,0,2,0,0,0,0,0,3,0,11,9,1,0,5,0,0,0,0,0
050,24,035,Maryland,Queen Anne's County,6,17,1675,780,895,734,825,31,51,4,2,3,4,0,2,8,11,742,836,33,55,10,9,3,6,0,3,771,890,725,820,31,51,4,2,3,4,0,2,8,11,733,831,33,55,10,9,3,6,0,3,9,5,9,5,0,0,0,0,0,0,0,0,0,0,9,5,0,0,0,0,0,0,0,0
050,24,035,Maryland,Queen Anne's County,6,18,1154,506,648,460,566,29,54,4,4,10,3,0,2,3,19,463,585,29,58,6,16,10,6,1,2,498,644,452,564,29,53,4,4,10,2,0,2,3,19,455,583,29,57,6,16,10,5,1,2,8,4,8,2,0,1,0,0,0,1,0,0,0,0,8,2,0,1,0,0,0,1,0,0
050,24,035,Maryland,Queen Anne's County,7,0,54448,26718,27730,23382,24331,1674,1715,250,231,321,452,10,20,1081,981,24404,25234,2089,2098,688,640,605,701,47,62,24937,25666,22111,22812,1554,1554,49,46,313,406,7,20,903,828,22969,23578,1894,1872,389,376,568,627,41,58,1781,2064,1271,1519,120,161,201,185,8,46,3,0,178,153,1435,1656,195,226,299,264,37,74,6,4
050,24,035,Maryland,Queen Anne's County,7,1,2847,1457,1390,1194,1159,87,94,21,24,21,14,0,0,134,99,1319,1251,151,142,55,50,68,44,4,4,1233,1132,1043,961,73,85,2,0,20,10,0,0,95,76,1132,1032,118,121,21,14,59,37,3,4,224,258,151,198,14,9,19,24,1,4,0,0,39,23,187,219,33,21,34,36,9,7,1,0
050,24,035,Maryland,Queen Anne's County,7,2,3155,1586,1569,1307,1365,109,93,18,14,16,4,0,0,136,93,1430,1449,178,135,53,36,56,37,7,5,1391,1323,1172,1180,94,67,2,0,15,4,0,0,108,72,1271,1246,149,101,25,13,49,31,7,4,195,246,135,185,15,26,16,14,1,0,0,0,28,21,159,203,29,34,28,23,7,6,0,1
050,24,035,Maryland,Queen Anne's County,7,3,3120,1583,1537,1334,1333,88,90,19,20,18,22,1,0,123,72,1452,1400,143,124,54,41,56,44,3,3,1461,1353,1247,1200,82,78,2,2,18,21,0,0,112,52,1355,1249,133,102,30,15,54,38,2,3,122,184,87,133,6,12,17,18,0,1,1,0,11,20,97,151,10,22,24,26,2,6,1,0
050,24,035,Maryland,Queen Anne's County,7,4,3164,1648,1516,1355,1271,99,102,27,10,15,18,1,0,151,115,1501,1379,165,158,76,45,58,50,6,4,1469,1335,1243,1141,90,86,1,0,15,13,0,0,120,95,1360,1230,144,133,33,25,51,40,5,4,179,181,112,130,9,16,26,10,0,5,1,0,31,20,141,149,21,25,43,20,7,10,1,0
050,24,035,Maryland,Queen Anne's County,7,5,2721,1441,1280,1197,1062,102,91,14,13,28,33,3,0,97,81,1294,1140,137,126,51,40,53,54,8,2,1305,1176,1108,991,87,78,1,1,28,32,2,0,79,74,1187,1062,116,111,26,24,51,52,6,2,136,104,89,71,15,13,13,12,0,1,1,0,18,7,107,78,21,15,25,16,2,2,2,0
050,24,035,Maryland,Queen Anne's County,7,6,2928,1492,1436,1303,1233,103,100,14,11,23,22,0,2,49,68,1348,1296,126,127,31,35,38,41,1,5,1296,1210,1140,1039,91,88,2,3,19,21,0,2,44,57,1180,1091,111,111,17,22,33,38,1,5,196,226,163,194,12,12,12,8,4,1,0,0,5,11,168,205,15,16,14,13,5,3,0,0
050,24,035,Maryland,Queen Anne's County,7,7,2871,1425,1446,1217,1250,114,95,30,13,19,28,0,1,45,59,1258,1304,133,120,49,33,30,44,3,6,1312,1310,1137,1151,108,75,8,3,19,28,0,1,40,52,1173,1198,126,97,23,19,29,44,3,6,113,136,80,99,6,20,22,10,0,0,0,0,5,7,85,106,7,23,26,14,1,0,0,0
050,24,035,Maryland,Queen Anne's County,7,8,3268,1600,1668,1407,1432,98,110,27,20,25,56,0,3,43,47,1447,1473,112,126,50,39,34,72,0,5,1482,1537,1336,1355,87,99,1,4,24,37,0,3,34,39,1368,1389,97,112,18,20,33,51,0,4,118,131,71,77,11,11,26,16,1,19,0,0,9,8,79,84,15,14,32,19,1,21,0,1
050,24,035,Maryland,Queen Anne's County,7,9,3273,1586,1687,1394,1480,128,95,15,29,21,40,1,2,27,41,1419,1516,137,107,31,49,25,51,1,7,1455,1518,1299,1375,114,77,0,5,20,31,1,2,21,28,1319,1402,120,85,12,17,24,39,1,5,131,169,95,105,14,18,15,24,1,9,0,0,6,13,100,114,17,22,19,32,1,12,0,2
050,24,035,Maryland,Queen Anne's County,7,10,2773,1376,1397,1191,1224,99,92,14,10,15,30,3,2,54,39,1240,1258,115,105,45,34,27,35,4,4,1273,1289,1111,1147,92,82,6,1,15,28,3,2,46,29,1153,1172,104,92,32,17,26,33,4,4,103,108,80,77,7,10,8,9,0,2,0,0,8,10,87,86,11,13,13,17,1,2,0,0
050,24,035,Maryland,Queen Anne's County,7,11,3195,1539,1656,1349,1488,103,72,11,11,14,31,0,2,62,52,1409,1534,118,90,45,40,27,43,2,3,1476,1549,1304,1397,100,66,3,4,14,30,0,2,55,50,1358,1442,112,82,32,32,27,42,2,3,63,107,45,91,3,6,8,7,0,1,0,0,7,2,51,92,6,8,13,8,0,1,0,0
050,24,035,Maryland,Queen Anne's County,7,12,3939,1878,2061,1708,1854,95,102,8,29,29,30,1,2,37,44,1743,1894,101,115,31,55,39,38,2,3,1820,1987,1659,1802,94,102,3,8,29,30,1,2,34,43,1691,1841,99,114,24,34,39,38,2,3,58,74,49,52,1,0,5,21,0,0,0,0,3,1,52,53,2,1,7,21,0,0,0,0
050,24,035,Maryland,Queen Anne's County,7,13,4589,2223,2366,2038,2115,106,139,11,10,25,46,0,0,43,56,2081,2168,112,153,38,47,34,52,1,3,2163,2297,1989,2064,103,134,4,2,25,45,0,0,42,52,2031,2113,109,146,30,36,34,51,1,3,60,69,49,51,3,5,7,8,0,1,0,0,1,4,50,55,3,7,8,11,0,1,0,0
050,24,035,Maryland,Queen Anne's County,7,14,4067,1919,2148,1755,1929,109,147,3,5,19,31,0,2,33,34,1786,1961,115,155,25,28,24,37,2,3,1891,2109,1733,1899,106,147,0,2,19,30,0,2,33,29,1764,1927,112,154,22,21,24,35,2,3,28,39,22,30,3,0,3,3,0,1,0,0,0,5,22,34,3,1,3,7,0,2,0,0
050,24,035,Maryland,Queen Anne's County,7,15,3084,1465,1619,1337,1440,94,112,6,3,7,24,0,0,21,40,1357,1477,100,123,22,32,7,29,1,0,1445,1604,1324,1428,93,111,4,2,7,24,0,0,17,39,1340,1464,98,121,17,31,7,29,1,0,20,15,13,12,1,1,2,1,0,0,0,0,4,1,17,13,2,2,5,1,0,0,0,0
050,24,035,Maryland,Queen Anne's County,7,16,2417,1122,1295,1017,1193,78,75,4,2,11,14,0,0,12,11,1027,1204,80,78,15,8,13,16,1,0,1111,1289,1011,1188,78,74,2,2,11,14,0,0,9,11,1018,1199,80,77,10,8,12,16,0,0,11,6,6,5,0,1,2,0,0,0,0,0,3,0,9,5,0,1,5,0,1,0,1,0
050,24,035,Maryland,Queen Anne's County,7,17,1781,803,978,753,913,32,47,4,1,5,7,0,0,9,10,762,922,35,49,10,10,6,7,0,0,788,976,738,911,32,47,4,1,5,7,0,0,9,10,747,920,35,49,10,10,6,7,0,0,15,2,15,2,0,0,0,0,0,0,0,0,0,0,15,2,0,0,0,0,0,0,0,0
050,24,035,Maryland,Queen Anne's County,7,18,1256,575,681,526,590,30,59,4,6,10,2,0,4,5,20,531,608,31,65,7,18,10,7,1,5,566,672,517,583,30,58,4,6,10,1,0,4,5,20,522,601,31,64,7,18,10,6,1,5,9,9,9,7,0,1,0,0,0,1,0,0,0,0,9,7,0,1,0,0,0,1,0,0
050,24,037,Maryland,St. Mary's County,1,0,113772,56769,57003,43472,42663,8255,8604,293,348,1482,1966,46,58,3221,3364,46459,45808,9715,10075,1489,1643,2509,3002,173,197,53457,53732,41054,40363,7954,8270,143,180,1448,1903,37,48,2821,2968,43669,43138,9197,9553,1154,1284,2371,2837,144,163,3312,3271,2418,2300,301,334,150,168,34,63,9,10,400,396,2790,2670,518,522,335,359,138,165,29,34
050,24,037,Maryland,St. Mary's County,1,1,7015,3614,3401,2556,2381,545,507,15,19,73,75,1,0,424,419,2959,2776,789,737,114,138,213,215,15,14,3270,3093,2322,2181,506,476,8,9,72,71,1,0,361,356,2664,2516,714,673,73,103,199,189,12,9,344,308,234,200,39,31,7,10,1,4,0,0,63,63,295,260,75,64,41,35,14,26,3,5
050,24,037,Maryland,St. Mary's County,1,2,7617,3938,3679,2788,2494,608,587,19,38,78,97,0,4,445,459,3212,2938,843,814,127,147,230,278,21,20,3644,3385,2587,2328,575,553,8,13,76,86,0,4,398,401,2966,2716,788,756,109,97,205,244,18,16,294,294,201,166,33,34,11,25,2,11,0,0,47,58,246,222,55,58,18,50,25,34,3,4
050,24,037,Maryland,St. Mary's County,1,3,8150,4225,3925,2964,2777,657,570,20,16,99,102,2,8,483,452,3414,3203,922,817,149,129,255,263,14,13,3879,3566,2745,2536,607,530,4,4,99,98,2,7,422,391,3138,2903,833,746,110,91,243,241,13,11,346,359,219,241,50,40,16,12,0,4,0,1,61,61,276,300,89,71,39,38,12,22,1,2
050,24,037,Maryland,St. Mary's County,1,4,7917,3980,3937,2794,2802,672,608,29,23,138,131,1,3,346,370,3119,3157,859,778,130,122,249,268,10,16,3663,3618,2577,2578,647,569,7,9,133,126,0,3,299,333,2857,2897,809,727,93,92,230,249,6,13,317,319,217,224,25,39,22,14,5,5,1,0,47,37,262,260,50,51,37,30,19,19,4,3
050,24,037,Maryland,St. Mary's County,1,5,7445,3866,3579,2911,2644,557,562,30,24,121,91,12,2,235,256,3115,2879,684,671,112,99,188,177,23,18,3564,3311,2679,2452,533,533,16,9,118,89,9,2,209,226,2864,2659,648,627,87,71,175,171,14,16,302,268,232,192,24,29,14,15,3,2,3,0,26,30,251,220,36,44,25,28,13,6,9,2
050,24,037,Maryland,St. Mary's County,1,6,7660,3972,3688,2950,2723,605,594,30,31,135,105,6,8,246,227,3179,2931,709,700,123,116,223,164,10,24,3645,3401,2719,2507,582,570,11,15,135,105,6,3,192,201,2899,2691,660,663,70,88,205,162,9,17,327,287,231,216,23,24,19,16,0,0,0,5,54,26,280,240,49,37,53,28,18,2,1,7
050,24,037,Maryland,St. Mary's County,1,7,7949,3947,4002,3069,2967,566,642,7,24,102,133,1,2,202,234,3260,3182,638,739,94,121,169,221,14,12,3677,3730,2859,2761,550,613,5,10,92,125,1,1,170,220,3020,2965,599,699,75,101,157,210,12,9,270,272,210,206,16,29,2,14,10,8,0,1,32,14,240,217,39,40,19,20,12,11,2,3
050,24,037,Maryland,St. Mary's County,1,8,7589,3807,3782,2988,2850,510,559,27,21,103,171,10,7,169,174,3144,3008,555,629,111,106,168,221,22,15,3569,3551,2807,2687,491,527,13,10,102,167,10,7,146,153,2942,2825,526,583,88,87,159,211,21,15,238,231,181,163,19,32,14,11,1,4,0,0,23,21,202,183,29,46,23,19,9,10,1,0
050,24,037,Maryland,St. Mary's County,1,9,6658,3242,3416,2526,2594,427,474,22,28,116,150,6,8,145,162,2657,2740,471,533,97,121,165,183,10,12,3023,3187,2361,2424,406,460,6,10,116,143,3,7,131,143,2479,2553,438,513,71,90,164,173,7,11,219,229,165,170,21,14,16,18,0,7,3,1,14,19,178,187,33,20,26,31,1,10,3,1
050,24,037,Maryland,St. Mary's County,1,10,6833,3316,3517,2610,2653,447,519,23,27,112,176,2,3,122,139,2723,2783,472,550,105,114,144,211,9,9,3116,3346,2461,2533,429,501,14,13,106,172,0,3,106,124,2558,2649,454,522,80,90,138,206,7,9,200,171,149,120,18,18,9,14,6,4,2,0,16,15,165,134,18,28,25,24,6,5,2,0
050,24,037,Maryland,St. Mary's County,1,11,7859,3851,4008,3018,3066,630,626,16,17,90,181,0,5,97,113,3107,3171,651,658,80,95,112,191,5,14,3713,3878,2905,2970,619,610,10,14,84,179,0,5,95,100,2993,3065,638,636,74,80,105,188,5,14,138,130,113,96,11,16,6,3,6,2,0,0,2,13,114,106,13,22,6,15,7,3,0,0
050,24,037,Maryland,St. Mary's County,1,12,8580,4291,4289,3455,3288,623,660,25,22,87,178,0,2,101,139,3545,3418,655,690,83,111,116,206,3,5,4178,4146,3362,3186,619,648,17,16,87,175,0,2,93,119,3444,3296,645,670,70,92,115,203,3,5,113,143,93,102,4,12,8,6,0,3,0,0,8,20,101,122,10,20,13,19,1,3,0,0
050,24,037,Maryland,St. Mary's County,1,13,7114,3564,3550,2883,2745,485,570,11,17,88,117,1,2,96,99,2963,2831,520,595,67,91,114,134,9,14,3480,3452,2810,2670,481,558,9,17,88,117,1,2,91,88,2885,2748,513,580,63,86,113,131,9,10,84,98,73,75,4,12,2,0,0,0,0,0,5,11,78,83,7,15,4,5,1,3,0,4
050,24,037,Maryland,St. Mary's County,1,14,5234,2511,2723,2071,2166,332,375,14,18,46,116,4,3,44,45,2112,2210,342,390,44,49,54,122,6,4,2452,2669,2020,2128,328,375,12,15,46,107,4,1,42,43,2059,2170,337,389,40,45,54,112,6,2,59,54,51,38,4,0,2,3,0,9,0,2,2,2,53,40,5,1,4,4,0,10,0,2
050,24,037,Maryland,St. Mary's County,1,15,4084,1946,2138,1620,1746,265,286,5,11,38,69,0,0,18,26,1634,1768,272,294,19,34,42,70,2,1,1908,2100,1589,1712,260,286,3,9,38,69,0,0,18,24,1603,1732,267,293,17,30,42,70,2,1,38,38,31,34,5,0,2,2,0,0,0,0,0,2,31,36,5,1,2,4,0,0,0,0
050,24,037,Maryland,St. Mary's County,1,16,2819,1338,1481,1117,1212,172,207,0,4,24,31,0,0,25,27,1142,1238,176,216,18,23,28,33,0,1,1333,1464,1114,1195,170,207,0,4,24,31,0,0,25,27,1139,1221,174,216,18,23,28,33,0,1,5,17,3,17,2,0,0,0,0,0,0,0,0,0,3,17,2,0,0,0,0,0,0,0
050,24,037,Maryland,St. Mary's County,1,17,1735,783,952,673,798,79,121,0,6,19,14,0,0,12,13,685,810,79,123,9,16,22,14,0,2,775,921,665,774,79,121,0,2,19,14,0,0,12,10,677,783,79,123,9,9,22,14,0,2,8,31,8,24,0,0,0,4,0,0,0,0,0,3,8,27,0,0,0,7,0,0,0,0
050,24,037,Maryland,St. Mary's County,1,18,1514,578,936,479,757,75,137,0,2,13,29,0,1,11,10,489,765,78,141,7,11,17,31,0,3,568,914,472,741,72,133,0,1,13,29,0,1,11,9,482,749,75,137,7,9,17,30,0,2,10,22,7,16,3,4,0,1,0,0,0,0,0,1,7,16,3,4,0,2,0,1,0,1
050,24,037,Maryland,St. Mary's County,2,0,113992,56892,57100,43549,42715,8288,8611,300,358,1475,1971,47,60,3233,3385,46544,45804,9714,10179,1409,1528,2566,3072,177,184,53545,53799,41115,40407,7979,8277,143,183,1440,1905,38,49,2830,2978,43734,43135,9230,9663,1045,1150,2451,2921,148,156,3347,3301,2434,2308,309,334,157,175,35,66,9,11,403,407,2810,2669,484,516,364,378,115,151,29,28
050,24,037,Maryland,St. Mary's County,2,1,6986,3608,3378,2550,2363,550,497,14,25,72,73,1,0,421,420,2945,2755,765,714,99,114,233,233,13,8,3263,3059,2320,2163,511,463,7,9,71,69,1,0,353,355,2651,2497,691,648,68,71,216,214,11,5,345,319,230,200,39,34,7,16,1,4,0,0,68,65,294,258,74,66,31,43,17,19,2,3
050,24,037,Maryland,St. Mary's County,2,2,7601,3932,3669,2785,2491,610,581,16,37,78,95,0,3,443,462,3198,2922,836,826,115,148,247,270,19,13,3642,3377,2584,2325,578,549,6,13,75,86,0,3,399,401,2957,2700,786,760,86,99,234,244,16,11,290,292,201,166,32,32,10,24,3,9,0,0,44,61,241,222,50,66,29,49,13,26,3,2
050,24,037,Maryland,St. Mary's County,2,3,8162,4233,3929,2975,2776,656,571,22,18,96,104,3,9,481,451,3432,3193,897,804,143,127,274,265,22,25,3880,3576,2751,2544,605,532,6,5,96,97,3,8,419,390,3148,2906,817,738,98,89,262,241,18,21,353,353,224,232,51,39,16,13,0,7,0,1,62,61,284,287,80,66,45,38,12,24,4,4
050,24,037,Maryland,St. Mary's County,2,4,7879,3970,3909,2777,2780,671,606,30,20,133,131,1,3,358,369,3106,3118,854,785,137,128,263,264,21,14,3646,3586,2559,2557,643,564,6,7,128,126,0,3,310,329,2846,2859,802,728,90,92,245,251,18,13,324,323,218,223,28,42,24,13,5,5,1,0,48,40,260,259,52,57,47,36,18,13,3,1
050,24,037,Maryland,St. Mary's County,2,5,7532,3894,3638,2917,2679,571,572,30,23,126,95,13,3,237,266,3137,2923,679,702,100,98,207,180,24,15,3595,3364,2687,2482,548,542,15,9,123,93,10,3,212,235,2884,2697,643,658,72,68,199,174,20,14,299,274,230,197,23,30,15,14,3,2,3,0,25,31,253,226,36,44,28,30,8,6,4,1
050,24,037,Maryland,St. Mary's County,2,6,7690,4007,3683,2974,2707,614,601,32,35,138,106,5,8,244,226,3199,2912,713,706,120,121,218,174,14,15,3676,3396,2741,2492,587,578,11,18,138,106,5,3,194,199,2921,2674,669,672,72,87,205,170,11,10,331,287,233,215,27,23,21,17,0,0,0,5,50,27,278,238,44,34,48,34,13,4,3,5
050,24,037,Maryland,St. Mary's County,2,7,7991,3974,4017,3088,2972,569,652,9,27,101,130,2,2,205,234,3279,3185,649,749,91,115,167,204,10,12,3694,3734,2869,2760,554,622,6,11,91,121,2,1,172,219,3029,2960,617,713,67,91,155,191,9,11,280,283,219,212,15,30,3,16,10,9,0,1,33,15,250,225,32,36,24,24,12,13,1,1
050,24,037,Maryland,St. Mary's County,2,8,7634,3812,3822,2993,2885,511,558,30,20,100,172,9,7,169,180,3149,3048,570,629,111,99,156,227,16,19,3565,3596,2811,2724,488,529,15,9,99,169,9,7,143,158,2942,2868,539,591,77,77,151,220,15,17,247,226,182,161,23,29,15,11,1,3,0,0,26,22,207,180,31,38,34,22,5,7,1,2
050,24,037,Maryland,St. Mary's County,2,9,6735,3298,3437,2564,2613,440,480,23,27,114,151,6,7,151,159,2702,2751,491,540,97,106,158,197,13,12,3078,3204,2399,2440,419,465,6,11,114,144,3,6,137,138,2524,2562,465,517,71,77,156,186,8,10,220,233,165,173,21,15,17,16,0,7,3,1,14,21,178,189,26,23,26,29,2,11,5,2
050,24,037,Maryland,St. Mary's County,2,10,6761,3285,3476,2595,2621,437,510,21,28,112,173,2,3,118,141,2701,2747,476,559,83,102,145,217,6,11,3086,3306,2446,2500,419,495,13,12,106,169,0,3,102,127,2536,2614,453,540,65,77,137,210,3,11,199,170,149,121,18,15,8,16,6,4,2,0,16,14,165,133,23,19,18,25,8,7,3,0
050,24,037,Maryland,St. Mary's County,2,11,7809,3814,3995,2979,3052,628,621,18,18,89,184,0,5,100,115,3071,3157,656,663,69,79,117,213,7,10,3676,3859,2868,2952,617,604,11,15,83,180,0,5,97,103,2957,3046,645,641,59,69,111,208,7,9,138,136,111,100,11,17,7,3,6,4,0,0,3,12,114,111,11,22,10,10,6,5,0,1
050,24,037,Maryland,St. Mary's County,2,12,8564,4271,4293,3443,3298,617,660,25,22,87,175,0,2,99,136,3533,3420,648,709,85,104,108,200,1,5,4157,4152,3349,3197,613,648,17,16,87,172,0,2,91,117,3431,3302,642,690,72,85,107,195,1,4,114,141,94,101,4,12,8,6,0,3,0,0,8,19,102,118,6,19,13,19,1,5,0,1
050,24,037,Maryland,St. Mary's County,2,13,7170,3600,3570,2914,2751,491,579,10,17,88,120,1,3,96,100,3002,2840,520,616,69,72,110,143,4,10,3518,3471,2841,2675,487,567,8,17,88,120,1,3,93,89,2926,2755,515,598,65,67,110,142,4,8,82,99,73,76,4,12,2,0,0,0,0,0,3,11,76,85,5,18,4,5,0,1,0,2
050,24,037,Maryland,St. Mary's County,2,14,5287,2535,2752,2087,2187,337,379,16,18,48,116,4,4,43,48,2125,2226,353,399,43,43,56,124,4,9,2473,2699,2034,2150,333,379,14,15,48,108,4,1,40,46,2069,2187,348,398,38,39,56,116,4,6,62,53,53,37,4,0,2,3,0,8,0,3,3,2,56,39,5,1,5,4,0,8,0,3
050,24,037,Maryland,St. Mary's County,2,15,4122,1970,2152,1644,1761,265,282,4,11,37,70,0,0,20,28,1662,1783,271,295,18,30,40,74,0,2,1930,2110,1611,1724,260,282,2,9,37,69,0,0,20,26,1629,1745,266,294,16,26,40,73,0,2,40,42,33,37,5,0,2,2,0,1,0,0,0,2,33,38,5,1,2,4,0,1,0,0
050,24,037,Maryland,St. Mary's County,2,16,2811,1325,1486,1102,1219,171,202,0,4,26,34,0,0,26,27,1125,1244,178,213,16,22,31,40,1,2,1320,1469,1098,1202,170,202,0,4,26,34,0,0,26,27,1121,1227,177,213,16,22,31,40,1,2,5,17,4,17,1,0,0,0,0,0,0,0,0,0,4,17,1,0,0,0,0,0,0,0
050,24,037,Maryland,St. Mary's County,2,17,1737,794,943,686,789,81,124,0,6,17,12,0,0,10,12,692,799,85,130,8,12,19,16,1,0,786,912,678,765,81,124,0,2,17,12,0,0,10,9,684,772,85,129,8,7,19,15,1,0,8,31,8,24,0,0,0,4,0,0,0,0,0,3,8,27,0,1,0,5,0,1,0,0
050,24,037,Maryland,St. Mary's County,2,18,1521,570,951,476,771,69,136,0,2,13,30,0,1,12,11,486,781,73,140,5,8,17,31,1,2,560,929,469,755,66,132,0,1,13,30,0,1,12,10,479,764,70,135,5,7,17,31,1,2,10,22,7,16,3,4,0,1,0,0,0,0,0,1,7,17,3,5,0,1,0,0,0,0
050,24,037,Maryland,St. Mary's County,3,0,114567,57085,57482,43515,42750,8483,8920,316,348,1512,2024,51,64,3208,3376,46478,45864,9913,10488,1381,1513,2620,3114,171,195,53626,54038,41054,40384,8130,8535,146,183,1473,1950,41,52,2782,2934,43623,43093,9365,9906,997,1128,2485,2955,150,156,3459,3444,2461,2366,353,385,170,165,39,74,10,12,426,442,2855,2771,548,582,384,385,135,159,21,39
050,24,037,Maryland,St. Mary's County,3,1,6920,3534,3386,2463,2307,557,540,19,21,79,88,3,0,413,430,2853,2709,770,760,112,112,242,257,14,12,3172,3048,2238,2108,512,497,8,10,78,82,3,0,333,351,2553,2439,683,678,69,68,218,231,13,9,362,338,225,199,45,43,11,11,1,6,0,0,80,79,300,270,87,82,43,44,24,26,1,3
050,24,037,Maryland,St. Mary's County,3,2,7566,3894,3672,2757,2494,632,622,11,32,81,93,0,2,413,429,3144,2900,844,845,95,138,243,246,15,18,3590,3373,2544,2324,592,583,2,13,78,89,0,2,374,362,2895,2665,784,774,71,90,230,229,13,13,304,299,213,170,40,39,9,19,3,4,0,0,39,67,249,235,60,71,24,48,13,17,2,5
050,24,037,Maryland,St. Mary's County,3,3,8136,4200,3936,2965,2751,648,592,23,22,91,108,4,9,469,454,3401,3172,887,828,146,132,265,271,18,25,3856,3591,2746,2536,602,548,10,7,91,98,4,8,403,394,3123,2900,808,756,104,94,250,248,16,21,344,345,219,215,46,44,13,15,0,10,0,1,66,60,278,272,79,72,42,38,15,23,2,4
050,24,037,Maryland,St. Mary's County,3,4,7816,3996,3820,2759,2701,678,599,35,16,122,126,2,4,400,374,3129,3050,878,786,147,119,263,255,17,21,3655,3478,2541,2477,636,550,8,2,117,120,1,4,352,325,2867,2783,812,718,97,81,249,240,13,15,341,342,218,224,42,49,27,14,5,6,1,0,48,49,262,267,66,68,50,38,14,15,4,6
050,24,037,Maryland,St. Mary's County,3,5,7707,3921,3786,2885,2790,599,590,36,17,149,116,12,2,240,271,3104,3037,720,723,105,90,232,208,20,15,3632,3508,2671,2588,579,555,16,9,146,114,8,2,212,240,2863,2809,685,671,71,66,224,201,16,13,289,278,214,202,20,35,20,8,3,2,4,0,28,31,241,228,35,52,34,24,8,7,4,2
050,24,037,Maryland,St. Mary's County,3,6,7803,4097,3706,3069,2685,621,636,31,38,152,110,3,10,221,227,3278,2900,711,736,109,122,228,182,13,19,3752,3382,2829,2450,587,610,9,23,150,107,3,5,174,187,2994,2627,658,697,61,84,214,172,12,13,345,324,240,235,34,26,22,15,2,3,0,5,47,40,284,273,53,39,48,38,14,10,1,6
050,24,037,Maryland,St. Mary's County,3,7,8157,4130,4027,3172,2969,621,690,15,34,108,125,5,2,209,207,3362,3162,702,776,102,118,175,191,12,8,3837,3721,2937,2742,608,656,10,13,99,118,5,1,178,191,3100,2920,676,735,76,87,161,182,12,7,293,306,235,227,13,34,5,21,9,7,0,1,31,16,262,242,26,41,26,31,14,9,0,1
050,24,037,Maryland,St. Mary's County,3,8,7713,3764,3949,2934,2994,535,565,23,23,101,170,9,8,162,189,3086,3167,593,644,94,104,154,224,16,16,3498,3706,2749,2817,502,538,12,6,99,168,9,8,127,169,2867,2971,549,609,61,75,145,221,15,15,266,243,185,177,33,27,11,17,2,2,0,0,35,20,219,196,44,35,33,29,9,3,1,1
050,24,037,Maryland,St. Mary's County,3,9,6976,3457,3519,2677,2647,480,523,27,20,117,160,5,9,151,160,2814,2795,535,592,97,95,167,209,9,13,3235,3293,2512,2480,457,502,5,12,117,154,3,7,141,138,2640,2607,510,563,69,73,164,199,7,11,222,226,165,167,23,21,22,8,0,6,2,2,10,22,174,188,25,29,28,22,3,10,2,2
050,24,037,Maryland,St. Mary's County,3,10,6484,3187,3297,2519,2477,427,479,14,28,109,166,3,2,115,145,2621,2604,469,535,71,103,141,211,8,12,2978,3123,2365,2357,405,468,9,8,104,157,0,2,95,131,2449,2474,437,519,53,74,133,200,5,10,209,174,154,120,22,11,5,20,5,9,3,0,20,14,172,130,32,16,18,29,8,11,3,2
050,24,037,Maryland,St. Mary's County,3,11,7642,3687,3955,2868,3013,602,622,23,17,89,191,0,5,105,107,2962,3104,634,661,74,77,118,214,4,10,3540,3796,2755,2896,591,599,13,15,80,185,0,5,101,96,2845,2978,621,634,62,68,109,207,4,9,147,159,113,117,11,23,10,2,9,6,0,0,4,11,117,126,13,27,12,9,9,7,0,1
050,24,037,Maryland,St. Mary's County,3,12,8384,4151,4233,3356,3256,599,659,27,19,85,172,0,3,84,124,3434,3367,620,704,72,93,107,197,6,7,4030,4104,3256,3165,596,643,20,14,85,168,0,3,73,111,3323,3264,615,682,58,78,105,191,5,6,121,129,100,91,3,16,7,5,0,4,0,0,11,13,111,103,5,22,14,15,2,6,1,1
050,24,037,Maryland,St. Mary's County,3,13,7329,3692,3637,2978,2761,524,619,8,15,76,127,1,2,105,113,3072,2861,555,660,66,81,102,151,4,6,3614,3533,2913,2680,517,607,4,15,76,127,1,2,103,102,3006,2770,546,642,61,75,102,148,4,5,78,104,65,81,7,12,4,0,0,0,0,0,2,11,66,91,9,18,5,6,0,3,0,1
050,24,037,Maryland,St. Mary's County,3,14,5481,2629,2852,2144,2251,367,408,18,21,55,110,3,5,42,57,2180,2301,376,431,43,53,67,120,8,8,2559,2805,2085,2215,363,408,16,18,55,106,3,2,37,56,2116,2264,372,430,38,50,65,116,8,5,70,47,59,36,4,0,2,3,0,4,0,3,5,1,64,37,4,1,5,3,2,4,0,3
050,24,037,Maryland,St. Mary's County,3,15,4284,2014,2270,1679,1841,266,304,4,12,37,77,1,0,27,36,1701,1874,274,317,20,33,43,83,3,2,1972,2212,1643,1795,261,303,3,10,37,72,1,0,27,32,1665,1824,269,314,19,29,43,76,3,1,42,58,36,46,5,1,1,2,0,5,0,0,0,4,36,50,5,3,1,4,0,7,0,1
050,24,037,Maryland,St. Mary's County,3,16,2839,1321,1518,1083,1235,176,210,2,4,31,44,0,0,29,25,1108,1258,186,217,17,18,39,49,3,1,1312,1500,1076,1217,175,210,1,4,31,44,0,0,29,25,1101,1240,185,217,16,18,39,49,3,1,9,18,7,18,1,0,1,0,0,0,0,0,0,0,7,18,1,0,1,0,0,0,0,0
050,24,037,Maryland,St. Mary's County,3,17,1804,839,965,729,811,88,129,0,7,15,8,0,0,7,10,736,820,91,134,3,13,16,9,0,0,832,933,723,786,87,129,0,3,15,8,0,0,7,7,730,792,90,132,3,8,16,8,0,0,7,32,6,25,1,0,0,4,0,0,0,0,0,3,6,28,1,2,0,5,0,1,0,0
050,24,037,Maryland,St. Mary's County,3,18,1526,572,954,478,767,63,133,0,2,15,33,0,1,16,18,493,783,68,139,8,12,18,37,1,2,562,932,471,751,60,129,0,1,15,33,0,1,16,17,486,766,65,135,8,10,18,37,1,2,10,22,7,16,3,4,0,1,0,0,0,0,0,1,7,17,3,4,0,2,0,0,0,0
050,24,037,Maryland,St. Mary's County,4,0,114841,57273,57568,43419,42673,8653,9049,325,350,1562,2038,56,68,3258,3390,46414,45788,10110,10625,1388,1486,2678,3153,187,198,53676,54000,40851,40202,8277,8665,159,186,1515,1964,45,57,2829,2926,43458,42893,9537,10027,1017,1093,2531,2982,155,159,3597,3568,2568,2471,376,384,166,164,47,74,11,11,429,464,2956,2895,573,598,371,393,147,171,32,39
050,24,037,Maryland,St. Mary's County,4,1,6965,3545,3420,2435,2308,586,514,19,23,82,86,3,2,420,487,2827,2768,802,764,105,123,243,278,15,16,3185,3057,2220,2098,535,468,9,10,79,80,3,2,339,399,2537,2475,709,672,65,76,219,248,13,12,360,363,215,210,51,46,10,13,3,6,0,0,81,88,290,293,93,92,40,47,24,30,2,4
050,24,037,Maryland,St. Mary's County,4,2,7614,3904,3710,2749,2542,640,647,23,27,85,93,1,2,406,399,3126,2914,847,852,103,123,246,234,12,15,3578,3353,2519,2335,607,611,12,11,78,88,1,2,361,306,2857,2621,792,768,75,70,225,212,10,9,326,357,230,207,33,36,11,16,7,5,0,0,45,93,269,293,55,84,28,53,21,22,2,6
050,24,037,Maryland,St. Mary's County,4,3,8064,4183,3881,2967,2709,659,620,29,30,102,97,2,7,424,418,3361,3098,875,838,135,130,260,248,16,19,3842,3553,2747,2501,613,575,10,13,102,87,2,6,368,371,3088,2846,804,769,92,95,247,229,13,14,341,328,220,208,46,45,19,17,0,10,0,1,56,47,273,252,71,69,43,35,13,19,3,5
050,24,037,Maryland,St. Mary's County,4,4,7916,4101,3815,2799,2694,707,600,27,13,123,116,4,6,441,386,3208,3046,935,797,152,116,279,255,21,23,3712,3469,2548,2456,658,555,10,2,118,109,3,6,375,341,2896,2768,852,730,103,85,255,237,15,21,389,346,251,238,49,45,17,11,5,7,1,0,66,45,312,278,83,67,49,31,24,18,6,2
050,24,037,Maryland,St. Mary's County,4,5,7524,3820,3704,2760,2673,621,592,28,16,132,125,10,3,269,295,3007,2943,751,738,98,98,230,228,21,18,3548,3441,2548,2491,597,554,13,9,131,123,6,3,253,261,2780,2730,720,687,75,72,225,219,17,15,272,263,212,182,24,38,15,7,1,2,4,0,16,34,227,213,31,51,23,26,5,9,4,3
050,24,037,Maryland,St. Mary's County,4,6,7640,4050,3590,3066,2647,578,578,27,40,154,101,4,9,221,215,3267,2851,674,674,108,114,224,168,13,17,3681,3288,2818,2427,540,556,6,20,151,99,3,4,163,182,2971,2599,610,641,53,77,210,160,9,11,369,302,248,220,38,22,21,20,3,2,1,5,58,33,296,252,64,33,55,37,14,8,4,6
050,24,037,Maryland,St. Mary's County,4,7,8165,4141,4024,3110,2952,668,689,28,36,122,122,7,5,206,220,3299,3151,748,789,105,120,197,196,22,9,3866,3723,2874,2723,657,658,19,14,119,121,7,4,190,203,3049,2906,731,749,88,87,190,192,20,7,275,301,236,229,11,31,9,22,3,1,0,1,16,17,250,245,17,40,17,33,7,4,2,2
050,24,037,Maryland,St. Mary's County,4,8,7865,3841,4024,2970,3024,560,611,17,20,113,179,7,6,174,184,3131,3186,622,686,91,102,167,236,15,16,3550,3740,2769,2804,526,592,10,5,106,171,7,6,132,162,2889,2948,572,657,60,70,153,224,15,16,291,284,201,220,34,19,7,15,7,8,0,0,42,22,242,238,50,29,31,32,14,12,0,0
050,24,037,Maryland,St. Mary's County,4,9,7307,3616,3691,2823,2754,495,584,28,16,123,170,8,10,139,157,2948,2896,541,645,86,92,166,215,17,16,3359,3448,2636,2579,467,550,3,14,118,164,6,8,129,133,2751,2701,510,603,56,73,160,203,14,12,257,243,187,175,28,34,25,2,5,6,2,2,10,24,197,195,31,42,30,19,6,12,3,4
050,24,037,Maryland,St. Mary's County,4,10,6391,3147,3244,2454,2431,440,475,14,29,102,162,4,1,133,146,2572,2563,479,531,85,98,140,203,9,7,2945,3055,2309,2296,415,461,7,10,100,155,1,1,113,132,2409,2416,449,511,64,72,135,194,6,6,202,189,145,135,25,14,7,19,2,7,3,0,20,14,163,147,30,20,21,26,5,9,3,1
050,24,037,Maryland,St. Mary's County,4,11,7305,3515,3790,2742,2865,547,604,20,16,97,196,0,4,109,105,2843,2960,583,641,74,72,124,221,6,10,3350,3636,2612,2744,534,586,14,14,86,192,0,4,104,96,2709,2831,567,620,67,62,112,216,5,10,165,154,130,121,13,18,6,2,11,4,0,0,5,9,134,129,16,21,7,10,12,5,1,0
050,24,037,Maryland,St. Mary's County,4,12,8171,4059,4112,3242,3150,621,638,25,18,91,172,1,6,79,128,3313,3265,642,685,67,91,113,198,6,9,3939,3980,3137,3064,618,623,19,11,91,166,1,6,73,110,3204,3163,638,663,57,72,111,191,5,8,120,132,105,86,3,15,6,7,0,6,0,0,6,18,109,102,4,22,10,19,2,7,1,1
050,24,037,Maryland,St. Mary's County,4,13,7382,3683,3699,2967,2787,531,649,13,16,77,138,0,0,95,109,3052,2888,560,684,67,79,98,161,4,5,3600,3590,2899,2701,527,636,5,16,77,138,0,0,92,99,2982,2792,553,668,59,73,98,158,3,4,83,109,68,86,4,13,8,0,0,0,0,0,3,10,70,96,7,16,8,6,0,3,1,1
050,24,037,Maryland,St. Mary's County,4,14,5704,2759,2945,2245,2314,379,433,14,23,58,107,3,6,60,62,2295,2368,401,456,52,58,73,121,6,12,2683,2878,2183,2264,372,430,11,17,58,103,3,4,56,60,2230,2316,391,453,46,51,73,117,6,9,76,67,62,50,7,3,3,6,0,4,0,2,4,2,65,52,10,3,6,7,0,4,0,3
050,24,037,Maryland,St. Mary's County,4,15,4290,2014,2276,1663,1818,276,332,11,11,39,79,2,0,23,36,1683,1850,286,344,23,31,45,87,2,2,1978,2230,1633,1782,272,332,10,11,39,73,2,0,22,32,1652,1811,281,342,21,28,45,80,2,2,36,46,30,36,4,0,1,0,0,6,0,0,1,4,31,39,5,2,2,3,0,7,0,0
050,24,037,Maryland,St. Mary's County,4,16,3065,1411,1654,1179,1353,175,231,2,4,24,50,0,0,31,16,1208,1367,186,237,21,13,28,53,1,0,1392,1630,1163,1331,173,231,1,2,24,50,0,0,31,16,1192,1345,184,237,20,11,28,53,1,0,19,24,16,22,2,0,1,2,0,0,0,0,0,0,16,22,2,0,1,2,0,0,0,0
050,24,037,Maryland,St. Mary's County,4,17,1908,878,1030,756,869,95,124,0,10,17,13,0,0,10,14,764,880,97,130,7,18,20,16,0,1,873,999,751,844,95,124,0,6,17,13,0,0,10,12,759,853,97,130,7,13,20,15,0,1,5,31,5,25,0,0,0,4,0,0,0,0,0,2,5,27,0,0,0,5,0,1,0,0
050,24,037,Maryland,St. Mary's County,4,18,1565,606,959,492,783,75,128,0,2,21,32,0,1,18,13,510,794,81,134,9,8,25,35,1,3,595,930,485,762,71,123,0,1,21,32,0,1,18,11,503,772,77,127,9,6,25,34,1,2,11,29,7,21,4,5,0,1,0,0,0,0,0,2,7,22,4,7,0,2,0,1,0,1
050,24,037,Maryland,St. Mary's County,5,0,115242,57470,57772,43251,42564,8864,9304,353,350,1575,2041,63,69,3364,3444,46363,45726,10380,10928,1459,1479,2747,3185,169,215,53747,54123,40609,39995,8470,8926,158,184,1525,1962,51,58,2934,2998,43324,42747,9791,10338,1040,1095,2610,3017,141,180,3723,3649,2642,2569,394,378,195,166,50,79,12,11,430,446,3039,2979,589,590,419,384,137,168,28,35
050,24,037,Maryland,St. Mary's County,5,1,7021,3590,3431,2411,2291,602,528,21,25,99,81,0,1,457,505,2849,2766,833,792,113,126,286,287,11,19,3227,3101,2203,2101,535,488,6,10,96,74,0,1,387,427,2572,2505,730,707,71,83,263,261,10,13,363,330,208,190,67,40,15,15,3,7,0,0,70,78,277,261,103,85,42,43,23,26,1,6
050,24,037,Maryland,St. Mary's County,5,2,7485,3873,3612,2698,2500,668,632,26,21,81,94,5,3,395,362,3064,2842,875,823,111,102,240,222,17,16,3529,3277,2468,2283,627,593,12,8,75,91,5,3,342,299,2789,2566,806,748,74,63,222,207,15,14,344,335,230,217,41,39,14,13,6,3,0,0,53,63,275,276,69,75,37,39,18,15,2,2
050,24,037,Maryland,St. Mary's County,5,3,7977,4123,3854,2894,2673,679,659,34,28,104,96,1,5,411,393,3278,3038,886,864,136,119,263,237,7,23,3775,3527,2663,2461,633,623,12,12,103,86,1,5,363,340,3002,2778,819,804,94,83,251,215,6,17,348,327,231,212,46,36,22,16,1,10,0,0,48,53,276,260,67,60,42,36,12,22,1,6
050,24,037,Maryland,St. Mary's County,5,4,8026,4127,3899,2839,2706,712,621,22,24,105,114,6,7,443,427,3252,3104,937,839,145,137,261,262,22,26,3737,3519,2577,2454,664,574,7,5,101,106,5,6,383,374,2936,2801,860,766,102,95,244,243,18,22,390,380,262,252,48,47,15,19,4,8,1,1,60,53,316,303,77,73,43,42,17,19,4,4
050,24,037,Maryland,St. Mary's County,5,5,7399,3777,3622,2687,2558,646,598,28,11,118,116,7,5,291,334,2959,2861,786,759,107,106,222,233,15,19,3488,3334,2465,2358,625,561,11,8,116,113,4,5,267,289,2715,2620,755,704,78,81,213,218,12,18,289,288,222,200,21,37,17,3,2,3,3,0,24,45,244,241,31,55,29,25,9,15,3,1
050,24,037,Maryland,St. Mary's County,5,6,7655,4101,3554,3053,2654,608,564,26,24,168,107,9,8,237,197,3273,2832,714,657,106,85,245,171,19,17,3729,3261,2805,2423,560,539,7,13,163,103,7,3,187,180,2978,2589,644,621,57,65,232,163,16,12,372,293,248,231,48,25,19,11,5,4,2,5,50,17,295,243,70,36,49,20,13,8,3,5
050,24,037,Maryland,St. Mary's County,5,7,8173,4122,4051,3089,2960,638,703,33,38,121,124,7,6,234,220,3300,3160,737,805,119,114,199,193,20,16,3838,3736,2850,2721,623,670,20,15,121,124,7,5,217,201,3045,2904,714,761,96,80,197,192,18,14,284,315,239,239,15,33,13,23,0,0,0,1,17,19,255,256,23,44,23,34,2,1,2,2
050,24,037,Maryland,St. Mary's County,5,8,7946,3930,4016,2999,2966,618,643,22,34,122,180,3,2,166,191,3151,3142,682,725,99,117,173,240,11,10,3631,3730,2794,2746,586,626,10,16,112,169,3,2,126,171,2910,2904,633,699,60,84,158,226,9,8,299,286,205,220,32,17,12,18,10,11,0,0,40,20,241,238,49,26,39,33,15,14,2,2
050,24,037,Maryland,St. Mary's County,5,9,7478,3661,3817,2846,2812,519,639,30,12,130,177,10,11,126,166,2957,2964,564,705,90,85,169,223,13,19,3396,3549,2649,2626,496,599,5,5,125,172,8,11,113,136,2749,2749,537,655,55,61,162,214,10,17,265,268,197,186,23,40,25,7,5,5,2,0,13,30,208,215,27,50,35,24,7,9,3,2
050,24,037,Maryland,St. Mary's County,5,10,6435,3159,3276,2481,2447,413,482,25,33,95,162,6,4,139,148,2605,2580,463,537,93,104,140,207,10,14,2960,3067,2329,2287,400,472,8,19,95,155,3,2,125,132,2441,2405,446,522,67,78,137,197,5,12,199,209,152,160,13,10,17,14,0,7,3,2,14,16,164,175,17,15,26,26,3,10,5,2
050,24,037,Maryland,St. Mary's County,5,11,6884,3318,3566,2554,2665,539,596,19,15,97,178,1,4,108,108,2652,2759,573,635,71,71,130,209,3,6,3149,3412,2423,2550,523,578,15,8,84,173,0,4,104,99,2517,2635,556,615,65,58,116,203,2,6,169,154,131,115,16,18,4,7,13,5,1,0,4,9,135,124,17,20,6,13,14,6,1,0
050,24,037,Maryland,St. Mary's County,5,12,7974,3917,4057,3122,3092,620,644,17,22,85,165,1,5,72,129,3189,3208,639,694,58,98,102,195,4,7,3790,3919,3010,2996,617,634,11,15,85,160,1,5,66,109,3071,3093,635,676,47,78,101,188,4,7,127,138,112,96,3,10,6,7,0,5,0,0,6,20,118,115,4,18,11,20,1,7,0,0
050,24,037,Maryland,St. Mary's County,5,13,7503,3724,3779,2978,2852,539,650,21,13,81,158,2,1,103,105,3070,2944,568,687,78,72,105,184,7,10,3637,3667,2905,2769,536,634,13,13,81,157,2,1,100,93,2994,2850,564,668,68,64,105,181,7,9,87,112,73,83,3,16,8,0,0,1,0,0,3,12,76,94,4,19,10,8,0,3,0,1
050,24,037,Maryland,St. Mary's County,5,14,5997,2904,3093,2361,2408,400,491,14,21,59,94,1,6,69,73,2421,2471,420,519,53,60,80,112,2,10,2821,3015,2294,2346,393,486,10,16,59,93,1,4,64,70,2349,2406,411,513,47,53,79,110,2,8,83,78,67,62,7,5,4,5,0,1,0,2,5,3,72,65,9,6,6,7,1,2,0,2
050,24,037,Maryland,St. Mary's County,5,15,4436,2112,2324,1731,1847,281,345,10,12,38,88,4,0,48,32,1775,1874,301,356,38,33,46,92,6,2,2060,2279,1701,1815,280,345,10,11,37,79,4,0,28,29,1726,1839,289,355,24,30,44,83,5,2,52,45,30,32,1,0,0,1,1,9,0,0,20,3,49,35,12,1,14,3,2,9,1,0
050,24,037,Maryland,St. Mary's County,5,16,3216,1459,1757,1205,1426,192,241,5,4,29,59,0,0,28,27,1230,1452,199,252,23,19,34,63,2,0,1422,1729,1181,1401,186,241,1,2,29,59,0,0,25,26,1203,1426,193,251,16,16,34,63,2,0,37,28,24,25,6,0,4,2,0,0,0,0,3,1,27,26,6,1,7,3,0,0,0,0
050,24,037,Maryland,St. Mary's County,5,17,2023,937,1086,783,904,114,143,0,9,20,18,0,0,20,12,802,914,120,148,11,18,25,20,0,0,932,1060,778,880,114,143,0,7,20,18,0,0,20,12,797,890,120,148,11,16,25,20,0,0,5,26,5,24,0,0,0,2,0,0,0,0,0,0,5,24,0,0,0,2,0,0,0,0
050,24,037,Maryland,St. Mary's County,5,18,1614,636,978,520,803,76,125,0,4,23,30,0,1,17,15,536,815,83,131,8,13,27,35,0,1,626,941,514,778,72,120,0,1,23,30,0,1,17,11,530,787,79,125,8,7,27,33,0,1,10,37,6,25,4,5,0,3,0,0,0,0,0,4,6,28,4,6,0,6,0,2,0,0
050,24,037,Maryland,St. Mary's County,6,0,116216,57945,58271,43292,42720,9001,9470,401,362,1654,2081,64,69,3533,3569,46557,46013,10601,11134,1531,1524,2887,3275,198,204,53980,54447,40521,40054,8585,9061,159,182,1602,1997,54,60,3059,3093,43351,42917,9959,10511,1049,1105,2740,3098,163,176,3965,3824,2771,2666,416,409,242,180,52,84,10,9,474,476,3206,3096,642,623,482,419,147,177,35,28
050,24,037,Maryland,St. Mary's County,6,1,7144,3622,3522,2383,2342,571,533,30,26,105,89,1,2,532,530,2887,2848,849,802,138,136,313,298,21,19,3198,3140,2159,2126,507,491,6,13,103,82,1,2,422,426,2558,2533,722,706,73,82,280,268,15,12,424,382,224,216,64,42,24,13,2,7,0,0,110,104,329,315,127,96,65,54,33,30,6,7
050,24,037,Maryland,St. Mary's County,6,2,7408,3840,3568,2640,2484,700,603,31,18,77,99,4,2,388,362,3000,2826,899,787,107,98,232,235,18,10,3498,3239,2411,2264,647,561,10,8,74,95,4,2,352,309,2739,2557,829,719,72,65,219,220,15,9,342,329,229,220,53,42,21,10,3,4,0,0,36,53,261,269,70,68,35,33,13,15,3,1
050,24,037,Maryland,St. Mary's County,6,3,7957,4089,3868,2857,2640,673,688,42,31,109,111,2,7,406,391,3240,3004,872,893,140,123,273,257,17,19,3738,3540,2629,2427,633,655,12,12,104,101,2,7,358,338,2968,2744,810,833,88,81,255,237,15,16,351,328,228,213,40,33,30,19,5,10,0,0,48,53,272,260,62,60,52,42,18,20,2,3
050,24,037,Maryland,St. Mary's County,6,4,8036,4182,3854,2890,2681,695,617,28,23,98,109,4,8,467,416,3325,3070,938,825,150,128,263,265,20,26,3783,3489,2618,2441,643,569,7,5,98,104,4,7,413,363,3005,2780,858,755,104,86,252,246,17,24,399,365,272,240,52,48,21,18,0,5,0,1,54,53,320,290,80,70,46,42,11,19,3,2
050,24,037,Maryland,St. Mary's County,6,5,7448,3779,3669,2642,2567,659,624,31,14,133,107,5,5,309,352,2928,2889,808,798,114,117,240,227,17,21,3420,3347,2373,2342,637,590,8,7,127,101,3,5,272,302,2624,2622,768,742,73,85,227,211,13,19,359,322,269,225,22,34,23,7,6,6,2,0,37,50,304,267,40,56,41,32,13,16,4,2
050,24,037,Maryland,St. Mary's County,6,6,7897,4212,3685,3121,2732,621,592,34,21,181,127,12,5,243,208,3343,2921,728,695,109,79,264,200,20,16,3856,3380,2873,2498,574,552,12,10,178,122,10,1,209,197,3065,2679,667,651,68,64,256,190,17,11,356,305,248,234,47,40,22,11,3,5,2,4,34,11,278,242,61,44,41,15,8,10,3,5
050,24,037,Maryland,St. Mary's County,6,7,8034,4083,3951,3059,2846,649,683,32,35,125,137,7,6,211,244,3250,3068,737,796,109,117,200,221,14,16,3778,3653,2813,2635,623,649,17,15,123,135,7,4,195,215,2992,2831,705,747,85,80,193,214,13,14,305,298,246,211,26,34,15,20,2,2,0,2,16,29,258,237,32,49,24,37,7,7,1,2
050,24,037,Maryland,St. Mary's County,6,8,8100,3990,4110,3032,2990,620,696,17,42,141,170,3,4,177,208,3187,3179,690,786,87,120,200,238,14,15,3679,3791,2802,2745,593,675,8,15,131,160,3,4,142,192,2926,2921,648,757,57,84,187,225,12,15,311,319,230,245,27,21,9,27,10,10,0,0,35,16,261,258,42,29,30,36,13,13,2,0
050,24,037,Maryland,St. Mary's County,6,9,7773,3862,3911,2963,2895,576,634,33,16,138,178,9,9,143,179,3090,3060,628,705,99,98,183,229,14,17,3580,3649,2766,2709,545,598,9,8,133,172,9,9,118,153,2871,2849,589,661,59,74,175,220,13,15,282,262,197,186,31,36,24,8,5,6,0,0,25,26,219,211,39,44,40,24,8,9,1,2
050,24,037,Maryland,St. Mary's County,6,10,6614,3222,3392,2515,2508,442,529,28,27,99,165,8,4,130,159,2633,2651,489,591,91,102,140,209,13,11,2999,3125,2342,2308,431,511,7,9,97,158,3,4,119,135,2450,2432,471,563,62,69,138,198,8,10,223,267,173,200,11,18,21,18,2,7,5,0,11,24,183,219,18,28,29,33,2,11,5,1
050,24,037,Maryland,St. Mary's County,6,11,6650,3220,3430,2478,2578,505,561,23,18,100,157,0,4,114,112,2585,2677,542,604,78,71,137,185,6,9,3044,3284,2344,2468,489,546,13,9,88,153,0,4,110,104,2447,2560,526,586,66,58,125,179,4,9,176,146,134,110,16,15,10,9,12,4,0,0,4,8,138,117,16,18,12,13,12,6,2,0
050,24,037,Maryland,St. Mary's County,6,12,7556,3678,3878,2893,2939,606,638,15,21,79,163,1,4,84,113,2968,3039,633,676,60,84,104,190,3,7,3564,3736,2795,2841,601,621,9,14,78,158,0,4,81,98,2867,2928,627,656,51,66,103,183,2,6,114,142,98,98,5,17,6,7,1,5,1,0,3,15,101,111,6,20,9,18,1,7,1,1
050,24,037,Maryland,St. Mary's County,6,13,7629,3786,3843,3049,2892,530,657,24,14,83,170,1,2,99,108,3138,2988,559,696,82,79,104,191,5,4,3685,3726,2965,2812,527,642,16,14,83,167,1,2,93,89,3048,2890,552,674,70,64,104,188,5,4,101,117,84,80,3,15,8,0,0,3,0,0,6,19,90,98,7,22,12,15,0,3,0,0
050,24,037,Maryland,St. Mary's County,6,14,6268,3040,3228,2413,2491,456,532,13,18,74,93,3,5,81,89,2486,2569,482,564,61,76,95,109,6,7,2955,3124,2345,2408,449,523,9,15,74,93,3,4,75,81,2413,2478,472,552,52,68,93,108,5,6,85,104,68,83,7,9,4,3,0,0,0,1,6,8,73,91,10,12,9,8,2,1,1,1
050,24,037,Maryland,St. Mary's County,6,15,4590,2196,2394,1788,1894,298,355,12,18,33,89,4,1,61,37,1844,1929,321,367,46,40,43,95,6,2,2136,2347,1758,1863,296,355,12,15,32,79,4,0,34,35,1787,1896,307,367,30,35,40,85,6,1,60,47,30,31,2,0,0,3,1,10,0,1,27,2,57,33,14,0,16,5,3,10,0,1
050,24,037,Maryland,St. Mary's County,6,16,3316,1519,1797,1232,1455,204,242,8,6,33,64,0,0,42,30,1273,1482,217,251,35,22,40,69,2,3,1459,1771,1203,1432,199,242,4,4,33,64,0,0,20,29,1223,1459,204,250,14,19,37,69,1,3,60,26,29,23,5,0,4,2,0,0,0,0,22,1,50,23,13,1,21,3,3,0,1,0
050,24,037,Maryland,St. Mary's County,6,17,2174,995,1179,818,968,131,162,0,10,18,24,0,0,28,15,844,980,138,169,15,19,25,26,1,1,988,1156,812,947,130,162,0,8,18,24,0,0,28,15,838,959,137,169,15,17,25,26,1,1,7,23,6,21,1,0,0,2,0,0,0,0,0,0,6,21,1,0,0,2,0,0,0,0
050,24,037,Maryland,St. Mary's County,6,18,1622,630,992,519,818,65,124,0,4,28,29,0,1,18,16,536,833,71,129,10,15,31,31,1,1,620,950,513,788,61,119,0,1,28,29,0,1,18,12,530,799,67,123,10,8,31,31,1,1,10,42,6,30,4,5,0,3,0,0,0,0,0,4,6,34,4,6,0,7,0,0,0,0
050,24,037,Maryland,St. Mary's County,7,0,116692,58298,58394,43344,42665,9106,9483,434,371,1687,2095,71,67,3656,3713,46733,46069,10752,11239,1616,1557,2981,3370,205,217,54141,54449,40474,39906,8673,9055,163,188,1636,2012,60,58,3135,3230,43386,42872,10076,10584,1080,1140,2816,3182,177,185,4157,3945,2870,2759,433,428,271,183,51,83,11,9,521,483,3347,3197,676,655,536,417,165,188,28,32
050,24,037,Maryland,St. Mary's County,7,1,7084,3564,3520,2316,2315,572,528,45,16,97,88,1,2,533,571,2823,2854,845,828,159,131,315,318,13,22,3151,3123,2098,2100,522,473,7,11,97,83,1,2,426,454,2502,2528,734,706,81,78,284,284,11,16,413,397,218,215,50,55,38,5,0,5,0,0,107,117,321,326,111,122,78,53,31,34,2,6
050,24,037,Maryland,St. Mary's County,7,2,7328,3786,3542,2641,2456,671,577,24,24,87,100,4,2,359,383,2976,2814,855,773,95,102,228,254,14,12,3415,3212,2391,2235,608,535,9,9,82,94,4,2,321,337,2691,2551,772,707,66,69,214,238,13,12,371,330,250,221,63,42,15,15,5,6,0,0,38,46,285,263,83,66,29,33,14,16,1,0
050,24,037,Maryland,St. Mary's County,7,3,7902,4090,3812,2791,2590,711,669,45,31,101,115,2,6,440,401,3205,2966,932,874,141,124,276,263,21,20,3714,3491,2554,2374,666,639,8,13,96,106,2,6,388,353,2922,2705,864,822,81,87,258,244,17,18,376,321,237,216,45,30,37,18,5,9,0,0,52,48,283,261,68,52,60,37,18,19,4,2
050,24,037,Maryland,St. Mary's County,7,4,8004,4136,3868,2882,2671,662,616,37,23,94,109,4,8,457,441,3311,3080,898,840,155,138,262,267,22,26,3753,3495,2624,2424,619,572,10,4,94,103,4,7,402,385,3001,2780,829,772,103,95,246,248,20,21,383,373,258,247,43,44,27,19,0,6,0,1,55,56,310,300,69,68,52,43,16,19,2,5
050,24,037,Maryland,St. Mary's County,7,5,7469,3886,3583,2666,2506,695,610,26,17,141,114,6,4,352,332,2995,2812,866,777,122,111,265,224,17,17,3499,3244,2387,2270,662,568,5,7,133,107,4,4,308,288,2676,2536,812,717,80,80,248,208,13,16,387,339,279,236,33,42,21,10,8,7,2,0,44,44,319,276,54,60,42,31,17,16,4,1
050,24,037,Maryland,St. Mary's County,7,6,7945,4257,3688,3141,2710,620,600,28,23,186,116,13,3,269,236,3392,2927,740,711,106,94,286,197,24,12,3904,3385,2891,2479,578,563,12,11,183,112,10,3,230,217,3106,2679,681,666,73,72,273,188,20,12,353,303,250,231,42,37,16,12,3,4,3,0,39,19,286,248,59,45,33,22,13,9,4,0
050,24,037,Maryland,St. Mary's County,7,7,7940,4090,3850,3052,2781,651,662,37,36,146,127,8,8,196,236,3234,3000,734,767,107,113,210,207,16,19,3740,3531,2781,2553,616,623,16,16,144,126,8,2,175,211,2944,2747,691,719,74,82,203,201,16,12,350,319,271,228,35,39,21,20,2,1,0,6,21,25,290,253,43,48,33,31,7,6,0,7
050,24,037,Maryland,St. Mary's County,7,8,8347,4154,4193,3160,3046,653,716,17,44,128,150,4,4,192,233,3335,3258,726,821,91,131,195,231,15,11,3841,3864,2914,2797,627,697,9,15,121,140,4,4,166,211,3068,2989,688,794,68,89,184,216,13,10,313,329,246,249,26,19,8,29,7,10,0,0,26,22,267,269,38,27,23,42,11,15,2,1
050,24,037,Maryland,St. Mary's County,7,9,7885,3877,4008,2943,2964,589,636,40,15,131,195,11,6,163,192,3086,3132,648,722,121,99,183,256,14,18,3561,3722,2734,2754,557,603,10,7,128,190,11,6,121,162,2843,2899,599,674,64,72,173,243,13,15,316,286,209,210,32,33,30,8,3,5,0,0,42,30,243,233,49,48,57,27,10,13,1,3
050,24,037,Maryland,St. Mary's County,7,10,6719,3271,3448,2538,2535,444,559,34,20,110,166,7,7,138,161,2659,2675,492,623,100,98,157,210,16,14,3017,3171,2349,2323,425,536,10,9,106,159,4,7,123,137,2457,2443,466,590,65,69,151,201,13,14,254,277,189,212,19,23,24,11,4,7,3,0,15,24,202,232,26,33,35,29,6,9,3,0
050,24,037,Maryland,St. Mary's County,7,11,6507,3191,3316,2483,2493,484,527,23,27,97,165,2,3,102,101,2575,2582,517,566,71,78,128,196,6,7,3020,3161,2348,2380,474,513,10,11,91,161,0,3,97,93,2435,2462,505,549,55,57,122,191,4,7,171,155,135,113,10,14,13,16,6,4,2,0,5,8,140,120,12,17,16,21,6,5,2,0
050,24,037,Maryland,St. Mary's County,7,12,7352,3564,3788,2739,2848,614,653,17,14,90,173,1,5,103,95,2832,2933,645,687,71,66,121,195,5,8,3447,3649,2648,2744,603,637,12,11,83,167,0,5,101,85,2740,2821,633,667,64,57,114,188,4,7,117,139,91,104,11,16,5,3,7,6,1,0,2,10,92,112,12,20,7,9,7,7,1,1
050,24,037,Maryland,St. Mary's County,7,13,7537,3731,3806,3016,2898,527,616,24,19,76,158,1,2,87,113,3094,3000,554,658,74,82,94,181,5,9,3618,3687,2924,2820,522,596,16,15,76,155,1,2,79,99,2996,2908,546,631,60,71,93,176,5,7,113,119,92,78,5,20,8,4,0,3,0,0,8,14,98,92,8,27,14,11,1,5,0,2
050,24,037,Maryland,St. Mary's County,7,14,6505,3177,3328,2523,2502,470,601,10,18,76,103,3,3,95,101,2608,2586,498,638,65,79,102,126,7,7,3105,3217,2463,2416,465,592,8,15,76,103,3,3,90,88,2543,2492,492,623,60,67,101,123,7,6,72,111,60,86,5,9,2,3,0,0,0,0,5,13,65,94,6,15,5,12,1,3,0,1
050,24,037,Maryland,St. Mary's County,7,15,4735,2237,2498,1789,1984,333,350,16,16,42,100,4,3,53,45,1839,2022,352,368,50,42,51,109,6,5,2170,2452,1746,1954,329,350,14,13,41,91,4,1,36,43,1779,1990,340,367,36,37,50,99,6,3,67,46,43,30,4,0,2,3,1,9,0,2,17,2,60,32,12,1,14,5,1,10,0,2
050,24,037,Maryland,St. Mary's County,7,16,3512,1629,1883,1311,1513,208,261,10,12,35,63,0,0,65,34,1370,1542,231,274,59,33,44,69,2,3,1545,1850,1281,1484,203,261,6,10,35,62,0,0,20,33,1296,1513,210,273,21,30,38,68,0,3,84,33,30,29,5,0,4,2,0,1,0,0,45,1,74,29,21,1,38,3,6,1,2,0
050,24,037,Maryland,St. Mary's County,7,17,2232,995,1237,804,1015,136,171,1,8,22,23,0,0,32,20,831,1032,147,176,18,17,32,30,0,2,992,1212,802,990,135,171,1,8,22,23,0,0,32,20,829,1007,146,176,18,17,32,30,0,2,3,25,2,25,1,0,0,0,0,0,0,0,0,0,2,25,1,0,0,0,0,0,0,0
050,24,037,Maryland,St. Mary's County,7,18,1689,663,1026,549,838,66,131,0,8,28,30,0,1,20,18,568,854,72,136,11,19,32,37,2,5,649,983,539,809,62,126,0,3,28,30,0,1,20,14,558,822,68,131,11,11,32,36,2,4,14,43,10,29,4,5,0,5,0,0,0,0,0,4,10,32,4,5,0,8,0,1,0,1
050,24,039,Maryland,Somerset County,1,0,24615,13449,11166,7157,6453,5634,4081,111,72,107,158,3,2,437,400,7554,6826,5856,4304,347,235,148,212,13,21,12886,10659,6803,6133,5534,3995,58,36,100,153,2,0,389,342,7158,6458,5727,4184,269,170,133,191,6,8,563,507,354,320,100,86,53,36,7,5,1,2,48,58,396,368,129,120,78,65,15,21,7,13
050,24,039,Maryland,Somerset County,1,1,1128,570,558,287,278,228,228,2,7,7,7,0,0,46,38,333,315,264,252,12,14,7,17,0,1,533,507,260,245,222,219,2,4,6,7,0,0,43,32,303,277,255,238,12,9,6,15,0,0,37,51,27,33,6,9,0,3,1,0,0,0,3,6,30,38,9,14,0,5,1,2,0,1
050,24,039,Maryland,Somerset County,1,2,1212,630,582,327,290,247,244,6,9,7,1,1,0,42,38,368,328,268,276,26,11,12,5,1,1,567,523,289,257,242,232,1,0,6,1,1,0,28,33,316,290,254,260,16,1,11,5,1,0,63,59,38,33,5,12,5,9,1,0,0,0,14,5,52,38,14,16,10,10,1,0,0,1
050,24,039,Maryland,Somerset County,1,3,1230,610,620,322,323,208,232,12,10,5,19,0,0,63,36,377,356,251,256,38,27,13,22,1,0,556,561,290,281,203,223,1,4,5,19,0,0,57,34,341,314,241,245,24,19,9,20,0,0,54,59,32,42,5,9,11,6,0,0,0,0,6,2,36,42,10,11,14,8,4,2,1,0
050,24,039,Maryland,Somerset County,1,4,1743,829,914,332,353,428,503,0,7,7,7,0,0,62,44,389,395,474,531,18,24,12,10,0,1,778,853,301,310,418,496,0,4,5,7,0,0,54,36,350,344,459,524,15,14,10,8,0,0,51,61,31,43,10,7,0,3,2,0,0,0,8,8,39,51,15,7,3,10,2,2,0,1
050,24,039,Maryland,Somerset County,1,5,2217,1202,1015,368,310,778,653,8,3,9,14,0,0,39,35,398,343,798,671,28,9,18,27,6,3,1144,956,333,282,765,635,5,0,9,11,0,0,32,28,358,309,781,652,19,2,18,21,4,0,58,59,35,28,13,18,3,3,0,3,0,0,7,7,40,34,17,19,9,7,0,6,2,3
050,24,039,Maryland,Somerset County,1,6,1695,1144,551,455,290,650,222,18,3,9,15,0,0,12,21,466,309,657,236,25,14,10,16,0,1,1090,519,424,269,635,216,10,3,9,15,0,0,12,16,435,285,642,225,17,10,10,16,0,0,54,32,31,21,15,6,8,0,0,0,0,0,0,5,31,24,15,11,8,4,0,0,0,1
050,24,039,Maryland,Somerset County,1,7,1646,1104,542,473,316,588,204,6,0,10,8,1,0,26,14,497,327,601,209,21,10,14,8,2,2,1065,515,451,294,578,203,3,0,10,7,0,0,23,11,474,303,588,205,15,9,14,7,0,2,39,27,22,22,10,1,3,0,0,1,1,0,3,3,23,24,13,4,6,1,0,1,2,0
050,24,039,Maryland,Somerset County,1,8,1547,992,555,503,319,461,209,11,2,3,8,0,1,14,16,517,335,462,212,24,13,5,12,2,4,953,526,477,298,453,205,8,2,3,8,0,0,12,13,489,311,454,208,19,12,3,10,0,2,39,29,26,21,8,4,3,0,0,0,0,1,2,3,28,24,8,4,5,1,2,2,2,2
050,24,039,Maryland,Somerset County,1,9,1401,852,549,423,330,394,178,4,0,9,5,1,0,21,36,440,365,407,193,16,15,11,13,1,2,807,529,392,318,388,178,0,0,6,5,1,0,20,28,408,346,401,190,12,12,7,9,1,0,45,20,31,12,6,0,4,0,3,0,0,0,1,8,32,19,6,3,4,3,4,4,0,2
050,24,039,Maryland,Somerset County,1,10,1306,746,560,402,372,316,156,2,0,5,20,0,0,21,12,423,383,316,164,21,4,7,22,0,3,712,536,378,357,308,154,2,0,5,20,0,0,19,5,397,361,308,155,19,1,7,22,0,3,34,24,24,15,8,2,0,0,0,0,0,0,2,7,26,22,8,9,2,3,0,0,0,0
050,24,039,Maryland,Somerset County,1,11,1409,775,634,438,399,310,197,7,2,9,15,0,0,11,21,449,419,311,203,17,15,9,19,0,0,756,611,425,386,308,189,3,2,9,14,0,0,11,20,436,406,309,194,13,14,9,17,0,0,19,23,13,13,2,8,4,0,0,1,0,0,0,1,13,13,2,9,4,1,0,2,0,0
050,24,039,Maryland,Somerset County,1,12,1794,977,817,615,532,324,239,4,2,12,13,0,0,22,31,635,555,327,256,24,22,13,14,0,1,964,807,604,524,322,239,4,2,12,13,0,0,22,29,624,546,325,254,24,22,13,14,0,0,13,10,11,8,2,0,0,0,0,0,0,0,0,2,11,9,2,2,0,0,0,0,0,1
050,24,039,Maryland,Somerset County,1,13,1746,885,861,603,582,244,244,15,13,7,11,0,0,16,11,619,592,248,254,26,13,8,12,0,1,871,842,595,576,242,240,12,4,7,11,0,0,15,11,610,586,246,250,22,4,8,12,0,1,14,19,8,6,2,4,3,9,0,0,0,0,1,0,9,6,2,4,4,9,0,0,0,0
050,24,039,Maryland,Somerset County,1,14,1569,793,776,565,566,191,182,12,0,4,7,0,1,21,20,586,584,191,192,33,12,4,7,0,1,775,765,553,560,190,179,7,0,4,7,0,0,21,19,574,577,190,188,28,12,4,7,0,0,18,11,12,6,1,3,5,0,0,0,0,1,0,1,12,7,1,4,5,0,0,0,0,1
050,24,039,Maryland,Somerset County,1,15,1170,564,606,433,445,123,142,0,1,1,4,0,0,7,14,438,459,126,149,6,8,1,4,0,0,560,596,430,437,122,140,0,1,1,4,0,0,7,14,435,451,125,147,6,8,1,4,0,0,4,10,3,8,1,2,0,0,0,0,0,0,0,0,3,8,1,2,0,0,0,0,0,0
050,24,039,Maryland,Somerset County,1,16,816,395,421,308,317,82,88,1,8,0,1,0,0,4,7,310,324,85,89,3,14,1,1,0,0,380,413,301,312,76,88,0,5,0,1,0,0,3,7,302,319,79,89,2,11,0,1,0,0,15,8,7,5,6,0,1,3,0,0,0,0,1,0,8,5,6,0,1,3,1,0,0,0
050,24,039,Maryland,Somerset County,1,17,524,228,296,186,207,39,82,0,1,0,3,0,0,3,3,189,210,40,82,2,4,0,3,0,0,228,296,186,207,39,82,0,1,0,3,0,0,3,3,189,210,40,82,2,4,0,3,0,0,0,0,0,0,0,0,0,0,0,0,0,0,0,0,0,0,0,0,0,0,0,0,0,0
050,24,039,Maryland,Somerset County,1,18,462,153,309,117,224,23,78,3,4,3,0,0,0,7,3,120,227,30,79,7,6,3,0,0,0,147,304,114,220,23,77,0,4,3,0,0,0,7,3,117,223,30,78,4,6,3,0,0,0,6,5,3,4,0,1,3,0,0,0,0,0,0,0,3,4,0,1,3,0,0,0,0,0
050,24,039,Maryland,Somerset County,2,0,24557,13443,11114,7104,6405,5652,4056,111,72,107,154,3,2,466,425,7522,6789,5906,4275,305,249,170,215,25,22,12877,10605,6755,6090,5545,3970,58,35,101,149,2,0,416,361,7125,6413,5773,4161,228,179,157,200,23,20,566,509,349,315,107,86,53,37,6,5,1,2,50,64,397,376,133,114,77,70,13,15,2,2
050,24,039,Maryland,Somerset County,2,1,1119,563,556,288,274,224,227,2,8,6,6,0,0,43,41,330,311,253,251,10,20,12,14,1,1,525,501,261,240,217,217,2,4,5,6,0,0,40,34,300,271,243,238,10,12,11,13,1,1,38,55,27,34,7,10,0,4,1,0,0,0,3,7,30,40,10,13,0,8,1,1,0,0
050,24,039,Maryland,Somerset County,2,2,1197,622,575,322,286,242,241,6,9,8,2,1,0,43,37,362,316,271,268,20,19,13,9,4,2,563,516,286,254,238,229,1,0,7,2,1,0,30,31,313,278,260,251,9,8,10,8,4,2,59,59,36,32,4,12,5,9,1,0,0,0,13,6,49,38,11,17,11,11,3,1,0,0
050,24,039,Maryland,Somerset County,2,3,1230,605,625,317,327,206,231,11,9,5,19,0,0,66,39,378,362,250,256,29,20,16,23,3,3,552,567,286,285,202,224,1,3,5,19,0,0,58,36,339,317,242,248,15,13,15,22,2,3,53,58,31,42,4,7,10,6,0,0,0,0,8,3,39,45,8,8,14,7,1,1,1,0
050,24,039,Maryland,Somerset County,2,4,1732,822,910,336,349,419,502,1,8,6,7,0,0,60,44,386,390,457,526,22,24,16,12,5,2,767,852,301,310,409,494,0,5,5,7,0,0,52,36,344,343,444,517,17,15,13,11,5,2,55,58,35,39,10,8,1,3,1,0,0,0,8,8,42,47,13,9,5,9,3,1,0,0
050,24,039,Maryland,Somerset County,2,5,2340,1302,1038,368,308,847,663,8,2,10,14,0,0,69,51,428,354,889,698,29,15,22,22,4,2,1234,978,334,278,824,645,5,0,10,11,0,0,61,44,387,317,861,676,21,11,22,16,4,2,68,60,34,30,23,18,3,2,0,3,0,0,8,7,41,37,28,22,8,4,0,6,0,0
050,24,039,Maryland,Somerset County,2,6,1670,1132,538,446,285,646,213,18,3,8,11,0,0,14,26,459,310,654,224,25,15,9,14,0,1,1080,505,416,265,632,207,10,2,8,11,0,0,14,20,429,284,640,216,17,10,9,14,0,1,52,33,30,20,14,6,8,1,0,0,0,0,0,6,30,26,14,8,8,5,0,0,0,0
050,24,039,Maryland,Somerset County,2,7,1619,1093,526,468,307,581,200,6,0,11,6,1,0,26,13,489,320,594,206,17,6,17,7,2,0,1055,500,446,287,571,198,3,0,11,5,0,0,24,10,465,297,583,203,14,4,16,6,1,0,38,26,22,20,10,2,3,0,0,1,1,0,2,3,24,23,11,3,3,2,1,1,1,0
050,24,039,Maryland,Somerset County,2,8,1541,985,556,500,322,457,206,12,2,3,9,0,1,13,16,511,336,461,212,21,11,5,11,0,3,944,527,474,302,449,202,8,2,3,9,0,0,10,12,482,312,453,206,14,10,5,10,0,2,41,29,26,20,8,4,4,0,0,0,0,1,3,4,29,24,8,6,7,1,0,1,0,1
050,24,039,Maryland,Somerset County,2,9,1387,847,540,417,322,395,177,4,0,8,5,1,0,22,36,438,352,403,194,17,16,9,11,2,3,805,519,389,309,389,177,0,0,5,5,1,0,21,28,409,332,397,190,12,12,6,10,2,3,42,21,28,13,6,0,4,0,3,0,0,0,1,8,29,20,6,4,5,4,3,1,0,0
050,24,039,Maryland,Somerset County,2,10,1283,739,544,399,365,313,146,2,0,5,19,0,0,20,14,417,378,321,149,11,11,8,22,2,1,704,521,374,350,305,145,2,0,5,19,0,0,18,7,390,357,312,147,11,5,7,21,2,1,35,23,25,15,8,1,0,0,0,0,0,0,2,7,27,21,9,2,0,6,1,1,0,0
050,24,039,Maryland,Somerset County,2,11,1390,761,629,430,399,305,193,6,2,9,15,0,0,11,20,440,417,308,202,14,12,10,17,0,1,745,606,419,387,303,185,3,2,9,14,0,0,11,18,429,403,306,192,11,12,10,16,0,1,16,23,11,12,2,8,3,0,0,1,0,0,0,2,11,14,2,10,3,0,0,1,0,0
050,24,039,Maryland,Somerset County,2,12,1760,959,801,598,517,322,239,4,2,12,14,0,0,23,29,619,546,330,249,22,19,13,15,0,1,944,791,585,509,320,239,4,2,12,14,0,0,23,27,606,536,328,247,22,19,13,15,0,1,15,10,13,8,2,0,0,0,0,0,0,0,0,2,13,10,2,2,0,0,0,0,0,0
050,24,039,Maryland,Somerset County,2,13,1722,872,850,598,572,237,242,14,13,8,11,0,0,15,12,612,584,243,245,22,19,9,14,1,0,860,833,590,567,236,239,12,4,8,11,0,0,14,12,603,579,241,242,20,10,9,14,1,0,12,17,8,5,1,3,2,9,0,0,0,0,1,0,9,5,2,3,2,9,0,0,0,0
050,24,039,Maryland,Somerset County,2,14,1578,790,788,564,575,189,184,13,0,4,8,0,1,20,20,581,591,195,193,28,11,5,12,1,2,772,775,553,568,188,180,7,0,4,8,0,0,20,19,570,583,194,189,22,10,5,12,1,1,18,13,11,7,1,4,6,0,0,0,0,1,0,1,11,8,1,4,6,1,0,0,0,1
050,24,039,Maryland,Somerset County,2,15,1180,572,608,440,449,123,141,0,1,1,3,0,0,8,14,448,461,125,146,5,11,2,5,0,0,568,598,437,441,122,139,0,1,1,3,0,0,8,14,445,453,124,144,5,11,2,5,0,0,4,10,3,8,1,2,0,0,0,0,0,0,0,0,3,8,1,2,0,0,0,0,0,0
050,24,039,Maryland,Somerset County,2,16,821,401,420,310,315,86,88,1,7,0,2,0,0,4,8,313,323,89,91,4,12,0,3,0,0,387,413,304,310,80,88,0,5,0,2,0,0,3,8,306,318,82,91,2,10,0,3,0,0,14,7,6,5,6,0,1,2,0,0,0,0,1,0,7,5,7,0,2,2,0,0,0,0
050,24,039,Maryland,Somerset County,2,17,524,225,299,184,210,39,83,0,2,0,2,0,0,2,2,186,212,39,84,2,3,0,2,0,0,224,297,183,209,39,83,0,1,0,2,0,0,2,2,185,211,39,84,2,2,0,2,0,0,1,2,1,1,0,0,0,1,0,0,0,0,0,0,1,1,0,0,0,1,0,0,0,0
050,24,039,Maryland,Somerset County,2,18,464,153,311,119,223,21,80,3,4,3,1,0,0,7,3,125,226,24,81,7,5,4,2,0,0,148,306,117,219,21,79,0,4,3,1,0,0,7,3,123,222,24,80,4,5,4,2,0,0,5,5,2,4,0,1,3,0,0,0,0,0,0,0,2,4,0,1,3,0,0,0,0,0
050,24,039,Maryland,Somerset County,3,0,24095,13042,11053,6939,6420,5379,3953,109,76,108,147,3,4,504,453,7382,6835,5658,4197,308,260,188,207,21,25,12443,10515,6575,6090,5260,3863,53,36,102,142,2,1,451,383,6976,6439,5509,4075,226,187,172,189,20,19,599,538,364,330,119,90,56,40,6,5,1,3,53,70,406,396,149,122,82,73,16,18,1,6
050,24,039,Maryland,Somerset County,3,1,1114,577,537,286,284,229,206,6,7,2,2,0,0,54,38,330,320,268,231,23,15,9,7,2,2,532,484,262,248,218,196,2,4,1,2,0,0,49,34,304,280,254,219,16,11,6,6,2,2,45,53,24,36,11,10,4,3,1,0,0,0,5,4,26,40,14,12,7,4,3,1,0,0
050,24,039,Maryland,Somerset County,3,2,1226,651,575,344,294,241,223,5,10,13,8,1,0,47,40,388,331,271,249,16,20,22,13,2,4,597,510,310,260,236,211,1,0,12,8,1,0,37,31,345,288,261,232,8,7,19,11,2,3,54,65,34,34,5,12,4,10,1,0,0,0,10,9,43,43,10,17,8,13,3,2,0,1
050,24,039,Maryland,Somerset County,3,3,1239,614,625,309,324,218,233,10,7,5,18,0,0,72,43,372,360,267,263,28,20,17,24,4,2,560,561,276,276,214,228,1,1,5,18,0,0,64,38,332,307,257,256,16,12,16,23,4,2,54,64,33,48,4,5,9,6,0,0,0,0,8,5,40,53,10,7,12,8,1,1,0,0
050,24,039,Maryland,Somerset County,3,4,1713,787,926,330,347,392,513,3,9,6,9,0,0,56,48,376,392,427,540,21,24,18,15,1,3,727,869,293,314,381,501,0,6,5,9,0,0,48,39,333,350,412,527,14,17,15,12,1,2,60,57,37,33,11,12,3,3,1,0,0,0,8,9,43,42,15,13,7,7,3,3,0,1
050,24,039,Maryland,Somerset County,3,5,2341,1291,1050,364,308,836,676,7,1,10,10,0,0,74,55,425,360,887,710,29,15,25,20,2,2,1214,989,323,270,809,661,6,1,10,8,0,0,66,49,377,317,856,692,23,12,24,16,2,2,77,61,41,38,27,15,1,0,0,2,0,0,8,6,48,43,31,18,6,3,1,4,0,0
050,24,039,Maryland,Somerset County,3,6,1605,1058,547,422,317,589,182,18,8,6,8,0,1,23,31,442,346,601,197,29,22,10,13,1,2,1002,507,394,297,575,175,8,2,6,7,0,1,19,25,410,321,585,188,17,12,10,11,1,2,56,40,28,20,14,7,10,6,0,1,0,0,4,6,32,25,16,9,12,10,0,2,0,0
050,24,039,Maryland,Somerset County,3,7,1496,1001,495,436,286,521,190,4,0,13,3,0,0,27,16,463,301,530,198,17,7,16,5,2,0,971,468,419,271,510,186,3,0,13,2,0,0,26,9,445,280,519,190,15,3,16,4,2,0,30,27,17,15,11,4,1,0,0,1,0,0,1,7,18,21,11,8,2,4,0,1,0,0
050,24,039,Maryland,Somerset County,3,8,1486,925,561,472,337,417,197,12,3,5,10,1,1,18,13,489,348,425,203,20,10,8,12,1,2,873,531,439,317,409,191,6,3,5,10,0,0,14,10,452,325,415,195,12,9,8,12,0,1,52,30,33,20,8,6,6,0,0,0,1,1,4,3,37,23,10,8,8,1,0,0,1,1
050,24,039,Maryland,Somerset County,3,9,1335,795,540,406,316,359,185,4,0,6,7,1,0,19,32,423,343,367,203,15,14,8,13,1,1,758,517,384,301,351,185,0,0,3,7,1,0,19,24,401,320,359,198,11,11,5,12,1,1,37,23,22,15,8,0,4,0,3,0,0,0,0,8,22,23,8,5,4,3,3,1,0,0
050,24,039,Maryland,Somerset County,3,10,1201,708,493,380,334,301,127,2,0,6,13,0,0,19,19,396,350,310,135,13,11,8,15,0,2,667,471,348,317,294,127,2,0,6,13,0,0,17,14,364,329,301,133,12,8,7,15,0,1,41,22,32,17,7,0,0,0,0,0,0,0,2,5,32,21,9,2,1,3,1,0,0,1
050,24,039,Maryland,Somerset County,3,11,1348,714,634,410,415,283,177,4,1,4,17,0,1,13,23,423,437,289,188,11,15,4,21,0,1,701,604,401,400,282,168,2,1,4,16,0,0,12,19,413,418,287,177,9,12,4,18,0,0,13,30,9,15,1,9,2,0,0,1,0,1,1,4,10,19,2,11,2,3,0,3,0,1
050,24,039,Maryland,Somerset County,3,12,1664,891,773,545,495,307,234,4,2,14,18,0,0,21,24,566,519,311,242,18,16,18,19,0,1,868,762,526,486,304,234,3,2,14,18,0,0,21,22,547,508,308,241,17,15,18,19,0,1,23,11,19,9,3,0,1,0,0,0,0,0,0,2,19,11,3,1,1,1,0,0,0,0
050,24,039,Maryland,Somerset County,3,13,1689,858,831,597,555,224,234,11,13,7,10,0,0,19,19,613,573,231,240,24,26,8,12,1,1,850,820,590,554,224,234,11,4,7,10,0,0,18,18,605,571,231,240,23,16,8,12,1,1,8,11,7,1,0,0,0,9,0,0,0,0,1,1,8,2,0,0,1,10,0,0,0,0
050,24,039,Maryland,Somerset County,3,14,1582,779,803,558,581,185,189,14,1,7,9,0,1,15,22,571,599,186,198,24,15,11,11,3,2,756,783,543,570,183,182,8,1,7,9,0,0,15,21,556,587,184,190,18,15,11,11,3,1,23,20,15,11,2,7,6,0,0,0,0,1,0,1,15,12,2,8,6,0,0,0,0,1
050,24,039,Maryland,Somerset County,3,15,1277,630,647,486,491,129,142,1,1,1,0,0,0,13,13,499,503,133,148,8,9,2,0,1,0,627,637,484,483,129,140,0,1,1,0,0,0,13,13,497,495,133,146,7,9,2,0,1,0,3,10,2,8,0,2,1,0,0,0,0,0,0,0,2,8,0,2,1,0,0,0,0,0
050,24,039,Maryland,Somerset County,3,16,815,397,418,299,315,94,87,0,3,0,2,0,0,4,11,302,326,96,91,2,9,1,3,0,0,384,415,294,312,87,87,0,3,0,2,0,0,3,11,297,323,88,91,2,9,0,3,0,0,13,3,5,3,7,0,0,0,0,0,0,0,1,0,5,3,8,0,0,0,1,0,0,0
050,24,039,Maryland,Somerset County,3,17,521,218,303,177,208,37,87,1,6,0,0,0,0,3,2,180,210,39,88,2,7,0,0,0,0,213,297,173,205,37,87,0,3,0,0,0,0,3,2,176,207,39,88,1,4,0,0,0,0,5,6,4,3,0,0,1,3,0,0,0,0,0,0,4,3,0,0,1,3,0,0,0,0
050,24,039,Maryland,Somerset County,3,18,443,148,295,118,213,17,71,3,4,3,3,0,0,7,4,124,217,20,73,8,5,3,4,0,0,143,290,116,209,17,70,0,4,3,3,0,0,7,4,122,213,20,72,5,5,3,4,0,0,5,5,2,4,0,1,3,0,0,0,0,0,0,0,2,4,0,1,3,0,0,0,0,0
050,24,039,Maryland,Somerset County,4,0,24104,12955,11149,6870,6394,5366,4050,114,82,103,139,4,5,498,479,7323,6831,5641,4303,304,273,175,211,26,24,12325,10574,6489,6065,5243,3936,52,35,97,134,2,2,442,402,6890,6432,5487,4154,220,187,161,191,21,20,630,575,381,329,123,114,62,47,6,5,2,3,56,77,433,399,154,149,84,86,14,20,5,4
050,24,039,Maryland,Somerset County,4,1,1121,576,545,275,284,251,197,6,4,3,1,0,0,41,59,312,339,281,236,16,18,8,9,1,2,529,490,251,246,241,190,2,1,2,1,0,0,33,52,280,295,266,226,10,12,6,7,1,2,47,55,24,38,10,7,4,3,1,0,0,0,8,7,32,44,15,10,6,6,2,2,0,0
050,24,039,Maryland,Somerset County,4,2,1229,659,570,351,302,223,213,5,14,11,5,2,0,67,36,414,337,268,238,19,23,20,9,6,0,597,504,312,272,216,200,0,1,10,5,1,0,58,26,367,297,255,219,11,7,18,8,4,0,62,66,39,30,7,13,5,13,1,0,1,0,9,10,47,40,13,19,8,16,2,1,2,0
050,24,039,Maryland,Somerset County,4,3,1235,634,601,314,306,237,231,15,7,5,11,0,0,63,46,368,349,278,261,33,22,18,16,3,1,577,542,283,266,233,221,2,1,5,11,0,0,54,43,329,306,270,249,17,15,15,16,3,1,57,59,31,40,4,10,13,6,0,0,0,0,9,3,39,43,8,12,16,7,3,0,0,0
050,24,039,Maryland,Somerset County,4,4,1734,783,951,324,325,396,548,4,8,6,13,0,0,53,57,371,375,432,582,20,25,13,23,2,4,714,889,282,290,382,532,0,6,5,13,0,0,45,48,321,334,414,562,13,19,11,19,1,3,69,62,42,35,14,16,4,2,1,0,0,0,8,9,50,41,18,20,7,6,2,4,1,1
050,24,039,Maryland,Somerset County,4,5,2479,1357,1122,377,340,891,715,7,3,9,10,0,0,73,54,439,388,939,751,28,15,21,20,4,2,1283,1065,332,302,868,701,6,2,9,10,0,0,68,50,389,347,913,735,24,13,21,18,4,2,74,57,45,38,23,14,1,1,0,0,0,0,5,4,50,41,26,16,4,2,0,2,0,0
050,24,039,Maryland,Somerset County,4,6,1553,1009,544,415,301,550,187,16,7,7,10,0,1,21,38,434,337,562,205,25,26,11,15,1,1,950,481,386,279,533,167,7,1,7,7,0,1,17,26,403,303,542,179,14,14,10,11,1,1,59,63,29,22,17,20,9,6,0,3,0,0,4,12,31,34,20,26,11,12,1,4,0,0
050,24,039,Maryland,Somerset County,4,7,1462,966,496,422,287,511,190,5,1,5,3,0,0,23,15,443,300,520,197,16,7,10,7,1,0,934,472,406,276,498,185,3,1,5,3,0,0,22,7,426,282,507,188,14,3,9,6,1,0,32,24,16,11,13,5,2,0,0,0,0,0,1,8,17,18,13,9,2,4,1,1,0,0
050,24,039,Maryland,Somerset County,4,8,1496,924,572,461,339,423,208,13,7,4,10,1,1,22,7,483,345,432,210,23,12,7,12,2,1,880,540,432,321,419,200,7,3,4,9,0,1,18,6,450,326,426,202,15,7,7,10,1,1,44,32,29,18,4,8,6,4,0,1,1,0,4,1,33,19,6,8,8,5,0,2,1,0
050,24,039,Maryland,Somerset County,4,9,1332,770,562,400,323,344,206,4,0,4,8,1,1,17,24,416,344,348,216,13,13,7,11,3,2,731,539,374,310,337,206,0,0,2,8,1,0,17,15,390,323,341,214,9,6,5,10,3,1,39,23,26,13,7,0,4,0,2,0,0,1,0,9,26,21,7,2,4,7,2,1,0,1
050,24,039,Maryland,Somerset County,4,10,1164,679,485,357,333,299,131,1,0,7,5,0,0,15,16,372,348,304,140,9,7,9,6,0,0,638,457,328,308,290,131,1,0,6,5,0,0,13,13,341,320,293,137,9,7,8,6,0,0,41,28,29,25,9,0,0,0,1,0,0,0,2,3,31,28,11,3,0,0,1,0,0,0
050,24,039,Maryland,Somerset County,4,11,1317,701,616,410,397,259,167,3,1,9,23,0,1,20,27,430,421,265,176,14,21,11,26,1,2,682,581,393,380,258,158,3,1,9,22,0,0,19,20,412,397,263,165,14,14,11,24,1,1,19,35,17,17,1,9,0,0,0,1,0,1,1,7,18,24,2,11,0,7,0,2,0,1
050,24,039,Maryland,Somerset County,4,12,1558,804,754,506,486,264,227,6,2,9,20,0,0,19,19,525,502,269,232,16,13,11,25,2,1,776,741,487,477,261,225,3,2,9,20,0,0,16,17,503,491,266,230,11,11,11,25,1,1,28,13,19,9,3,2,3,0,0,0,0,0,3,2,22,11,3,2,5,2,0,0,1,0
050,24,039,Maryland,Somerset County,4,13,1682,868,814,595,551,240,229,7,10,8,5,0,0,18,19,612,570,245,234,21,20,8,8,0,1,860,801,588,548,240,229,7,1,8,5,0,0,17,18,604,566,245,233,20,11,8,8,0,1,8,13,7,3,0,0,0,9,0,0,0,0,1,1,8,4,0,1,1,9,0,0,0,0
050,24,039,Maryland,Somerset County,4,14,1582,779,803,547,558,194,201,14,4,8,9,0,0,16,31,558,586,201,211,26,22,11,14,0,4,759,786,534,548,190,195,11,4,8,9,0,0,16,30,545,575,197,205,23,22,11,13,0,4,20,17,13,10,4,6,3,0,0,0,0,0,0,1,13,11,4,6,3,0,0,1,0,0
050,24,039,Maryland,Somerset County,4,15,1340,666,674,518,509,130,154,4,1,4,1,0,1,10,8,528,516,133,157,10,5,5,3,0,1,660,661,516,500,130,151,0,1,4,1,0,0,10,8,526,507,133,154,6,5,5,3,0,0,6,13,2,9,0,3,4,0,0,0,0,1,0,0,2,9,0,3,4,0,0,0,0,1
050,24,039,Maryland,Somerset County,4,16,834,396,438,293,326,92,94,0,2,1,2,0,0,10,14,303,339,98,99,6,9,1,4,0,2,383,435,288,323,85,94,0,2,1,2,0,0,9,14,297,336,90,99,5,9,1,4,0,2,13,3,5,3,7,0,0,0,0,0,0,0,1,0,6,3,8,0,1,0,0,0,0,0
050,24,039,Maryland,Somerset County,4,17,556,241,315,199,219,38,82,1,7,0,0,0,0,3,7,202,225,39,86,3,11,0,0,0,0,234,309,193,216,38,82,0,4,0,0,0,0,3,7,196,222,39,86,2,8,0,0,0,0,7,6,6,3,0,0,1,3,0,0,0,0,0,0,6,3,0,0,1,3,0,0,0,0
050,24,039,Maryland,Somerset County,4,18,430,143,287,106,208,24,70,3,4,3,3,0,0,7,2,113,210,27,72,6,4,4,3,0,0,138,281,104,203,24,69,0,4,3,3,0,0,7,2,111,205,27,71,3,4,4,3,0,0,5,6,2,5,0,1,3,0,0,0,0,0,0,0,2,5,0,1,3,0,0,0,0,0
050,24,039,Maryland,Somerset County,5,0,24596,13313,11283,6996,6415,5562,4129,123,82,112,148,5,6,515,503,7472,6875,5838,4398,317,274,189,221,27,27,12637,10704,6591,6077,5426,4020,57,35,102,141,2,2,459,429,7016,6470,5677,4255,219,194,171,202,23,20,676,579,405,338,136,109,66,47,10,7,3,4,56,74,456,405,161,143,98,80,18,19,4,7
050,24,039,Maryland,Somerset County,5,1,1160,598,562,276,287,269,208,6,4,4,2,0,0,43,61,315,339,296,250,16,18,14,15,3,3,546,510,248,252,256,202,2,1,4,2,0,0,36,53,281,297,280,241,9,12,12,13,3,2,52,52,28,35,13,6,4,3,0,0,0,0,7,8,34,42,16,9,7,6,2,2,0,1
050,24,039,Maryland,Somerset County,5,2,1220,648,572,349,306,231,200,6,10,11,5,1,1,50,50,394,352,264,230,20,22,18,14,4,4,590,507,311,273,225,188,1,1,7,5,1,0,45,40,351,312,256,212,12,9,14,12,3,2,58,65,38,33,6,12,5,9,4,0,0,1,5,10,43,40,8,18,8,13,4,2,1,2
050,24,039,Maryland,Somerset County,5,3,1268,669,599,343,310,241,231,13,9,6,6,1,0,65,43,403,351,281,259,30,20,19,10,3,2,601,538,307,272,233,220,2,1,6,6,0,0,53,39,355,309,268,247,14,11,16,9,2,1,68,61,36,38,8,11,11,8,0,0,1,0,12,4,48,42,13,12,16,9,3,1,1,1
050,24,039,Maryland,Somerset County,5,4,1788,818,970,320,331,417,567,6,6,6,14,0,0,69,52,382,378,459,599,24,25,19,20,4,2,746,898,274,288,405,551,0,2,6,14,0,0,61,43,329,327,442,579,15,17,18,18,4,2,72,72,46,43,12,16,6,4,0,0,0,0,8,9,53,51,17,20,9,8,1,2,0,0
050,24,039,Maryland,Somerset County,5,5,2577,1431,1146,392,343,935,733,7,6,12,10,1,0,84,54,467,392,990,767,32,21,24,20,4,0,1355,1093,350,305,909,723,6,5,11,10,0,0,79,50,421,350,961,756,28,19,22,18,3,0,76,53,42,38,26,10,1,1,1,0,1,0,5,4,46,42,29,11,4,2,2,2,1,0
050,24,039,Maryland,Somerset County,5,6,1572,1045,527,410,296,587,177,21,7,9,10,0,1,18,36,425,331,594,197,30,20,14,13,1,2,975,477,376,278,570,161,8,1,9,7,0,1,12,29,387,306,575,176,12,12,13,10,1,2,70,50,34,18,17,16,13,6,0,3,0,0,6,7,38,25,19,21,18,8,1,3,0,0
050,24,039,Maryland,Somerset County,5,7,1574,1039,535,455,304,547,203,6,2,5,5,0,0,26,21,479,323,561,215,16,10,10,8,1,0,1000,510,435,294,531,196,4,2,5,5,0,0,25,13,458,307,545,202,13,6,10,8,1,0,39,25,20,10,16,7,2,0,0,0,0,0,1,8,21,16,16,13,3,4,0,0,0,0
050,24,039,Maryland,Somerset County,5,8,1512,934,578,455,323,438,226,13,6,4,9,1,0,23,14,478,337,447,230,25,11,5,13,2,1,896,551,435,308,433,219,7,2,2,8,0,0,19,14,454,322,441,223,16,7,3,12,1,1,38,27,20,15,5,7,6,4,2,1,1,0,4,0,24,15,6,7,9,4,2,1,1,0
050,24,039,Maryland,Somerset County,5,9,1368,784,584,404,330,355,217,4,1,1,12,1,2,19,22,423,351,364,228,14,9,1,15,1,3,740,549,372,306,347,214,0,1,1,12,1,1,19,15,391,320,356,221,10,6,1,15,1,2,44,35,32,24,8,3,4,0,0,0,0,1,0,7,32,31,8,7,4,3,0,0,0,1
050,24,039,Maryland,Somerset County,5,10,1185,697,488,379,335,301,129,0,0,8,6,0,0,9,18,387,352,308,135,3,11,9,9,0,1,645,462,341,315,291,129,0,0,5,6,0,0,8,12,348,326,297,134,2,6,6,8,0,1,52,26,38,20,10,0,0,0,3,0,0,0,1,6,39,26,11,1,1,5,3,1,0,0
050,24,039,Maryland,Somerset County,5,11,1333,720,613,420,400,264,160,5,0,10,24,0,1,21,28,441,424,270,169,16,18,13,29,1,2,697,575,400,381,263,151,5,0,10,22,0,0,19,21,419,398,267,160,16,13,13,25,1,1,23,38,20,19,1,9,0,0,0,2,0,1,2,7,22,26,3,9,0,5,0,4,0,1
050,24,039,Maryland,Somerset County,5,12,1503,775,728,479,467,261,223,7,3,9,24,0,0,19,11,497,477,267,227,20,8,10,26,1,1,753,714,466,458,258,221,4,3,9,23,0,0,16,9,481,466,263,223,14,8,10,25,1,1,22,14,13,9,3,2,3,0,0,1,0,0,3,2,16,11,4,4,6,0,0,1,0,0
050,24,039,Maryland,Somerset County,5,13,1689,872,817,600,544,237,233,6,9,11,5,0,0,18,26,618,567,241,243,18,24,12,8,1,2,861,803,590,539,237,233,6,1,11,5,0,0,17,25,607,561,241,242,17,16,12,8,1,2,11,14,10,5,0,0,0,8,0,0,0,0,1,1,11,6,0,1,1,8,0,0,0,0
050,24,039,Maryland,Somerset County,5,14,1595,794,801,558,547,196,213,14,5,8,7,0,0,18,29,574,573,201,224,25,23,12,10,0,1,780,786,551,539,192,208,11,4,8,7,0,0,18,28,567,564,197,219,22,21,12,10,0,1,14,15,7,8,4,5,3,1,0,0,0,0,0,1,7,9,4,5,3,2,0,0,0,0
050,24,039,Maryland,Somerset County,5,15,1354,667,687,515,518,131,150,5,1,4,4,0,1,12,13,527,529,136,155,12,9,4,5,0,2,655,671,507,507,131,146,1,1,4,4,0,0,12,13,519,518,136,151,8,9,4,5,0,1,12,16,8,11,0,4,4,0,0,0,0,1,0,0,8,11,0,4,4,0,0,0,0,1
050,24,039,Maryland,Somerset County,5,16,878,420,458,317,331,93,111,0,2,1,2,0,0,9,12,326,343,95,116,6,8,1,3,1,0,408,454,312,327,86,111,0,2,1,2,0,0,9,12,321,339,88,116,6,8,1,3,1,0,12,4,5,4,7,0,0,0,0,0,0,0,0,0,5,4,7,0,0,0,0,0,0,0
050,24,039,Maryland,Somerset County,5,17,572,258,314,215,226,38,71,1,7,0,0,0,0,4,10,219,236,40,75,3,12,0,0,0,1,250,308,209,223,38,71,0,4,0,0,0,0,3,10,212,233,40,75,1,9,0,0,0,1,8,6,6,3,0,0,1,3,0,0,0,0,1,0,7,3,0,0,2,3,0,0,0,0
050,24,039,Maryland,Somerset County,5,18,448,144,304,109,217,21,77,3,4,3,3,0,0,8,3,117,220,24,79,7,5,4,3,0,0,139,298,107,212,21,76,0,4,3,3,0,0,8,3,115,215,24,78,4,5,4,3,0,0,5,6,2,5,0,1,3,0,0,0,0,0,0,0,2,5,0,1,3,0,0,0,0,0
050,24,039,Maryland,Somerset County,6,0,24753,13418,11335,7025,6363,5637,4211,129,81,123,163,5,6,499,511,7480,6835,5918,4478,317,277,199,241,26,30,12725,10720,6602,6005,5498,4085,60,34,118,156,2,2,445,438,7008,6412,5749,4323,223,189,188,226,21,22,693,615,423,358,139,126,69,47,5,7,3,4,54,73,472,423,169,155,94,88,11,15,5,8
050,24,039,Maryland,Somerset County,6,1,1182,629,553,289,266,283,217,7,3,5,2,0,0,45,65,332,329,312,256,16,19,15,12,2,3,572,502,261,236,266,212,0,1,5,2,0,0,40,51,299,286,293,244,8,10,13,11,2,2,57,51,28,30,17,5,7,2,0,0,0,0,5,14,33,43,19,12,8,9,2,1,0,1
050,24,039,Maryland,Somerset County,6,2,1213,637,576,346,310,226,210,4,7,8,9,0,1,53,39,394,347,264,233,15,20,18,15,3,1,595,509,314,271,221,195,3,1,7,9,0,0,50,33,359,303,257,216,13,9,15,15,3,0,42,67,32,39,5,15,1,6,1,0,0,1,3,6,35,44,7,17,2,11,3,0,0,1
050,24,039,Maryland,Somerset County,6,3,1251,653,598,341,313,239,228,13,9,6,4,2,0,52,44,388,354,272,254,25,22,17,12,5,3,577,542,299,281,231,218,2,1,6,4,1,0,38,38,333,317,254,242,10,11,16,11,3,2,76,56,42,32,8,10,11,8,0,0,1,0,14,6,55,37,18,12,15,11,1,1,2,1
050,24,039,Maryland,Somerset County,6,4,1839,854,985,328,318,449,580,10,10,11,16,0,0,56,61,380,375,486,615,25,29,20,26,0,3,772,900,278,267,435,562,0,2,11,16,0,0,48,53,322,316,469,595,11,16,19,25,0,3,82,85,50,51,14,18,10,8,0,0,0,0,8,8,58,59,17,20,14,13,1,1,0,0
050,24,039,Maryland,Somerset County,6,5,2627,1438,1189,383,350,946,759,7,6,13,12,1,0,88,62,461,406,1003,798,34,23,26,24,4,3,1363,1139,342,317,920,748,6,5,12,12,0,0,83,57,415,368,974,787,30,20,25,21,3,3,75,50,41,33,26,11,1,1,1,0,1,0,5,5,46,38,29,11,4,3,1,3,1,0
050,24,039,Maryland,Somerset County,6,6,1585,1068,517,421,292,599,178,17,6,9,16,0,1,22,24,440,314,611,191,28,13,11,21,1,2,1002,454,386,268,583,155,8,0,9,13,0,1,16,17,400,283,592,165,15,4,11,17,1,2,66,63,35,24,16,23,9,6,0,3,0,0,6,7,40,31,19,26,13,9,0,4,0,0
050,24,039,Maryland,Somerset County,6,7,1639,1067,572,469,312,561,225,10,3,6,7,0,0,21,25,489,335,574,240,19,11,9,11,1,1,1022,537,443,293,549,211,4,3,6,7,0,0,20,23,462,315,561,225,13,9,9,11,1,1,45,35,26,19,12,14,6,0,0,0,0,0,1,2,27,20,13,15,6,2,0,0,0,0
050,24,039,Maryland,Somerset County,6,8,1481,924,557,454,311,430,214,13,5,2,12,1,0,24,15,475,323,440,221,26,14,5,13,2,1,891,528,436,294,424,208,8,1,2,11,0,0,21,14,454,306,433,214,19,9,5,12,1,1,33,29,18,17,6,6,5,4,0,1,1,0,3,1,21,17,7,7,7,5,0,1,1,0
050,24,039,Maryland,Somerset County,6,9,1407,812,595,431,335,364,225,5,2,3,12,1,2,8,19,438,354,368,234,10,10,3,13,1,3,763,559,396,310,356,221,0,2,3,12,1,1,7,13,403,323,359,227,4,7,3,13,1,2,49,36,35,25,8,4,5,0,0,0,0,1,1,6,35,31,9,7,6,3,0,0,0,1
050,24,039,Maryland,Somerset County,6,10,1229,712,517,388,336,299,149,0,0,7,8,0,0,18,24,403,358,307,159,10,9,10,12,1,4,656,493,346,319,289,149,0,0,4,8,0,0,17,17,361,335,296,155,9,6,7,12,1,3,56,24,42,17,10,0,0,0,3,0,0,0,1,7,42,23,11,4,1,3,3,0,0,1
050,24,039,Maryland,Somerset County,6,11,1302,708,594,410,391,261,158,7,0,12,21,0,0,18,24,428,410,266,169,18,14,14,24,1,1,684,561,389,374,260,151,7,0,12,19,0,0,16,17,405,387,265,159,16,9,14,22,1,1,24,33,21,17,1,7,0,0,0,2,0,0,2,7,23,23,1,10,2,5,0,2,0,0
050,24,039,Maryland,Somerset County,6,12,1401,732,669,453,438,249,196,7,3,12,21,0,1,11,10,464,448,253,200,12,9,14,21,0,1,713,646,440,422,246,192,4,3,12,20,0,0,11,9,451,431,250,196,9,8,14,20,0,0,19,23,13,16,3,4,3,0,0,1,0,1,0,1,13,17,3,4,3,1,0,1,0,1
050,24,039,Maryland,Somerset County,6,13,1666,859,807,585,535,235,233,2,7,10,4,0,0,27,28,608,559,245,243,20,23,12,9,3,2,844,793,573,529,235,233,2,1,10,4,0,0,24,26,593,552,244,243,19,16,12,8,2,1,15,14,12,6,0,0,0,6,0,0,0,0,3,2,15,7,1,0,1,7,0,1,1,1
050,24,039,Maryland,Somerset County,6,14,1560,784,776,541,515,204,223,14,7,9,7,0,0,16,24,556,538,209,230,23,22,11,10,1,1,768,762,535,508,198,219,11,4,9,7,0,0,15,24,549,531,202,226,20,19,11,10,1,1,16,14,6,7,6,4,3,3,0,0,0,0,1,0,7,7,7,4,3,3,0,0,0,0
050,24,039,Maryland,Somerset County,6,15,1414,692,722,521,535,138,157,9,1,6,7,0,1,18,21,539,554,143,164,20,13,8,11,0,1,679,707,512,526,138,153,5,1,6,7,0,0,18,20,530,544,143,159,16,13,8,11,0,0,13,15,9,9,0,4,4,0,0,0,0,1,0,1,9,10,0,5,4,0,0,0,0,1
050,24,039,Maryland,Somerset County,6,16,906,433,473,325,343,97,113,0,2,1,2,0,0,10,13,335,355,102,118,3,10,2,3,1,0,424,466,322,336,91,113,0,2,1,2,0,0,10,13,332,348,96,118,3,10,2,3,1,0,9,7,3,7,6,0,0,0,0,0,0,0,0,0,3,7,6,0,0,0,0,0,0,0
050,24,039,Maryland,Somerset County,6,17,607,275,332,231,250,40,67,1,7,0,0,0,0,3,8,233,258,42,71,3,11,0,1,0,0,264,325,223,246,39,67,0,4,0,0,0,0,2,8,225,254,40,71,1,8,0,1,0,0,11,7,8,4,1,0,1,3,0,0,0,0,1,0,8,4,2,0,2,3,0,0,0,0
050,24,039,Maryland,Somerset County,6,18,444,141,303,109,213,17,79,3,3,3,3,0,0,9,5,117,218,21,82,10,5,4,3,0,0,136,297,107,208,17,78,0,3,3,3,0,0,9,5,115,213,21,81,7,5,4,3,0,0,5,6,2,5,0,1,3,0,0,0,0,0,0,0,2,5,0,1,3,0,0,0,0,0
050,24,039,Maryland,Somerset County,7,0,24973,13598,11375,7080,6354,5752,4235,139,82,123,173,5,5,499,526,7546,6831,6024,4522,326,278,198,247,24,32,12876,10744,6645,6001,5608,4111,64,35,116,161,1,1,442,435,7054,6393,5853,4352,227,193,182,221,19,25,722,631,435,353,144,124,75,47,7,12,4,4,57,91,492,438,171,170,99,85,16,26,5,7
050,24,039,Maryland,Somerset County,7,1,1209,618,591,291,277,258,236,10,0,7,4,0,0,52,74,340,346,293,284,22,18,15,16,1,3,557,530,265,247,238,230,0,0,7,1,0,0,47,52,309,295,269,266,11,9,15,11,1,2,61,61,26,30,20,6,10,0,0,3,0,0,5,22,31,51,24,18,11,9,0,5,0,1
050,24,039,Maryland,Somerset County,7,2,1180,614,566,325,308,239,210,1,6,5,8,0,1,44,33,364,338,271,234,10,12,11,12,2,4,574,511,296,274,232,198,1,2,4,8,0,0,41,29,332,300,262,219,10,7,9,12,2,3,40,55,29,34,7,12,0,4,1,0,0,1,3,4,32,38,9,15,0,5,2,0,0,1
050,24,039,Maryland,Somerset County,7,3,1227,644,583,343,307,231,222,11,13,8,4,1,0,50,37,391,340,257,245,23,24,19,10,4,1,575,521,301,274,226,214,3,1,8,4,0,0,37,28,336,299,248,233,8,8,17,8,3,1,69,62,42,33,5,8,8,12,0,0,1,0,13,9,55,41,9,12,15,16,2,2,1,0
050,24,039,Maryland,Somerset County,7,4,1820,854,966,326,317,439,568,18,11,12,17,0,0,59,53,382,365,475,600,30,29,26,22,5,3,770,882,276,264,427,554,2,3,12,17,0,0,53,44,326,303,461,583,13,16,24,21,4,3,84,84,50,53,12,14,16,8,0,0,0,0,6,9,56,62,14,17,17,13,2,1,1,0
050,24,039,Maryland,Somerset County,7,5,2699,1446,1253,395,374,957,782,6,5,6,12,1,0,81,80,471,449,1009,833,31,26,18,25,2,3,1366,1196,351,342,932,769,5,4,5,10,0,0,73,71,419,408,979,817,25,22,17,20,1,2,80,57,44,32,25,13,1,1,1,2,1,0,8,9,52,41,30,16,6,4,1,5,1,1
050,24,039,Maryland,Somerset County,7,6,1683,1133,550,432,285,646,218,18,6,11,21,0,0,26,20,455,303,661,230,28,10,15,24,2,3,1068,489,397,265,633,190,10,1,11,18,0,0,17,15,411,279,644,198,17,4,13,20,2,3,65,61,35,20,13,28,8,5,0,3,0,0,9,5,44,24,17,32,11,6,2,4,0,0
050,24,039,Maryland,Somerset County,7,7,1689,1125,564,487,305,597,209,13,5,7,9,0,1,21,35,506,338,609,227,22,18,9,14,1,2,1067,523,455,287,581,195,5,4,5,9,0,1,21,27,474,312,593,209,14,13,7,14,1,2,58,41,32,18,16,14,8,1,2,0,0,0,0,8,32,26,16,18,8,5,2,0,0,0
050,24,039,Maryland,Somerset County,7,8,1485,939,546,448,322,451,195,13,4,1,12,1,0,25,13,473,333,463,201,24,9,3,15,2,1,906,516,430,303,443,190,9,0,1,11,0,0,23,12,453,313,453,196,20,5,3,13,1,1,33,30,18,19,8,5,4,4,0,1,1,0,2,1,20,20,10,5,4,4,0,2,1,0
050,24,039,Maryland,Somerset County,7,9,1428,853,575,459,336,375,213,5,3,5,10,1,1,8,12,467,346,377,219,10,8,6,13,1,1,805,539,427,310,367,208,0,3,5,10,1,0,5,8,432,317,369,213,2,5,6,12,1,0,48,36,32,26,8,5,5,0,0,0,0,1,3,4,35,29,8,6,8,3,0,1,0,1
050,24,039,Maryland,Somerset County,7,10,1250,728,522,402,311,299,174,1,0,7,7,0,0,19,30,419,339,305,186,12,15,11,11,1,1,659,499,348,296,289,174,0,0,4,7,0,0,18,22,364,316,295,183,10,12,7,9,1,1,69,23,54,15,10,0,1,0,3,0,0,0,1,8,55,23,10,3,2,3,4,2,0,0
050,24,039,Maryland,Somerset County,7,11,1268,704,564,414,378,263,150,7,0,5,22,0,0,15,14,428,387,270,158,14,7,6,26,1,1,676,535,389,359,262,149,7,0,5,20,0,0,13,7,401,363,268,153,13,3,6,23,1,0,28,29,25,19,1,1,0,0,0,2,0,0,2,7,27,24,2,5,1,4,0,3,0,1
050,24,039,Maryland,Somerset County,7,12,1350,702,648,422,426,245,182,7,2,14,14,1,1,13,23,435,446,248,194,15,17,16,15,1,1,689,619,416,411,242,172,4,2,14,13,0,0,13,21,429,429,245,182,12,16,16,14,0,0,13,29,6,15,3,10,3,0,0,1,1,1,0,2,6,17,3,12,3,1,0,1,1,1
050,24,039,Maryland,Somerset County,7,13,1640,849,791,582,523,231,226,0,2,10,14,0,0,26,26,607,547,238,237,17,17,13,14,1,2,827,782,563,516,231,226,0,2,10,14,0,0,23,24,585,538,237,235,15,17,12,14,1,2,22,9,19,7,0,0,0,0,0,0,0,0,3,2,22,9,1,2,2,0,1,0,0,0
050,24,039,Maryland,Somerset County,7,14,1575,783,792,527,519,217,230,14,13,10,7,0,0,15,23,538,540,224,236,25,26,11,11,0,2,768,775,523,514,209,227,12,4,10,7,0,0,14,23,533,535,215,233,23,17,11,11,0,2,15,17,4,5,8,3,2,9,0,0,0,0,1,0,5,5,9,3,2,9,0,0,0,0
050,24,039,Maryland,Somerset County,7,15,1436,722,714,526,530,152,152,11,0,11,7,0,1,22,24,546,553,161,160,26,13,13,10,0,2,710,702,520,522,151,150,6,0,11,7,0,0,22,23,540,544,160,157,21,13,13,10,0,1,12,12,6,8,1,2,5,0,0,0,0,1,0,1,6,9,1,3,5,0,0,0,0,1
050,24,039,Maryland,Somerset County,7,16,968,464,504,362,367,91,121,0,1,1,0,0,0,10,15,372,380,95,126,5,10,2,2,0,1,460,494,359,359,90,119,0,1,1,0,0,0,10,15,369,372,94,124,5,10,2,2,0,1,4,10,3,8,1,2,0,0,0,0,0,0,0,0,3,8,1,2,0,0,0,0,0,0
050,24,039,Maryland,Somerset County,7,17,611,267,344,216,256,46,70,1,7,0,2,0,0,4,9,220,264,50,73,2,13,0,3,0,0,252,337,209,251,40,70,0,5,0,2,0,0,3,9,212,259,43,73,1,11,0,3,0,0,15,7,7,5,6,0,1,2,0,0,0,0,1,0,8,5,7,0,1,2,0,0,0,0
050,24,039,Maryland,Somerset County,7,18,455,153,302,123,213,15,77,3,4,3,3,0,0,9,5,132,217,18,79,10,6,4,4,0,1,147,294,120,207,15,76,0,3,3,3,0,0,9,5,129,211,18,78,7,5,4,4,0,1,6,8,3,6,0,1,3,1,0,0,0,0,0,0,3,6,0,1,3,1,0,0,0,0
050,24,041,Maryland,Talbot County,1,0,37523,17866,19657,14670,16038,2128,2471,190,157,242,332,13,18,623,641,15259,16630,2436,2770,459,451,360,446,41,59,16168,18002,13508,14850,1936,2302,12,27,228,311,10,11,474,501,13962,15314,2154,2528,210,253,322,397,24,41,1698,1655,1162,1188,192,169,178,130,14,21,3,7,149,140,1297,1316,282,242,249,198,38,49,17,18
050,24,041,Maryland,Talbot County,1,1,1699,872,827,645,595,135,126,7,12,20,13,1,0,64,81,707,673,174,169,20,37,36,36,5,0,711,680,536,490,113,112,0,0,18,13,1,0,43,65,578,554,136,148,10,16,29,32,4,0,161,147,109,105,22,14,7,12,2,0,0,0,21,16,129,119,38,21,10,21,7,4,1,0
050,24,041,Maryland,Talbot County,1,2,1799,907,892,676,603,129,151,11,22,16,26,2,3,73,87,749,688,176,206,35,46,33,44,2,6,731,686,556,479,105,127,0,2,16,26,2,1,52,51,608,528,134,164,15,14,31,33,2,3,176,206,120,124,24,24,11,20,0,0,0,2,21,36,141,160,42,42,20,32,2,11,0,3
050,24,041,Maryland,Talbot County,1,3,2046,1074,972,801,689,137,154,22,15,24,28,0,3,90,83,891,771,182,202,49,41,44,40,4,7,880,803,676,571,113,134,2,4,24,23,0,0,65,71,741,642,147,172,15,22,41,35,4,4,194,169,125,118,24,20,20,11,0,5,0,3,25,12,150,129,35,30,34,19,3,5,0,3
050,24,041,Maryland,Talbot County,1,4,2053,1077,976,827,740,150,143,23,2,10,19,0,3,67,69,893,805,188,179,36,27,27,29,1,13,919,826,718,623,140,129,0,1,10,19,0,2,51,52,769,672,168,153,7,22,26,25,0,12,158,150,109,117,10,14,23,1,0,0,0,1,16,17,124,133,20,26,29,5,1,4,1,1
050,24,041,Maryland,Talbot County,1,5,1612,843,769,650,588,113,107,13,15,22,19,0,3,45,37,689,622,140,126,33,26,30,29,2,8,696,664,554,515,94,97,2,0,14,13,0,3,32,36,583,548,114,116,14,11,20,22,0,8,147,105,96,73,19,10,11,15,8,6,0,0,13,1,106,74,26,10,19,15,10,7,2,0
050,24,041,Maryland,Talbot County,1,6,1732,883,849,667,642,151,144,11,15,19,25,1,0,34,23,696,664,174,161,27,21,25,28,3,2,769,731,589,567,139,125,1,0,17,23,1,0,22,16,608,582,155,137,8,4,22,24,1,0,114,118,78,75,12,19,10,15,2,2,0,0,12,7,88,82,19,24,19,17,3,4,2,2
050,24,041,Maryland,Talbot County,1,7,1990,984,1006,764,767,147,171,20,15,16,21,1,0,36,32,797,796,160,182,38,27,22,31,7,5,822,862,651,665,129,154,0,0,15,21,1,0,26,22,675,687,136,160,13,8,21,29,5,2,162,144,113,102,18,17,20,15,1,0,0,0,10,10,122,109,24,22,25,19,1,2,2,3
050,24,041,Maryland,Talbot County,1,8,1915,925,990,725,779,122,128,27,21,18,29,0,0,33,33,755,809,136,131,43,46,26,35,3,2,780,835,628,666,107,123,0,0,18,25,0,0,27,21,655,685,119,125,12,15,23,31,1,0,145,155,97,113,15,5,27,21,0,4,0,0,6,12,100,124,17,6,31,31,3,4,2,2
050,24,041,Maryland,Talbot County,1,9,1709,825,884,671,728,101,101,8,7,8,25,6,1,31,22,701,749,105,114,38,16,10,27,9,3,722,769,594,629,94,94,0,3,7,22,5,1,22,20,616,648,94,105,22,10,7,24,5,3,103,115,77,99,7,7,8,4,1,3,1,0,9,2,85,101,11,9,16,6,3,3,4,0
050,24,041,Maryland,Talbot County,1,10,1906,900,1006,726,829,109,117,13,8,19,24,1,0,32,28,753,855,117,121,27,31,33,29,2,1,808,937,666,775,100,113,0,3,19,24,0,0,23,22,685,795,105,115,11,21,29,28,1,0,92,69,60,54,9,4,13,5,0,0,1,0,9,6,68,60,12,6,16,10,4,1,1,1
050,24,041,Maryland,Talbot County,1,11,2264,1060,1204,882,1005,137,149,11,3,12,19,0,0,18,28,900,1025,146,166,20,19,12,24,1,0,994,1132,832,954,131,140,2,1,12,19,0,0,17,18,849,966,139,150,11,13,12,23,1,0,66,72,50,51,6,9,9,2,0,0,0,0,1,10,51,59,7,16,9,6,0,1,0,0
050,24,041,Maryland,Talbot County,1,12,2737,1234,1503,1064,1248,138,189,5,4,15,25,0,0,12,37,1076,1280,140,199,13,38,17,26,0,2,1170,1466,1017,1217,126,189,0,4,15,25,0,0,12,31,1029,1244,128,197,8,33,17,25,0,1,64,37,47,31,12,0,5,0,0,0,0,0,0,6,47,36,12,2,5,5,0,1,0,1
050,24,041,Maryland,Talbot County,1,13,2956,1343,1613,1152,1355,134,203,13,3,17,24,0,2,27,26,1177,1376,145,213,34,18,17,28,0,5,1305,1576,1130,1327,134,199,0,2,17,24,0,2,24,22,1152,1345,142,208,21,14,17,27,0,4,38,37,22,28,0,4,13,1,0,0,0,0,3,4,25,31,3,5,13,4,0,1,0,1
050,24,041,Maryland,Talbot County,1,14,2998,1358,1640,1179,1419,140,188,0,5,5,11,1,1,33,16,1209,1432,152,195,25,14,7,14,2,1,1338,1620,1165,1402,136,188,0,3,5,10,0,1,32,16,1195,1415,147,195,24,12,6,13,0,1,20,20,14,17,4,0,0,2,0,1,1,0,1,0,14,17,5,0,1,2,1,1,2,0
050,24,041,Maryland,Talbot County,1,15,2845,1291,1554,1166,1394,106,137,0,2,5,4,0,2,14,15,1177,1407,112,139,11,13,5,6,0,4,1265,1524,1146,1372,101,133,0,0,5,4,0,1,13,14,1156,1384,107,134,10,11,5,6,0,3,26,30,20,22,5,4,0,2,0,0,0,1,1,1,21,23,5,5,1,2,0,0,0,1
050,24,041,Maryland,Talbot County,1,16,2289,1051,1238,959,1094,79,114,4,5,9,15,0,0,0,10,959,1101,79,117,4,15,9,15,0,0,1043,1205,951,1074,79,105,4,1,9,15,0,0,0,10,951,1081,79,108,4,11,9,15,0,0,8,33,8,20,0,9,0,4,0,0,0,0,0,0,8,20,0,9,0,4,0,0,0,0
050,24,041,Maryland,Talbot County,1,17,1455,660,795,603,720,53,66,0,1,0,1,0,0,4,7,607,727,54,66,3,8,0,1,0,0,652,776,596,703,53,64,0,1,0,1,0,0,3,7,599,710,53,64,3,8,0,1,0,0,8,19,7,17,0,2,0,0,0,0,0,0,1,0,8,17,1,2,0,0,0,0,0,0
050,24,041,Maryland,Talbot County,1,18,1518,579,939,513,843,47,83,2,2,7,4,0,0,10,7,523,850,56,84,3,8,7,4,0,0,563,910,503,821,42,76,1,2,7,4,0,0,10,7,513,828,51,77,2,8,7,4,0,0,16,29,10,22,5,7,1,0,0,0,0,0,0,0,10,22,5,7,1,0,0,0,0,0
050,24,041,Maryland,Talbot County,2,0,37488,17843,19645,14647,16023,2121,2470,189,156,241,334,14,18,631,644,15225,16610,2416,2778,451,429,362,452,48,43,16152,17977,13499,14828,1927,2298,14,26,227,312,11,10,474,503,13927,15285,2153,2544,200,226,325,412,37,32,1691,1668,1148,1195,194,172,175,130,14,22,3,8,157,141,1298,1325,263,234,251,203,37,40,11,11
050,24,041,Maryland,Talbot County,2,1,1701,873,828,647,600,135,125,7,10,19,12,1,0,64,81,708,679,172,169,24,29,31,33,2,3,715,677,544,489,113,111,1,0,18,12,1,0,38,65,581,553,134,148,9,13,27,30,2,2,158,151,103,111,22,14,6,10,1,0,0,0,26,16,127,126,38,21,15,16,4,3,0,1
050,24,041,Maryland,Talbot County,2,2,1791,912,879,680,599,128,149,10,19,15,26,3,3,76,83,752,674,174,198,31,45,34,44,8,3,736,681,558,478,105,125,0,1,15,26,3,1,55,50,609,522,141,157,13,13,29,38,6,1,176,198,122,121,23,24,10,18,0,0,0,2,21,33,143,152,33,41,18,32,5,6,2,2
050,24,041,Maryland,Talbot County,2,3,2040,1072,968,798,684,138,152,21,17,26,28,0,4,89,83,880,758,188,199,49,40,48,48,4,9,879,796,672,566,115,132,2,4,26,24,0,0,64,70,729,628,154,174,18,23,42,40,2,4,193,172,126,118,23,20,19,13,0,4,0,4,25,13,151,130,34,25,31,17,6,8,2,5
050,24,041,Maryland,Talbot County,2,4,2029,1060,969,813,727,145,145,24,2,10,20,0,2,68,73,874,791,182,186,47,30,24,32,5,4,903,821,708,612,133,132,0,1,10,19,0,1,52,56,754,661,162,165,16,18,21,31,5,3,157,148,105,115,12,13,24,1,0,1,0,1,16,17,120,130,20,21,31,12,3,1,0,1
050,24,041,Maryland,Talbot County,2,5,1637,860,777,660,592,116,108,16,15,23,21,0,3,45,38,705,626,134,131,31,26,32,29,4,3,710,668,564,518,97,96,3,0,14,14,0,3,32,37,596,551,110,118,11,11,22,22,3,3,150,109,96,74,19,12,13,15,9,7,0,0,13,1,109,75,24,13,20,15,10,7,1,0
050,24,041,Maryland,Talbot County,2,6,1715,878,837,661,630,150,146,11,16,19,24,1,0,36,21,695,646,165,157,27,28,24,27,3,1,767,715,585,552,139,126,1,0,17,22,1,0,24,15,608,564,150,135,10,8,21,23,2,1,111,122,76,78,11,20,10,16,2,2,0,0,12,6,87,82,15,22,17,20,3,4,1,0
050,24,041,Maryland,Talbot County,2,7,1999,985,1014,764,776,149,168,20,15,15,22,1,0,36,33,796,808,161,182,35,30,23,27,6,0,821,871,652,674,130,153,0,0,14,22,1,0,24,22,673,695,139,164,8,8,21,26,4,0,164,143,112,102,19,15,20,15,1,0,0,0,12,11,123,113,22,18,27,22,2,1,2,0
050,24,041,Maryland,Talbot County,2,8,1918,922,996,732,782,117,132,23,21,17,27,0,0,33,34,759,811,129,143,40,43,25,30,2,3,782,840,635,669,104,125,0,0,17,24,0,0,26,22,656,688,115,132,11,15,24,25,2,2,140,156,97,113,13,7,23,21,0,3,0,0,7,12,103,123,14,11,29,28,1,5,0,1
050,24,041,Maryland,Talbot County,2,9,1706,825,881,667,721,101,99,8,8,10,26,6,1,33,26,698,743,113,112,26,22,14,28,7,2,718,764,589,625,91,91,0,3,9,22,5,1,24,22,611,643,99,102,13,15,13,24,6,2,107,117,78,96,10,8,8,5,1,4,1,0,9,4,87,100,14,10,13,7,1,4,1,0
050,24,041,Maryland,Talbot County,2,10,1882,888,994,714,817,108,116,13,8,20,25,1,0,32,28,740,843,121,128,28,27,28,27,3,2,797,924,655,763,99,112,0,3,20,25,0,0,23,21,672,782,109,121,11,18,26,27,2,2,91,70,59,54,9,4,13,5,0,0,1,0,9,7,68,61,12,7,17,9,2,0,1,0
050,24,041,Maryland,Talbot County,2,11,2248,1055,1193,878,997,139,150,11,3,11,16,0,0,16,27,893,1021,146,158,19,18,12,20,1,4,988,1122,827,946,133,141,2,1,11,16,0,0,15,18,841,962,139,144,10,10,12,20,1,4,67,71,51,51,6,9,9,2,0,0,0,0,1,9,52,59,7,14,9,8,0,0,0,0
050,24,041,Maryland,Talbot County,2,12,2727,1224,1503,1055,1246,135,190,5,3,16,27,0,0,13,37,1067,1283,141,202,14,24,17,31,0,0,1164,1462,1012,1211,123,190,0,3,16,27,0,0,13,31,1024,1242,129,199,9,21,17,31,0,0,60,41,43,35,12,0,5,0,0,0,0,0,0,6,43,41,12,3,5,3,0,0,0,0
050,24,041,Maryland,Talbot County,2,13,2945,1341,1604,1153,1352,130,199,14,4,16,21,0,2,28,26,1178,1377,139,206,33,19,19,26,1,3,1303,1568,1132,1325,130,196,0,3,16,21,0,2,25,21,1155,1345,137,201,17,14,19,26,1,3,38,36,21,27,0,3,14,1,0,0,0,0,3,5,23,32,2,5,16,5,0,0,0,0
050,24,041,Maryland,Talbot County,2,14,3011,1367,1644,1186,1422,142,187,0,5,5,13,1,1,33,16,1214,1434,154,193,21,15,9,18,2,2,1346,1622,1171,1404,138,186,0,3,5,12,0,1,32,16,1198,1416,149,192,21,13,9,17,1,2,21,22,15,18,4,1,0,2,0,1,1,0,1,0,16,18,5,1,0,2,0,1,1,0
050,24,041,Maryland,Talbot County,2,15,2850,1288,1562,1163,1400,106,140,0,2,5,5,0,2,14,13,1176,1413,109,143,10,12,7,7,0,2,1264,1532,1146,1378,100,136,0,0,5,5,0,1,13,12,1158,1390,103,139,9,9,7,7,0,1,24,30,17,22,6,4,0,2,0,0,0,1,1,1,18,23,6,4,1,3,0,0,0,1
050,24,041,Maryland,Talbot County,2,16,2302,1052,1250,961,1106,78,114,4,5,8,15,0,0,1,10,962,1116,78,117,5,11,8,16,0,1,1042,1217,951,1086,78,105,4,1,8,15,0,0,1,10,952,1096,78,108,5,7,8,16,0,1,10,33,10,20,0,9,0,4,0,0,0,0,0,0,10,20,0,9,0,4,0,0,0,0
050,24,041,Maryland,Talbot County,2,17,1464,661,803,600,727,58,66,0,1,0,2,0,0,3,7,603,734,59,68,2,4,0,4,0,0,654,783,594,709,58,64,0,1,0,2,0,0,2,7,596,716,59,66,1,4,0,4,0,0,7,20,6,18,0,2,0,0,0,0,0,0,1,0,7,18,0,2,1,0,0,0,0,0
050,24,041,Maryland,Talbot County,2,18,1523,580,943,515,845,46,84,2,2,6,4,0,0,11,8,525,853,51,86,9,6,7,5,0,1,563,914,504,823,41,77,1,2,6,4,0,0,11,8,514,831,46,79,8,6,7,5,0,1,17,29,11,22,5,7,1,0,0,0,0,0,0,0,11,22,5,7,1,0,0,0,0,0
050,24,041,Maryland,Talbot County,3,0,37719,17967,19752,14731,16124,2125,2464,192,161,245,336,14,18,660,649,15327,16716,2432,2782,484,430,363,455,42,44,16218,18044,13541,14909,1929,2290,14,26,227,309,12,10,495,500,13988,15364,2160,2538,220,222,324,407,34,30,1749,1708,1190,1215,196,174,178,135,18,27,2,8,165,149,1339,1352,272,244,264,208,39,48,8,14
050,24,041,Maryland,Talbot County,3,1,1709,870,839,653,600,124,140,4,9,17,12,2,0,70,78,716,673,167,186,25,28,31,29,5,2,720,684,552,487,106,126,1,0,14,11,2,0,45,60,593,542,134,162,12,13,25,26,4,2,150,155,101,113,18,14,3,9,3,1,0,0,25,18,123,131,33,24,13,15,6,3,1,0
050,24,041,Maryland,Talbot County,3,2,1767,920,847,696,611,127,136,10,13,10,24,3,3,74,60,766,668,170,172,33,31,26,37,4,7,735,665,563,492,105,113,0,1,10,24,3,1,54,34,614,525,138,134,14,7,22,32,4,3,185,182,133,119,22,23,10,12,0,0,0,2,20,26,152,143,32,38,19,24,4,5,0,4
050,24,041,Maryland,Talbot County,3,3,2036,1061,975,783,681,155,157,17,23,28,26,0,4,78,84,852,757,197,206,43,48,46,44,3,6,868,792,655,567,131,133,1,4,28,24,0,0,53,64,702,626,160,171,15,20,43,39,1,2,193,183,128,114,24,24,16,19,0,2,0,4,25,20,150,131,37,35,28,28,3,5,2,4
050,24,041,Maryland,Talbot County,3,4,1979,1013,966,758,711,129,143,26,9,13,17,0,2,87,84,836,788,174,189,56,32,33,36,4,6,850,820,660,608,112,131,1,1,13,14,0,1,64,65,716,667,146,169,19,16,30,28,4,5,163,146,98,103,17,12,25,8,0,3,0,1,23,19,120,121,28,20,37,16,3,8,0,1
050,24,041,Maryland,Talbot County,3,5,1807,957,850,741,661,128,108,21,11,24,27,0,3,43,40,780,699,152,128,36,22,30,36,4,5,800,737,638,581,112,97,3,0,15,18,0,3,32,38,666,617,132,116,13,11,20,27,2,4,157,113,103,80,16,11,18,11,9,9,0,0,11,2,114,82,20,12,23,11,10,9,2,1
050,24,041,Maryland,Talbot County,3,6,1643,830,813,627,599,139,150,15,18,16,22,0,0,33,24,657,621,155,162,29,30,21,26,1,0,724,680,553,509,130,130,2,0,15,20,0,0,24,21,574,529,143,141,11,10,19,23,1,0,106,133,74,90,9,20,13,18,1,2,0,0,9,3,83,92,12,21,18,20,2,3,0,0
050,24,041,Maryland,Talbot County,3,7,2069,1022,1047,779,812,166,152,20,16,16,30,2,0,39,37,812,847,183,167,40,34,22,36,4,1,843,909,662,714,143,144,0,0,14,28,2,0,22,23,682,735,153,154,10,10,17,33,3,0,179,138,117,98,23,8,20,16,2,2,0,0,17,14,130,112,30,13,30,24,5,3,1,1
050,24,041,Maryland,Talbot County,3,8,1921,924,997,742,787,108,142,21,21,18,17,0,0,35,30,776,809,119,158,37,37,25,22,2,2,785,840,643,675,100,128,0,0,16,17,0,0,26,20,668,688,108,139,10,10,23,22,2,2,139,157,99,112,8,14,21,21,2,0,0,0,9,10,108,121,11,19,27,27,2,0,0,0
050,24,041,Maryland,Talbot County,3,9,1730,840,890,665,714,104,102,9,7,16,32,5,1,41,34,702,742,119,118,31,25,24,38,5,4,718,767,577,622,89,92,0,2,15,25,5,1,32,25,606,642,101,106,17,15,21,30,5,2,122,123,88,92,15,10,9,5,1,7,0,0,9,9,96,100,18,12,14,10,3,8,0,2
050,24,041,Maryland,Talbot County,3,10,1787,844,943,674,773,101,107,14,8,24,28,2,0,29,27,696,798,113,116,33,24,27,31,4,2,748,860,613,706,90,102,0,4,24,28,0,0,21,20,630,725,97,109,14,15,26,30,2,2,96,83,61,67,11,5,14,4,0,0,2,0,8,7,66,73,16,7,19,9,1,1,2,0
050,24,041,Maryland,Talbot County,3,11,2231,1036,1195,861,1009,141,143,7,4,9,10,0,0,18,29,879,1035,147,154,17,22,10,16,1,0,968,1123,808,956,135,134,1,1,9,10,0,0,15,22,823,977,140,142,9,15,10,14,1,0,68,72,53,53,6,9,6,3,0,0,0,0,3,7,56,58,7,12,8,7,0,2,0,0
050,24,041,Maryland,Talbot County,3,12,2704,1217,1487,1041,1231,135,194,7,0,20,29,0,0,14,33,1055,1262,139,206,16,20,21,31,0,1,1154,1427,996,1177,124,194,0,0,20,29,0,0,14,27,1010,1202,128,203,9,17,21,31,0,1,63,60,45,54,11,0,7,0,0,0,0,0,0,6,45,60,11,3,7,3,0,0,0,0
050,24,041,Maryland,Talbot County,3,13,3009,1392,1617,1212,1377,125,184,13,7,8,16,0,2,34,31,1240,1404,138,195,34,27,12,20,3,4,1344,1587,1182,1356,123,183,0,6,8,16,0,2,31,24,1207,1376,135,191,19,21,12,20,3,4,48,30,30,21,2,1,13,1,0,0,0,0,3,7,33,28,3,4,15,6,0,0,0,0
050,24,041,Maryland,Talbot County,3,14,3044,1398,1646,1219,1421,141,189,2,4,6,14,0,1,30,17,1247,1437,148,194,23,15,11,17,2,1,1376,1618,1202,1398,139,186,0,2,6,14,0,1,29,17,1229,1414,146,191,20,13,11,17,2,1,22,28,17,23,2,3,2,2,0,0,0,0,1,0,18,23,2,3,3,2,0,0,0,0
050,24,041,Maryland,Talbot County,3,15,2920,1310,1610,1178,1439,111,144,0,3,5,11,0,2,16,11,1194,1450,114,147,12,10,6,12,0,2,1294,1580,1169,1418,104,140,0,1,5,10,0,1,16,10,1185,1428,107,142,12,8,6,11,0,1,16,30,9,21,7,4,0,2,0,1,0,1,0,1,9,22,7,5,0,2,0,1,0,1
050,24,041,Maryland,Talbot County,3,16,2323,1055,1268,959,1128,79,111,4,5,8,11,0,0,5,13,964,1140,79,117,8,13,9,11,0,0,1036,1238,942,1110,78,103,4,1,8,11,0,0,4,13,946,1122,78,109,7,9,9,11,0,0,19,30,17,18,1,8,0,4,0,0,0,0,1,0,18,18,1,8,1,4,0,0,0,0
050,24,041,Maryland,Talbot County,3,17,1518,685,833,622,747,62,72,0,1,1,6,0,0,0,7,622,754,62,73,0,6,1,7,0,0,681,815,618,731,62,70,0,1,1,6,0,0,0,7,618,738,62,71,0,6,1,7,0,0,4,18,4,16,0,2,0,0,0,0,0,0,0,0,4,16,0,2,0,0,0,0,0,0
050,24,041,Maryland,Talbot County,3,18,1522,593,929,521,823,50,90,2,2,6,4,0,0,14,10,533,832,56,94,11,6,8,6,0,1,574,902,508,802,46,84,1,2,6,4,0,0,13,10,519,811,52,88,9,6,8,6,0,1,19,27,13,21,4,6,1,0,0,0,0,0,1,0,14,21,4,6,2,0,0,0,0,0
050,24,041,Maryland,Talbot County,4,0,37901,18058,19843,14664,16061,2148,2463,242,263,266,359,15,18,723,679,15335,16683,2496,2798,531,534,404,487,52,49,16181,17981,13424,14803,1949,2289,15,31,243,325,13,11,537,522,13922,15280,2204,2550,219,215,350,435,42,37,1877,1862,1240,1258,199,174,227,232,23,34,2,7,186,157,1413,1403,292,248,312,319,54,52,10,12
050,24,041,Maryland,Talbot County,4,1,1772,872,900,644,609,120,130,4,47,16,16,2,0,86,98,722,699,175,189,25,75,34,36,6,4,707,690,530,481,108,121,1,2,14,13,2,0,52,73,576,550,143,164,11,19,26,30,6,3,165,210,114,128,12,9,3,45,2,3,0,0,34,25,146,149,32,25,14,56,8,6,0,1
050,24,041,Maryland,Talbot County,4,2,1800,957,843,693,612,135,132,33,7,14,20,3,3,79,69,763,676,179,173,54,27,35,34,7,4,746,678,569,502,108,109,0,0,10,20,3,1,56,46,621,546,139,137,12,11,25,31,5,1,211,165,124,110,27,23,33,7,4,0,0,2,23,23,142,130,40,36,42,16,10,3,2,3
050,24,041,Maryland,Talbot County,4,3,1990,1026,964,750,670,163,157,15,29,18,28,0,3,80,77,823,744,205,201,42,51,39,43,5,5,832,778,625,548,132,139,1,5,18,24,0,0,56,62,676,608,162,175,17,22,33,37,3,1,194,186,125,122,31,18,14,24,0,4,0,3,24,15,147,136,43,26,25,29,6,6,2,4
050,24,041,Maryland,Talbot County,4,4,1955,1016,939,752,664,126,143,29,29,17,18,0,0,92,85,838,742,178,191,61,57,34,34,4,6,846,767,647,564,115,124,1,0,17,15,0,0,66,64,708,622,154,161,20,17,30,27,3,5,170,172,105,100,11,19,28,29,0,3,0,0,26,21,130,120,24,30,41,40,4,7,1,1
050,24,041,Maryland,Talbot County,4,5,1835,982,853,726,656,142,117,24,18,23,29,0,4,67,29,789,682,179,132,43,26,36,37,5,5,804,716,607,560,126,106,3,2,14,19,0,3,54,26,658,584,155,119,18,8,24,27,4,4,178,137,119,96,16,11,21,16,9,10,0,1,13,3,131,98,24,13,25,18,12,10,1,1
050,24,041,Maryland,Talbot County,4,6,1680,850,830,633,583,149,143,11,40,22,23,0,2,35,39,667,616,169,163,23,54,27,33,1,3,737,691,553,510,135,124,1,0,22,20,0,2,26,35,579,539,149,142,8,12,27,30,1,3,113,139,80,73,14,19,10,40,0,3,0,0,9,4,88,77,20,21,15,42,0,3,0,0
050,24,041,Maryland,Talbot County,4,7,2062,1027,1035,764,780,165,162,41,18,19,38,3,0,35,37,796,814,181,179,59,32,25,47,5,0,835,900,649,692,147,149,0,0,17,38,3,0,19,21,665,711,156,160,10,5,21,45,4,0,192,135,115,88,18,13,41,18,2,0,0,0,16,16,131,103,25,19,49,27,4,2,1,0
050,24,041,Maryland,Talbot County,4,8,1941,945,996,753,792,116,140,16,21,26,16,0,0,34,27,786,817,129,152,30,37,31,19,3,0,814,833,662,674,108,128,0,1,21,13,0,0,23,17,684,689,117,136,8,9,25,16,3,0,131,163,91,118,8,12,16,20,5,3,0,0,11,10,102,128,12,16,22,28,6,3,0,0
050,24,041,Maryland,Talbot County,4,9,1847,890,957,709,752,106,127,12,15,21,32,5,0,37,31,745,780,117,138,31,35,28,36,7,2,751,803,609,645,92,116,0,0,21,25,5,0,24,17,632,660,99,124,11,8,27,27,6,1,139,154,100,107,14,11,12,15,0,7,0,0,13,14,113,120,18,14,20,27,1,9,1,1
050,24,041,Maryland,Talbot County,4,10,1714,805,909,650,741,89,93,15,10,22,30,2,1,27,34,673,774,97,107,32,23,26,38,4,3,699,826,578,672,80,87,0,6,21,30,0,1,20,30,595,701,86,99,11,18,25,37,2,3,106,83,72,69,9,6,15,4,1,0,2,0,7,4,78,73,11,8,21,5,1,1,2,0
050,24,041,Maryland,Talbot County,4,11,2189,1020,1169,834,975,131,154,10,6,12,6,0,0,33,28,867,999,141,164,26,23,18,8,1,4,955,1096,792,920,119,145,3,2,12,6,0,0,29,23,821,939,126,153,18,15,18,8,1,4,65,73,42,55,12,9,7,4,0,0,0,0,4,5,46,60,15,11,8,8,0,0,0,0
050,24,041,Maryland,Talbot County,4,12,2612,1180,1432,995,1191,146,177,9,1,17,34,0,0,13,29,1006,1216,151,186,16,19,20,39,0,3,1110,1360,942,1126,138,177,0,0,17,34,0,0,13,23,953,1145,143,184,7,12,20,39,0,3,70,72,53,65,8,0,9,1,0,0,0,0,0,6,53,71,8,2,9,7,0,0,0,0
050,24,041,Maryland,Talbot County,4,13,3026,1391,1635,1211,1389,125,183,10,7,13,20,0,2,32,34,1241,1420,134,192,32,28,15,25,2,4,1335,1605,1174,1369,119,183,0,6,13,20,0,2,29,25,1201,1391,128,191,19,20,15,24,2,4,56,30,37,20,6,0,10,1,0,0,0,0,3,9,40,29,6,1,13,8,0,1,0,0
050,24,041,Maryland,Talbot County,4,14,3048,1405,1643,1235,1408,129,199,7,2,5,18,0,0,29,16,1261,1422,140,207,25,10,10,21,1,2,1378,1612,1217,1384,128,195,0,0,5,18,0,0,28,15,1242,1397,139,202,18,8,9,21,1,2,27,31,18,24,1,4,7,2,0,0,0,0,1,1,19,25,1,5,7,2,1,0,0,0
050,24,041,Maryland,Talbot County,4,15,2822,1239,1583,1105,1413,114,138,0,5,2,11,0,3,18,13,1122,1425,120,143,11,12,4,13,0,3,1230,1550,1101,1389,109,134,0,3,2,10,0,2,18,12,1118,1400,115,138,11,10,4,12,0,2,9,33,4,24,5,4,0,2,0,1,0,1,0,1,4,25,5,5,0,2,0,1,0,1
050,24,041,Maryland,Talbot County,4,16,2502,1133,1369,1030,1225,78,122,4,4,9,4,0,0,12,14,1042,1239,82,126,12,12,9,6,1,0,1110,1336,1011,1203,75,114,4,1,9,4,0,0,11,14,1022,1217,78,118,12,9,9,6,1,0,23,33,19,22,3,8,0,3,0,0,0,0,1,0,20,22,4,8,0,3,0,0,0,0
050,24,041,Maryland,Talbot County,4,17,1619,719,900,654,803,61,74,0,2,4,12,0,0,0,9,654,810,61,79,0,6,4,14,0,0,710,883,645,788,61,73,0,1,4,12,0,0,0,9,645,795,61,78,0,5,4,14,0,0,9,17,9,15,0,1,0,1,0,0,0,0,0,0,9,15,0,1,0,1,0,0,0,0
050,24,041,Maryland,Talbot County,4,18,1487,601,886,526,798,53,72,2,2,6,4,0,0,14,10,540,808,58,76,9,7,9,4,0,1,582,857,513,776,49,65,1,2,6,4,0,0,13,10,526,786,54,69,8,7,8,4,0,1,19,29,13,22,4,7,1,0,0,0,0,0,1,0,14,22,4,7,1,0,1,0,0,0
050,24,041,Maryland,Talbot County,5,0,38019,18091,19928,14624,15986,2144,2486,302,343,265,364,15,16,741,733,15311,16655,2482,2846,603,628,405,503,52,60,16127,17956,13351,14714,1948,2306,19,33,244,334,13,11,552,558,13871,15228,2201,2587,226,235,356,445,39,43,1964,1972,1273,1272,196,180,283,310,21,30,2,5,189,175,1440,1427,281,259,377,393,49,58,13,17
050,24,041,Maryland,Talbot County,5,1,1817,877,940,644,605,116,124,2,91,9,13,1,0,105,107,745,700,174,189,30,117,34,39,4,5,695,675,517,469,102,115,1,0,8,11,1,0,66,80,581,540,139,165,15,17,27,33,3,3,182,265,127,136,14,9,1,91,1,2,0,0,39,27,164,160,35,24,15,100,7,6,1,2
050,24,041,Maryland,Talbot County,5,2,1838,954,884,663,635,132,138,73,4,18,14,4,1,64,92,722,719,168,190,92,27,28,32,9,10,719,731,551,533,111,116,0,0,13,14,4,1,40,67,589,597,135,153,8,11,21,31,7,6,235,153,112,102,21,22,73,4,5,0,0,0,24,25,133,122,33,37,84,16,7,1,2,4
050,24,041,Maryland,Talbot County,5,3,1909,996,913,726,637,162,160,12,12,16,25,0,3,80,76,800,703,204,205,35,35,39,40,2,7,803,738,603,522,125,142,0,4,16,23,0,0,59,47,659,566,158,171,14,16,31,31,2,2,193,175,123,115,37,18,12,8,0,2,0,3,21,29,141,137,46,34,21,19,8,9,0,5
050,24,041,Maryland,Talbot County,5,4,1988,1017,971,756,666,123,159,19,35,22,25,0,0,97,86,845,746,171,209,51,62,43,41,5,6,848,782,647,549,111,140,2,1,22,20,0,0,66,72,709,615,146,182,19,22,39,35,2,6,169,189,109,117,12,19,17,34,0,5,0,0,31,14,136,131,25,27,32,40,4,6,3,0
050,24,041,Maryland,Talbot County,5,5,1871,981,890,726,659,142,119,29,37,21,30,0,2,63,43,785,695,174,143,48,51,35,41,3,3,806,718,601,558,134,103,3,3,12,22,0,1,56,31,653,583,164,122,19,12,24,30,2,2,175,172,125,101,8,16,26,34,9,8,0,1,7,12,132,112,10,21,29,39,11,11,1,1
050,24,041,Maryland,Talbot County,5,6,1698,849,849,642,580,134,148,15,73,18,18,0,3,40,27,679,605,155,161,29,83,25,22,2,5,732,686,554,510,127,132,2,0,18,14,0,3,31,27,585,535,142,145,11,10,24,18,1,5,117,163,88,70,7,16,13,73,0,4,0,0,9,0,94,70,13,16,18,73,1,4,1,0
050,24,041,Maryland,Talbot County,5,7,1975,995,980,707,728,162,156,62,15,21,38,3,1,40,42,744,769,179,178,80,28,29,45,6,4,800,867,613,659,140,141,1,0,19,38,3,1,24,28,636,687,150,156,9,7,25,43,6,2,195,113,94,69,22,15,61,15,2,0,0,0,16,14,108,82,29,22,71,21,4,2,0,2
050,24,041,Maryland,Talbot County,5,8,1967,945,1022,741,801,134,149,11,22,25,22,0,0,34,28,773,828,145,159,27,37,29,26,5,0,821,851,649,678,125,134,0,1,24,21,0,0,23,17,670,695,133,141,9,8,28,24,4,0,124,171,92,123,9,15,11,21,1,1,0,0,11,11,103,133,12,18,18,29,1,2,1,0
050,24,041,Maryland,Talbot County,5,9,1901,934,967,746,755,108,129,20,11,19,35,5,0,36,37,780,791,119,141,40,30,25,42,7,2,770,831,631,662,92,120,0,0,19,29,5,0,23,20,654,681,100,127,12,9,22,33,5,1,164,136,115,93,16,9,20,11,0,6,0,0,13,17,126,110,19,14,28,21,3,9,2,1
050,24,041,Maryland,Talbot County,5,10,1768,854,914,693,743,93,99,9,11,25,29,2,1,32,31,721,771,106,111,25,27,30,34,4,4,744,818,608,661,87,92,0,6,22,28,0,1,27,30,633,688,98,104,11,22,27,32,2,4,110,96,85,82,6,7,9,5,3,1,2,0,5,1,88,83,8,7,14,5,3,2,2,0
050,24,041,Maryland,Talbot County,5,11,2088,974,1114,781,932,130,135,10,6,18,9,0,0,35,32,811,962,142,144,30,24,25,15,1,2,900,1035,736,870,115,127,3,3,18,9,0,0,28,26,759,894,124,135,19,18,25,13,1,2,74,79,45,62,15,8,7,3,0,0,0,0,7,6,52,68,18,9,11,6,0,2,0,0
050,24,041,Maryland,Talbot County,5,12,2526,1159,1367,977,1142,145,168,14,4,10,28,0,0,13,25,990,1164,150,178,22,20,11,32,0,1,1085,1297,924,1083,138,166,0,2,10,28,0,0,13,18,937,1099,143,173,8,14,11,31,0,1,74,70,53,59,7,2,14,2,0,0,0,0,0,7,53,65,7,5,14,6,0,1,0,0
050,24,041,Maryland,Talbot County,5,13,2956,1382,1574,1209,1327,132,179,8,7,13,21,0,2,20,38,1229,1361,138,191,20,30,14,27,2,7,1321,1538,1166,1302,125,179,0,6,13,21,0,2,17,28,1183,1327,129,190,11,21,14,26,2,6,61,36,43,25,7,0,8,1,0,0,0,0,3,10,46,34,9,1,9,9,0,1,0,1
050,24,041,Maryland,Talbot County,5,14,3077,1388,1689,1202,1446,135,200,12,2,8,22,0,0,31,19,1229,1464,143,206,33,14,13,25,1,1,1362,1661,1189,1425,133,196,2,0,8,22,0,0,30,18,1215,1442,141,202,22,11,13,25,1,1,26,28,13,21,2,4,10,2,0,0,0,0,1,1,14,22,2,4,11,3,0,0,0,0
050,24,041,Maryland,Talbot County,5,15,2865,1246,1619,1109,1425,114,162,0,5,2,9,0,3,21,15,1130,1438,121,167,14,15,3,11,0,3,1232,1579,1100,1394,109,158,0,3,2,8,0,2,21,14,1121,1406,116,163,14,13,3,9,0,2,14,40,9,31,5,4,0,2,0,1,0,1,0,1,9,32,5,4,0,2,0,2,0,1
050,24,041,Maryland,Talbot County,5,16,2509,1148,1361,1045,1241,74,101,4,0,9,5,0,0,16,14,1058,1255,78,106,17,8,10,6,1,0,1127,1331,1028,1219,71,93,4,0,9,5,0,0,15,14,1041,1233,74,98,16,8,10,6,1,0,21,30,17,22,3,8,0,0,0,0,0,0,1,0,17,22,4,8,1,0,0,0,0,0
050,24,041,Maryland,Talbot County,5,17,1721,782,939,725,831,53,79,0,5,4,16,0,0,0,8,725,839,53,81,0,10,4,17,0,0,771,921,714,817,53,79,0,1,4,16,0,0,0,8,714,825,53,81,0,6,4,17,0,0,11,18,11,14,0,0,0,4,0,0,0,0,0,0,11,14,0,0,0,4,0,0,0,0
050,24,041,Maryland,Talbot County,5,18,1545,610,935,532,833,55,81,2,3,7,5,0,0,14,13,545,845,62,87,10,10,8,8,0,0,591,897,520,803,50,73,1,3,7,5,0,0,13,13,532,815,56,79,9,10,8,8,0,0,19,38,12,30,5,8,1,0,0,0,0,0,1,0,13,30,6,8,1,0,0,0,0,0
050,24,041,Maryland,Talbot County,6,0,38295,18205,20090,14696,16004,2103,2481,367,431,296,390,15,16,728,768,15363,16706,2454,2858,663,729,440,543,45,54,16110,17902,13363,14627,1911,2298,19,34,277,359,13,11,527,573,13845,15150,2167,2580,211,243,395,481,35,41,2095,2188,1333,1377,192,183,348,397,19,31,2,5,201,195,1518,1556,287,278,452,486,45,62,10,13
050,24,041,Maryland,Talbot County,6,1,1875,892,983,653,621,122,118,1,129,13,12,1,0,102,103,749,721,182,176,23,150,39,39,6,6,691,627,506,444,106,104,1,0,12,10,1,0,65,69,567,512,145,142,10,10,32,31,5,3,201,356,147,177,16,14,0,129,1,2,0,0,37,34,182,209,37,34,13,140,7,8,1,3
050,24,041,Maryland,Talbot County,6,2,1832,970,862,648,615,132,136,103,6,19,13,3,1,65,91,707,700,172,189,121,31,34,32,6,3,717,720,547,518,107,121,0,0,18,13,3,1,42,67,585,581,134,161,8,14,28,29,5,3,253,142,101,97,25,15,103,6,1,0,0,0,23,24,122,119,38,28,113,17,6,3,1,0
050,24,041,Maryland,Talbot County,6,3,1835,944,891,714,612,144,158,10,10,16,24,1,3,59,84,770,688,175,204,25,42,31,42,3,5,751,704,581,503,113,130,0,1,14,22,1,0,42,48,621,547,135,157,9,15,26,34,2,1,193,187,133,109,31,28,10,9,2,2,0,3,17,36,149,141,40,47,16,27,5,8,1,4
050,24,041,Maryland,Talbot County,6,4,1941,1020,921,747,640,126,146,17,32,23,28,0,0,107,75,842,711,188,188,57,53,43,44,2,2,844,744,638,522,115,132,2,4,23,23,0,0,66,63,698,582,156,167,20,22,36,36,1,2,176,177,109,118,11,14,15,28,0,5,0,0,41,12,144,129,32,21,37,31,7,8,1,0
050,24,041,Maryland,Talbot County,6,5,1951,972,979,722,678,145,142,27,57,18,25,0,2,60,75,780,743,177,184,44,85,33,42,2,3,779,771,582,568,133,127,1,2,11,19,0,1,52,54,632,614,160,159,16,19,25,32,1,2,193,208,140,110,12,15,26,55,7,6,0,1,8,21,148,129,17,25,28,66,8,10,1,1
050,24,041,Maryland,Talbot County,6,6,1799,890,909,690,624,115,129,18,97,24,30,0,3,43,26,730,646,138,143,35,105,30,36,1,6,748,701,578,532,111,114,3,1,22,25,0,3,34,26,610,554,130,128,14,9,28,31,1,6,142,208,112,92,4,15,15,96,2,5,0,0,9,0,120,92,8,15,21,96,2,5,0,0
050,24,041,Maryland,Talbot County,6,7,1959,1001,958,674,691,154,167,94,22,34,44,3,1,42,33,709,720,174,185,114,33,40,50,7,4,787,833,593,615,132,153,2,1,32,43,3,1,25,20,613,633,145,165,13,6,36,47,6,3,214,125,81,76,22,14,92,21,2,1,0,0,17,13,96,87,29,20,101,27,4,3,1,1
050,24,041,Maryland,Talbot County,6,8,2027,987,1040,775,818,147,149,10,17,24,19,0,0,31,37,801,852,160,166,25,33,29,25,3,3,848,876,669,698,139,133,0,1,23,18,0,0,17,26,681,722,148,145,6,12,28,23,2,2,139,164,106,120,8,16,10,16,1,1,0,0,14,11,120,130,12,21,19,21,1,2,1,1
050,24,041,Maryland,Talbot County,6,9,1916,919,997,735,766,104,137,26,18,18,36,4,0,32,40,764,805,116,152,45,39,23,42,4,1,755,849,623,664,89,130,0,0,18,32,4,0,21,23,643,686,97,140,10,11,23,36,4,1,164,148,112,102,15,7,26,18,0,4,0,0,11,17,121,119,19,12,35,28,0,6,0,0
050,24,041,Maryland,Talbot County,6,10,1794,892,902,725,733,97,103,5,9,30,27,2,1,33,29,756,758,110,115,23,21,35,33,5,5,780,802,638,651,90,95,0,4,27,24,1,1,24,27,660,675,98,106,12,15,31,29,3,5,112,100,87,82,7,8,5,5,3,3,1,0,9,2,96,83,12,9,11,6,4,4,2,0
050,24,041,Maryland,Talbot County,6,11,2005,931,1074,753,895,120,120,15,7,10,21,1,0,32,31,783,922,128,131,35,24,17,27,2,2,853,991,709,824,108,116,2,4,10,21,0,0,24,26,731,846,116,125,15,20,16,25,1,2,78,83,44,71,12,4,13,3,0,0,1,0,8,5,52,76,12,6,20,4,1,2,1,0
050,24,041,Maryland,Talbot County,6,12,2461,1154,1307,963,1087,137,165,15,3,19,24,0,0,20,28,981,1113,143,175,27,21,23,27,0,0,1087,1230,913,1029,135,156,1,1,19,24,0,0,19,20,930,1047,141,163,12,13,23,27,0,0,67,77,50,58,2,9,14,2,0,0,0,0,1,8,51,66,2,12,15,8,0,0,0,0
050,24,041,Maryland,Talbot County,6,13,2960,1373,1587,1203,1343,137,172,4,8,15,23,0,2,14,39,1216,1375,142,187,13,30,15,29,1,8,1312,1540,1160,1305,125,172,0,8,15,23,0,2,12,30,1171,1329,130,184,7,26,15,28,1,6,61,47,43,38,12,0,4,0,0,0,0,0,2,9,45,46,12,3,6,4,0,1,0,2
050,24,041,Maryland,Talbot County,6,14,3094,1381,1713,1214,1450,123,215,16,1,7,28,0,0,21,19,1234,1468,130,221,29,12,10,30,0,1,1346,1683,1196,1428,121,211,2,0,7,27,0,0,20,17,1215,1444,127,216,15,10,10,29,0,1,35,30,18,22,2,4,14,1,0,1,0,0,1,2,19,24,3,5,14,2,0,1,0,0
050,24,041,Maryland,Talbot County,6,15,2902,1292,1610,1132,1412,119,159,0,6,6,10,0,1,35,22,1165,1430,129,166,21,20,11,15,1,2,1276,1574,1122,1384,114,155,0,3,6,9,0,1,34,22,1154,1402,123,162,21,17,11,14,1,2,16,36,10,28,5,4,0,3,0,1,0,0,1,0,11,28,6,4,0,3,0,1,0,0
050,24,041,Maryland,Talbot County,6,16,2596,1186,1410,1080,1284,77,104,3,1,8,5,0,2,18,14,1096,1298,80,107,14,10,13,6,1,3,1165,1374,1063,1258,74,97,3,0,8,5,0,1,17,13,1078,1271,77,100,13,8,13,6,1,2,21,36,17,26,3,7,0,1,0,0,0,1,1,1,18,27,3,7,1,2,0,0,0,1
050,24,041,Maryland,Talbot County,6,17,1766,783,983,726,869,50,87,1,5,6,16,0,0,0,6,726,875,50,89,1,8,6,17,0,0,772,960,715,851,50,86,1,1,6,16,0,0,0,6,715,857,50,88,1,4,6,17,0,0,11,23,11,18,0,1,0,4,0,0,0,0,0,0,11,18,0,1,0,4,0,0,0,0
050,24,041,Maryland,Talbot County,6,18,1582,618,964,542,866,54,74,2,3,6,5,0,0,14,16,554,881,60,80,11,12,8,7,1,0,599,923,530,833,49,66,1,3,6,5,0,0,13,16,541,848,55,72,9,12,8,7,1,0,19,41,12,33,5,8,1,0,0,0,0,0,1,0,13,33,5,8,2,0,0,0,0,0
050,24,041,Maryland,Talbot County,7,0,38238,18139,20099,14638,15967,2068,2500,389,464,296,389,15,16,733,763,15312,16663,2413,2889,673,747,449,551,55,54,15958,17853,13263,14568,1873,2311,18,36,276,359,13,11,515,568,13735,15085,2119,2603,205,228,390,493,39,43,2181,2246,1375,1399,195,189,371,428,20,30,2,5,218,195,1577,1578,294,286,468,519,59,58,16,11
050,24,041,Maryland,Talbot County,7,1,1888,912,976,684,624,120,113,0,137,14,13,0,0,94,89,773,707,176,170,24,155,36,35,3,4,682,603,509,431,104,100,0,0,13,11,0,0,56,61,561,489,136,139,11,8,30,29,2,3,230,373,175,193,16,13,0,137,1,2,0,0,38,28,212,218,40,31,13,147,6,6,1,1
050,24,041,Maryland,Talbot County,7,2,1875,986,889,653,624,132,135,110,12,23,11,2,0,66,107,713,727,172,196,126,37,37,37,7,4,729,725,558,519,109,122,1,0,22,11,2,0,37,73,591,588,133,165,7,14,30,33,5,3,257,164,95,105,23,13,109,12,1,0,0,0,29,34,122,139,39,31,119,23,7,4,2,1
050,24,041,Maryland,Talbot County,7,3,1765,896,869,677,595,127,151,13,12,12,22,3,3,64,86,736,676,156,197,34,37,27,44,7,6,703,689,545,489,104,121,0,1,10,20,3,1,41,57,584,543,127,155,9,12,18,37,6,3,193,180,132,106,23,30,13,11,2,2,0,2,23,29,152,133,29,42,25,25,9,7,1,3
050,24,041,Maryland,Talbot County,7,4,1899,1002,897,737,628,136,148,16,23,19,25,0,1,94,72,828,693,185,187,44,44,42,40,6,6,816,725,618,515,114,133,2,4,19,21,0,0,63,52,679,562,149,161,17,18,35,32,4,4,186,172,119,113,22,15,14,19,0,4,0,1,31,20,149,131,36,26,27,26,7,8,2,2
050,24,041,Maryland,Talbot County,7,5,1950,984,966,720,648,143,156,24,69,13,16,0,2,84,75,799,719,188,201,49,93,30,32,5,4,793,760,593,540,130,141,0,1,10,15,0,1,60,62,652,600,162,177,14,19,24,29,2,3,191,206,127,108,13,15,24,68,3,1,0,1,24,13,147,119,26,24,35,74,6,3,3,1
050,24,041,Maryland,Talbot County,7,6,1813,906,907,697,642,122,112,19,81,29,40,0,3,39,29,735,670,143,124,29,91,36,46,2,5,747,703,575,537,115,105,4,0,22,32,0,3,31,26,605,562,132,116,11,8,28,38,2,5,159,204,122,105,7,7,15,81,7,8,0,0,8,3,130,108,11,8,18,83,8,8,0,0
050,24,041,Maryland,Talbot County,7,7,1899,951,948,637,662,137,173,100,42,32,39,2,1,43,31,675,688,156,192,118,51,40,45,6,3,751,802,561,589,129,152,1,1,30,37,2,1,28,22,584,607,144,166,10,6,36,42,5,3,200,146,76,73,8,21,99,41,2,2,0,0,15,9,91,81,12,26,108,45,4,3,1,0
050,24,041,Maryland,Talbot County,7,8,2077,1025,1052,784,812,160,155,20,15,28,29,1,0,32,41,814,848,171,174,34,30,36,37,2,5,859,893,671,698,143,140,0,0,27,28,1,0,17,27,688,721,148,154,7,8,32,34,1,3,166,159,113,114,17,15,20,15,1,1,0,0,15,14,126,127,23,20,27,22,4,3,1,2
050,24,041,Maryland,Talbot County,7,9,1940,921,1019,755,783,100,149,23,26,17,26,0,0,26,35,777,814,110,161,39,46,21,33,1,3,777,873,655,691,88,138,0,1,17,23,0,0,17,20,668,710,96,145,11,10,20,27,0,3,144,146,100,92,12,11,23,25,0,3,0,0,9,15,109,104,14,16,28,36,1,6,1,0
050,24,041,Maryland,Talbot County,7,10,1788,872,916,702,742,97,105,8,7,26,30,6,1,33,31,729,768,107,117,25,25,35,35,10,3,745,799,610,645,84,97,0,3,23,26,5,1,23,27,629,667,92,108,12,18,28,31,7,3,127,117,92,97,13,8,8,4,3,4,1,0,10,4,100,101,15,9,13,7,7,4,3,0
050,24,041,Maryland,Talbot County,7,11,1906,907,999,731,820,113,118,15,11,17,21,1,0,30,29,756,842,126,133,30,27,22,28,3,0,823,925,679,759,104,114,2,7,17,21,0,0,21,24,696,777,112,125,12,21,22,28,2,0,84,74,52,61,9,4,13,4,0,0,1,0,9,5,60,65,14,8,18,6,0,0,1,0
050,24,041,Maryland,Talbot County,7,12,2363,1105,1258,929,1038,126,164,14,5,15,21,0,0,21,30,950,1065,133,178,25,22,19,25,0,0,1035,1185,878,987,121,153,1,3,15,21,0,0,20,21,898,1005,127,163,12,15,19,24,0,0,70,73,51,51,5,11,13,2,0,0,0,0,1,9,52,60,6,15,13,7,0,1,0,0
050,24,041,Maryland,Talbot County,7,13,2850,1286,1564,1122,1332,133,177,5,7,14,22,0,0,12,26,1132,1354,138,186,12,24,15,24,1,2,1228,1507,1081,1281,121,177,0,7,14,22,0,0,12,20,1091,1298,126,185,7,20,15,22,1,2,58,57,41,51,12,0,5,0,0,0,0,0,0,6,41,56,12,1,5,4,0,2,0,0
050,24,041,Maryland,Talbot County,7,14,3101,1399,1702,1231,1439,115,202,16,2,9,35,0,2,28,22,1256,1460,125,207,34,17,13,39,0,2,1353,1670,1204,1418,113,199,2,1,9,33,0,2,25,17,1226,1434,122,202,18,12,13,37,0,2,46,32,27,21,2,3,14,1,0,2,0,0,3,5,30,26,3,5,16,5,0,2,0,0
050,24,041,Maryland,Talbot County,7,15,3025,1351,1674,1190,1466,121,167,0,5,8,11,0,1,32,24,1218,1489,133,177,19,20,14,13,0,1,1333,1641,1177,1441,117,162,0,3,8,10,0,1,31,24,1204,1464,128,172,19,18,14,12,0,1,18,33,13,25,4,5,0,2,0,1,0,0,1,0,14,25,5,5,0,2,0,1,0,0
050,24,041,Maryland,Talbot County,7,16,2607,1207,1400,1094,1263,88,118,0,2,7,6,0,2,18,9,1110,1270,91,122,14,7,10,9,1,2,1187,1363,1079,1235,84,113,0,0,7,6,0,1,17,8,1094,1241,87,116,13,4,10,9,1,1,20,37,15,28,4,5,0,2,0,0,0,1,1,1,16,29,4,6,1,3,0,0,0,1
050,24,041,Maryland,Talbot County,7,17,1846,798,1048,741,936,42,81,4,5,8,16,0,0,3,10,744,945,42,84,6,9,9,19,0,1,788,1018,731,914,42,77,4,1,8,16,0,0,3,10,734,923,42,80,6,5,9,19,0,1,10,30,10,22,0,4,0,4,0,0,0,0,0,0,10,22,0,4,0,4,0,0,0,0
050,24,041,Maryland,Talbot County,7,18,1646,631,1015,554,913,56,76,2,3,5,6,0,0,14,17,567,928,61,83,11,12,7,10,1,3,609,972,539,879,51,67,1,3,5,6,0,0,13,17,551,894,56,74,9,12,7,10,1,3,22,43,15,34,5,9,1,0,0,0,0,0,1,0,16,34,5,9,2,0,0,0,0,0
050,24,043,Maryland,Washington County,1,0,154699,78016,76683,60767,62804,11378,7608,499,450,1543,1680,65,66,3764,4075,64374,66724,13515,9811,1928,2098,2135,2322,137,166,72677,71742,57115,59336,10653,6988,127,128,1468,1649,39,46,3275,3595,60274,62795,12504,8920,1329,1550,1984,2210,96,139,5339,4941,3652,3468,725,620,372,322,75,31,26,20,489,480,4100,3929,1011,891,599,548,151,112,41,27
050,24,043,Maryland,Washington County,1,1,8404,4313,4091,3004,2807,643,586,34,32,89,72,6,2,537,592,3530,3384,1034,1007,143,159,167,168,17,16,3796,3573,2681,2498,553,506,3,6,87,71,4,0,468,492,3143,2978,899,863,92,93,149,147,13,12,517,518,323,309,90,80,31,26,2,1,2,2,69,100,387,406,135,144,51,66,18,21,4,4
050,24,043,Maryland,Washington County,1,2,9234,4708,4526,3388,3195,637,670,30,32,92,114,8,5,553,510,3930,3704,1010,1019,147,146,211,191,10,16,4157,4023,3031,2856,571,607,0,4,77,111,3,2,475,443,3496,3298,893,914,78,96,188,177,4,12,551,503,357,339,66,63,30,28,15,3,5,3,78,67,434,406,117,105,69,50,23,14,6,4
050,24,043,Maryland,Washington County,1,3,9843,4889,4954,3528,3522,709,710,41,39,125,136,4,6,482,541,3995,4041,1043,1079,158,197,201,223,15,14,4352,4435,3179,3168,638,635,4,9,120,129,4,3,407,491,3580,3638,923,965,96,152,178,208,13,11,537,519,349,354,71,75,37,30,5,7,0,3,75,50,415,403,120,114,62,45,23,15,2,3
050,24,043,Maryland,Washington County,1,4,9872,5115,4757,3735,3501,716,621,32,37,162,148,11,9,459,441,4181,3910,1006,888,167,169,247,225,23,25,4604,4291,3400,3180,628,578,4,3,153,142,7,9,412,379,3800,3530,892,812,124,110,227,211,19,25,511,466,335,321,88,43,28,34,9,6,4,0,47,62,381,380,114,76,43,59,20,14,4,0
050,24,043,Maryland,Washington County,1,5,8942,4772,4170,3320,3171,998,565,29,25,100,90,7,0,318,319,3623,3470,1201,760,124,124,148,134,12,12,4308,3764,3005,2886,912,511,5,5,93,88,4,0,289,274,3279,3143,1097,690,88,80,141,123,6,11,464,406,315,285,86,54,24,20,7,2,3,0,29,45,344,327,104,70,36,44,7,11,6,1
050,24,043,Maryland,Washington County,1,6,9591,5185,4406,3552,3453,1271,544,33,39,105,90,10,7,214,273,3762,3716,1391,684,122,168,130,132,14,16,4794,4015,3265,3175,1229,492,6,3,102,88,7,7,185,250,3446,3420,1340,620,77,119,124,122,9,16,391,391,287,278,42,52,27,36,3,2,3,0,29,23,316,296,51,64,45,49,6,10,5,0
050,24,043,Maryland,Washington County,1,7,9855,5300,4555,3790,3603,1160,572,50,28,111,109,2,0,187,243,3967,3834,1249,686,138,142,138,156,6,7,4869,4209,3483,3353,1104,523,16,7,109,105,2,0,155,221,3631,3562,1176,628,87,102,133,152,4,7,431,346,307,250,56,49,34,21,2,4,0,0,32,22,336,272,73,58,51,40,5,4,2,0
050,24,043,Maryland,Washington County,1,8,9735,5134,4601,3725,3662,1044,529,55,39,117,154,6,7,187,210,3907,3866,1104,603,161,177,146,180,10,10,4713,4227,3459,3407,978,470,9,8,111,154,0,7,156,181,3611,3584,1029,532,99,123,134,178,3,10,421,374,266,255,66,59,46,31,6,0,6,0,31,29,296,282,75,71,62,54,12,2,7,0
050,24,043,Maryland,Washington County,1,9,9091,4774,4317,3552,3454,912,488,46,42,121,126,0,9,143,198,3674,3650,984,572,125,139,145,163,4,11,4382,3965,3292,3210,857,441,9,9,109,126,0,4,115,175,3393,3383,905,508,72,97,129,158,3,6,392,352,260,244,55,47,37,33,12,0,0,5,28,23,281,267,79,64,53,42,16,5,1,5
050,24,043,Maryland,Washington County,1,10,9638,4921,4717,3814,3903,789,467,42,34,121,129,1,2,154,182,3957,4079,847,523,148,145,137,172,1,4,4601,4419,3594,3694,744,432,11,11,121,128,1,1,130,153,3713,3843,790,479,102,103,136,168,1,1,320,298,220,209,45,35,31,23,0,1,0,1,24,29,244,236,57,44,46,42,1,4,0,3
050,24,043,Maryland,Washington County,1,11,10768,5503,5265,4461,4502,737,472,28,26,105,130,4,7,168,128,4605,4623,793,508,152,119,124,144,11,13,5236,5039,4268,4314,709,458,8,17,99,128,2,5,150,117,4403,4424,753,489,117,103,114,137,9,10,267,226,193,188,28,14,20,9,6,2,2,2,18,11,202,199,40,19,35,16,10,7,2,3
050,24,043,Maryland,Washington County,1,12,11460,5713,5747,4839,5022,658,442,36,24,69,85,3,4,108,170,4943,5186,682,484,119,150,80,111,4,8,5527,5585,4691,4891,644,430,23,14,64,85,3,0,102,165,4791,5050,665,467,101,136,75,110,3,4,186,162,148,131,14,12,13,10,5,0,0,4,6,5,152,136,17,17,18,14,5,1,1,4
050,24,043,Maryland,Washington County,1,13,10354,5207,5147,4471,4592,523,349,31,23,88,104,0,3,94,76,4560,4663,548,362,102,84,94,110,1,4,5051,5005,4343,4483,514,327,20,16,88,101,0,3,86,75,4426,4553,533,340,87,76,94,107,1,4,156,142,128,109,9,22,11,7,0,3,0,0,8,1,134,110,15,22,15,8,0,3,0,0
050,24,043,Maryland,Washington County,1,14,8784,4237,4547,3822,4150,272,211,5,13,66,85,2,3,70,85,3891,4232,291,222,50,79,79,96,2,3,4163,4464,3755,4080,271,204,4,9,66,85,2,3,65,83,3819,4160,286,215,48,73,79,96,2,3,74,83,67,70,1,7,1,4,0,0,0,0,5,2,72,72,5,7,2,6,0,0,0,0
050,24,043,Maryland,Washington County,1,15,7098,3332,3766,3081,3506,158,173,5,8,33,35,0,0,55,44,3132,3550,173,177,48,45,38,38,4,0,3272,3707,3036,3467,156,165,3,1,31,35,0,0,46,39,3079,3506,171,166,37,36,35,38,4,0,60,59,45,39,2,8,2,7,2,0,0,0,9,5,53,44,2,11,11,9,3,0,0,0
050,24,043,Maryland,Washington County,1,16,4941,2188,2753,2051,2600,94,84,0,3,21,40,0,0,22,26,2071,2625,98,96,12,21,31,42,2,4,2168,2706,2034,2560,92,84,0,1,20,40,0,0,22,21,2054,2580,96,91,12,18,30,42,2,4,20,47,17,40,2,0,0,2,1,0,0,0,0,5,17,45,2,5,0,3,1,0,0,0
050,24,043,Maryland,Washington County,1,17,3418,1411,2007,1374,1899,19,59,0,5,13,25,1,0,4,19,1377,1914,21,68,3,20,14,25,1,0,1384,1980,1349,1873,19,59,0,4,13,25,0,0,3,19,1351,1888,20,68,3,19,13,25,0,0,27,27,25,26,0,0,0,1,0,0,1,0,1,0,26,26,1,0,0,1,1,0,1,0
050,24,043,Maryland,Washington County,1,18,3671,1314,2357,1260,2262,38,66,2,1,5,8,0,2,9,18,1269,2277,40,73,9,14,5,12,0,3,1300,2335,1250,2241,34,66,2,1,5,8,0,2,9,17,1259,2255,36,73,9,14,5,11,0,3,14,22,10,21,4,0,0,0,0,0,0,0,0,1,10,22,4,0,0,0,0,1,0,0
050,24,043,Maryland,Washington County,2,0,154699,78050,76649,60689,62692,11444,7664,505,451,1550,1675,66,67,3796,4100,64279,66563,13561,10012,1838,1891,2201,2347,164,158,72651,71660,57002,59196,10713,7028,129,127,1474,1643,39,47,3294,3619,60116,62616,12586,9141,1214,1331,2074,2262,118,122,5399,4989,3687,3496,731,636,376,324,76,32,27,20,502,481,4163,3947,975,871,624,560,127,85,46,36
050,24,043,Maryland,Washington County,2,1,8399,4315,4084,2987,2802,647,582,34,30,91,72,7,3,549,595,3510,3376,1015,981,142,154,198,187,19,16,3783,3566,2660,2489,554,500,3,6,88,71,4,0,474,500,3113,2972,876,844,86,94,186,175,15,8,532,518,327,313,93,82,31,24,3,1,3,3,75,95,397,404,139,137,56,60,12,12,4,8
050,24,043,Maryland,Washington County,2,2,9195,4710,4485,3389,3167,640,666,30,31,93,111,8,5,550,505,3914,3654,1003,1001,152,151,202,203,22,14,4163,3977,3033,2830,574,600,0,3,79,108,3,2,474,434,3486,3248,894,894,93,94,178,192,13,8,547,508,356,337,66,66,30,28,14,3,5,3,76,71,428,406,109,107,59,57,24,11,9,6
050,24,043,Maryland,Washington County,2,3,9842,4873,4969,3509,3514,710,724,41,39,124,137,3,6,486,549,3977,4036,1022,1087,171,172,215,236,12,18,4330,4452,3159,3163,639,648,4,10,117,131,2,3,409,497,3551,3638,910,985,98,121,200,224,8,12,543,517,350,351,71,76,37,29,7,6,1,3,77,52,426,398,112,102,73,51,15,12,4,6
050,24,043,Maryland,Washington County,2,4,9815,5089,4726,3701,3472,723,616,34,37,162,147,11,9,458,445,4130,3892,1011,895,169,170,242,223,27,18,4566,4255,3360,3147,632,570,5,3,153,142,8,9,408,384,3745,3510,892,819,116,107,226,210,23,16,523,471,341,325,91,46,29,34,9,5,3,0,50,61,385,382,119,76,53,63,16,13,4,2
050,24,043,Maryland,Washington County,2,5,9022,4812,4210,3349,3198,1003,575,26,26,104,89,7,0,323,322,3653,3504,1189,769,130,124,160,141,15,9,4350,3798,3031,2905,922,523,3,5,97,85,4,0,293,280,3307,3171,1094,698,92,82,152,132,10,7,462,412,318,293,81,52,23,21,7,4,3,0,30,42,346,333,95,71,38,42,8,9,5,2
050,24,043,Maryland,Washington County,2,6,9573,5186,4387,3546,3435,1273,547,34,41,105,89,9,6,219,269,3752,3688,1393,702,111,136,141,132,14,11,4785,3990,3253,3156,1228,494,6,3,102,87,6,6,190,244,3432,3386,1333,638,68,85,135,126,11,11,401,397,293,279,45,53,28,38,3,2,3,0,29,25,320,302,60,64,43,51,6,6,3,0
050,24,043,Maryland,Washington County,2,7,9862,5307,4555,3787,3595,1171,577,48,30,110,107,3,0,188,246,3965,3828,1262,700,128,130,146,147,8,6,4878,4202,3483,3344,1115,525,15,8,108,103,3,0,154,222,3628,3554,1190,640,76,93,140,141,7,6,429,353,304,251,56,52,33,22,2,4,0,0,34,24,337,274,72,60,52,37,6,6,1,0
050,24,043,Maryland,Washington County,2,8,9731,5133,4598,3715,3663,1049,529,58,38,116,149,4,7,191,212,3893,3859,1133,628,148,139,148,184,10,13,4707,4231,3447,3411,981,471,10,8,110,149,0,7,159,185,3595,3584,1055,559,79,92,140,180,4,12,426,367,268,252,68,58,48,30,6,0,4,0,32,27,298,275,78,69,69,47,8,4,6,1
050,24,043,Maryland,Washington County,2,9,9131,4793,4338,3563,3463,916,496,47,40,118,129,2,10,147,200,3700,3646,976,589,122,140,136,160,9,16,4394,3981,3298,3213,860,447,11,9,107,129,0,5,118,178,3408,3377,909,533,68,93,125,158,4,11,399,357,265,250,56,49,36,31,11,0,2,5,29,22,292,269,67,56,54,47,11,2,5,5
050,24,043,Maryland,Washington County,2,10,9537,4868,4669,3770,3846,791,469,42,37,121,128,1,2,143,187,3903,4022,848,548,117,141,145,150,4,6,4542,4363,3547,3636,743,431,10,11,120,127,1,1,121,157,3658,3783,793,499,74,95,141,148,3,5,326,306,223,210,48,38,32,26,1,1,0,1,22,30,245,239,55,49,43,46,4,2,1,1
050,24,043,Maryland,Washington County,2,11,10713,5485,5228,4426,4464,741,477,31,28,110,128,4,5,173,126,4588,4579,802,530,135,100,131,145,8,7,5224,5004,4236,4279,717,462,9,18,104,126,3,4,155,115,4380,4384,776,510,100,82,122,143,6,6,261,224,190,185,24,15,22,10,6,2,1,1,18,11,208,195,26,20,35,18,9,2,2,1
050,24,043,Maryland,Washington County,2,12,11467,5716,5751,4845,5026,657,441,34,24,68,86,4,5,108,169,4947,5184,694,509,100,126,81,102,7,5,5521,5578,4691,4887,641,429,21,13,64,86,3,1,101,162,4786,5038,675,492,83,113,77,102,6,1,195,173,154,139,16,12,13,11,4,0,1,4,7,7,161,146,19,17,17,13,4,0,1,4
050,24,043,Maryland,Washington County,2,13,10368,5200,5168,4452,4596,532,361,33,22,87,103,0,4,96,82,4543,4672,564,392,95,67,99,114,2,7,5045,5028,4323,4489,523,338,23,16,87,100,0,4,89,81,4407,4565,552,368,80,61,99,110,2,7,155,140,129,107,9,23,10,6,0,3,0,0,7,1,136,107,12,24,15,6,0,4,0,0
050,24,043,Maryland,Washington County,2,14,8833,4261,4572,3834,4167,276,219,6,12,69,90,2,3,74,81,3903,4237,301,252,54,61,76,100,3,7,4184,4483,3766,4093,275,212,4,7,69,89,2,3,68,79,3830,4161,298,245,47,54,76,99,3,7,77,89,68,74,1,7,2,5,0,1,0,0,6,2,73,76,3,7,7,7,0,1,0,0
050,24,043,Maryland,Washington County,2,15,7153,3358,3795,3104,3531,164,171,5,7,32,36,0,0,53,50,3153,3577,182,190,40,38,39,40,1,1,3299,3737,3059,3491,162,164,3,1,30,36,0,0,45,45,3100,3532,177,181,32,29,36,40,1,1,59,58,45,40,2,7,2,6,2,0,0,0,8,5,53,45,5,9,8,9,3,0,0,0
050,24,043,Maryland,Washington County,2,16,4973,2211,2762,2073,2604,94,87,0,3,20,43,0,0,24,25,2096,2628,102,98,14,17,22,45,1,0,2187,2714,2053,2563,92,87,0,1,19,43,0,0,23,20,2075,2582,100,95,13,12,21,45,1,0,24,48,20,41,2,0,0,2,1,0,0,0,1,5,21,46,2,3,1,5,1,0,0,0
050,24,043,Maryland,Washington County,2,17,3422,1409,2013,1368,1903,22,61,0,5,13,25,1,0,5,19,1373,1919,24,69,3,14,13,28,1,2,1383,1987,1344,1878,22,61,0,4,13,25,0,0,4,19,1348,1894,24,69,2,13,13,28,0,2,26,26,24,25,0,0,0,1,0,0,1,0,1,0,25,25,0,0,1,1,0,0,1,0
050,24,043,Maryland,Washington County,2,18,3663,1324,2339,1271,2246,35,66,2,1,7,6,0,2,9,18,1279,2262,40,72,7,11,7,10,1,2,1310,2314,1259,2222,33,66,2,1,7,6,0,2,9,17,1267,2237,38,72,7,11,7,9,1,2,14,25,12,24,2,0,0,0,0,0,0,0,0,1,12,25,2,0,0,0,0,1,0,0
050,24,043,Maryland,Washington County,3,0,154425,77615,76810,60113,62239,11356,7953,559,531,1602,1724,70,69,3915,4294,63825,66318,13542,10439,1921,2025,2272,2413,175,172,71870,71348,56202,58506,10606,7263,128,134,1522,1679,43,50,3369,3716,59405,62046,12523,9449,1222,1350,2136,2310,125,132,5745,5462,3911,3733,750,690,431,397,80,45,27,19,546,578,4420,4272,1019,990,699,675,136,103,50,40
050,24,043,Maryland,Washington County,3,1,8402,4290,4112,2893,2754,662,588,40,42,96,71,7,2,592,655,3460,3384,1061,1029,167,186,211,194,21,12,3703,3490,2547,2415,562,502,3,5,92,63,5,0,494,505,3022,2902,902,849,94,91,197,169,14,9,587,622,346,339,100,86,37,37,4,8,2,2,98,150,438,482,159,180,73,95,14,25,7,3
050,24,043,Maryland,Washington County,3,2,9033,4671,4362,3334,3043,677,662,28,34,93,110,6,6,533,507,3844,3533,1031,999,147,155,199,203,18,17,4128,3805,2975,2680,605,592,1,2,85,105,2,3,460,423,3420,3089,915,879,92,88,180,188,12,10,543,557,359,363,72,70,27,32,8,5,4,3,73,84,424,444,116,120,55,67,19,15,6,7
050,24,043,Maryland,Washington County,3,3,9788,4830,4958,3431,3477,718,731,58,49,112,127,5,8,506,566,3915,4014,1046,1107,187,184,203,228,17,22,4260,4421,3078,3116,646,654,4,13,100,123,2,5,430,510,3490,3602,933,1001,102,125,184,218,9,16,570,537,353,361,72,77,54,36,12,4,3,3,76,56,425,412,113,106,85,59,19,10,8,6
050,24,043,Maryland,Washington County,3,4,9702,5040,4662,3604,3377,747,617,42,45,169,145,11,8,467,470,4048,3825,1043,912,183,176,248,228,20,21,4455,4156,3231,3038,648,560,5,3,159,140,9,8,403,407,3614,3427,909,824,114,107,231,213,17,17,585,506,373,339,99,57,37,42,10,5,2,0,64,63,434,398,134,88,69,69,17,15,3,4
050,24,043,Maryland,Washington County,3,5,9356,4969,4387,3490,3283,994,618,23,38,110,111,8,0,344,337,3812,3602,1199,823,132,135,168,166,18,12,4488,3948,3151,2971,916,563,2,6,104,105,4,0,311,303,3443,3261,1105,751,93,86,161,158,12,9,481,439,339,312,78,55,21,32,6,6,4,0,33,34,369,341,94,72,39,49,7,8,6,3
050,24,043,Maryland,Washington County,3,6,9435,5117,4318,3493,3343,1216,577,44,35,119,78,8,5,237,280,3721,3613,1342,739,124,129,162,121,15,11,4676,3902,3169,3048,1173,521,8,2,115,76,5,5,206,250,3368,3288,1286,669,72,81,155,117,11,11,441,416,324,295,43,56,36,33,4,2,3,0,31,30,353,325,56,70,52,48,7,4,4,0
050,24,043,Maryland,Washington County,3,7,9890,5243,4647,3755,3593,1143,618,42,35,112,128,5,2,186,271,3930,3850,1229,756,120,151,144,170,13,8,4815,4252,3449,3322,1091,554,14,10,109,121,5,2,147,243,3588,3554,1162,680,69,107,136,162,10,7,428,395,306,271,52,64,28,25,3,7,0,0,39,28,342,296,67,76,51,44,8,8,3,1
050,24,043,Maryland,Washington County,3,8,9801,5083,4718,3713,3740,1006,571,48,51,124,139,2,7,190,210,3891,3938,1089,674,133,148,156,169,9,10,4638,4319,3401,3469,946,513,10,9,117,138,2,7,162,183,3553,3641,1021,607,78,89,146,166,7,10,445,399,312,271,60,58,38,42,7,1,0,0,28,27,338,297,68,67,55,59,10,3,2,0
050,24,043,Maryland,Washington County,3,9,9214,4820,4394,3597,3462,898,515,54,39,113,146,6,10,152,222,3739,3671,960,624,128,147,139,180,10,13,4403,4004,3322,3185,838,464,12,9,104,146,0,5,127,195,3440,3369,892,562,72,100,127,179,3,7,417,390,275,277,60,51,42,30,9,0,6,5,25,27,299,302,68,62,56,47,12,1,7,6
050,24,043,Maryland,Washington County,3,10,9051,4596,4455,3537,3616,768,463,47,48,120,133,1,2,123,193,3651,3792,816,548,114,155,139,157,4,10,4226,4111,3291,3395,713,415,5,9,116,132,1,2,100,158,3382,3539,751,487,57,92,134,155,4,8,370,344,246,221,55,48,42,39,4,1,0,0,23,35,269,253,65,61,57,63,5,2,0,2
050,24,043,Maryland,Washington County,3,11,10557,5382,5175,4299,4380,728,506,46,36,122,123,3,3,184,127,4472,4500,792,556,151,107,146,138,8,8,5109,4935,4115,4187,701,490,13,21,116,121,3,1,161,115,4267,4298,759,535,102,85,137,134,8,5,273,240,184,193,27,16,33,15,6,2,0,2,23,12,205,202,33,21,49,22,9,4,0,3
050,24,043,Maryland,Washington County,3,12,11179,5553,5626,4706,4896,635,447,30,26,64,93,5,8,113,156,4808,5044,677,508,99,119,77,108,8,13,5330,5422,4530,4739,620,435,14,12,60,93,3,4,103,139,4624,4871,658,488,75,94,72,106,6,8,223,204,176,157,15,12,16,14,4,0,2,4,10,17,184,173,19,20,24,25,5,2,2,5
050,24,043,Maryland,Washington County,3,13,10513,5245,5268,4473,4654,538,389,40,19,86,96,0,3,108,107,4574,4755,575,432,107,83,99,108,5,3,5079,5130,4337,4546,527,366,28,15,86,95,0,3,101,105,4431,4645,560,408,91,78,98,107,5,3,166,138,136,108,11,23,12,4,0,1,0,0,7,2,143,110,15,24,16,5,1,1,0,0
050,24,043,Maryland,Washington County,3,14,8994,4327,4667,3861,4227,300,246,10,17,78,103,2,4,76,70,3935,4289,319,274,60,62,88,111,6,6,4248,4561,3795,4142,298,237,4,10,78,100,2,4,71,68,3864,4203,317,265,49,53,88,107,6,6,79,106,66,85,2,9,6,7,0,3,0,0,5,2,71,86,2,9,11,9,0,4,0,0
050,24,043,Maryland,Washington County,3,15,7424,3484,3940,3220,3653,170,177,4,8,33,41,0,0,57,61,3273,3708,189,202,39,43,38,46,2,3,3424,3881,3172,3609,169,172,2,2,31,41,0,0,50,57,3219,3661,184,195,34,34,36,46,1,3,60,59,48,44,1,5,2,6,2,0,0,0,7,4,54,47,5,7,5,9,2,0,1,0
050,24,043,Maryland,Washington County,3,16,4997,2209,2788,2057,2610,102,98,1,3,20,51,0,0,29,26,2084,2635,112,110,19,17,23,52,0,1,2173,2732,2028,2565,99,95,1,1,19,51,0,0,26,20,2052,2584,108,103,17,13,22,52,0,1,36,56,29,45,3,3,0,2,1,0,0,0,3,6,32,51,4,7,2,4,1,0,0,0
050,24,043,Maryland,Washington County,3,17,3465,1425,2040,1375,1930,23,62,0,5,18,27,1,0,8,16,1383,1944,27,70,4,17,18,29,1,1,1403,2019,1355,1910,23,62,0,4,18,27,0,0,7,16,1362,1924,26,70,4,16,18,29,0,1,22,21,20,20,0,0,0,1,0,0,1,0,1,0,21,20,1,0,0,1,0,0,1,0
050,24,043,Maryland,Washington County,3,18,3624,1331,2293,1275,2201,31,68,2,1,13,2,0,1,10,20,1285,2221,35,76,7,11,14,5,0,1,1312,2260,1256,2169,31,68,2,1,13,2,0,1,10,19,1266,2188,35,76,7,11,14,4,0,1,19,33,19,32,0,0,0,0,0,0,0,0,0,1,19,33,0,0,0,0,0,1,0,0
050,24,043,Maryland,Washington County,4,0,154503,77566,76937,59403,61702,11653,8375,618,568,1709,1781,75,74,4108,4437,63297,65906,13982,10942,2035,2085,2409,2512,183,191,71195,70993,55062,57649,10862,7638,132,131,1629,1730,46,54,3464,3791,58343,61250,12850,9867,1243,1345,2259,2389,134,143,6371,5944,4341,4053,791,737,486,437,80,51,29,20,644,646,4954,4656,1132,1075,792,740,150,123,49,48
050,24,043,Maryland,Washington County,4,1,8436,4382,4054,2848,2673,695,589,61,44,129,65,6,0,643,683,3465,3331,1132,1046,198,193,253,200,19,16,3692,3400,2449,2313,593,500,4,1,125,61,5,0,516,525,2946,2820,949,859,98,92,235,173,13,10,690,654,399,360,102,89,57,43,4,4,1,0,127,158,519,511,183,187,100,101,18,27,6,6
050,24,043,Maryland,Washington County,4,2,9027,4641,4386,3231,3004,725,703,41,47,97,110,7,5,540,517,3747,3501,1083,1047,163,167,207,203,14,14,4032,3770,2848,2614,641,625,2,7,90,102,1,2,450,420,3279,3020,947,909,89,92,184,187,6,8,609,616,383,390,84,78,39,40,7,8,6,3,90,97,468,481,136,138,74,75,23,16,8,6
050,24,043,Maryland,Washington County,4,3,9619,4745,4874,3340,3368,752,753,53,45,104,113,8,8,488,587,3805,3931,1069,1145,178,184,200,218,22,20,4155,4302,2956,2989,682,676,4,8,91,108,5,4,417,517,3355,3488,958,1027,97,120,176,205,16,12,590,572,384,379,70,77,49,37,13,5,3,4,71,70,450,443,111,118,81,64,24,13,6,8
050,24,043,Maryland,Washington County,4,4,9615,4998,4617,3557,3315,739,652,46,46,181,143,10,10,465,451,3999,3742,1038,943,185,169,255,223,19,22,4386,4085,3162,2948,655,589,7,5,170,138,8,9,384,396,3528,3325,906,849,107,102,238,211,15,18,612,532,395,367,84,63,39,41,11,5,2,1,81,55,471,417,132,94,78,67,17,12,4,4
050,24,043,Maryland,Washington County,4,5,9531,5054,4477,3475,3299,1049,642,33,48,109,150,9,1,379,337,3837,3616,1277,849,150,143,174,209,20,14,4513,4008,3106,2968,964,589,3,7,105,141,5,0,330,303,3419,3256,1168,778,97,88,166,196,14,9,541,469,369,331,85,53,30,41,4,9,4,1,49,34,418,360,109,71,53,55,8,13,6,5
050,24,043,Maryland,Washington County,4,6,9402,5082,4320,3466,3299,1176,609,42,35,132,69,4,6,262,302,3712,3588,1328,782,127,137,176,117,10,14,4597,3861,3094,2989,1138,542,8,4,126,67,2,6,229,253,3310,3233,1271,692,77,82,168,110,8,12,485,459,372,310,38,67,34,31,6,2,2,0,33,49,402,355,57,90,50,55,8,7,2,2
050,24,043,Maryland,Washington County,4,7,10085,5313,4772,3735,3661,1174,633,53,47,136,154,6,3,209,274,3934,3919,1279,776,138,153,167,199,12,9,4842,4317,3410,3349,1111,565,12,10,131,147,5,3,173,243,3575,3578,1199,694,76,98,161,190,10,9,471,455,325,312,63,68,41,37,5,7,1,0,36,31,359,341,80,82,62,55,6,9,2,0
050,24,043,Maryland,Washington County,4,8,9951,5163,4788,3758,3741,1032,632,50,46,135,139,2,6,186,224,3937,3952,1115,742,132,145,166,172,9,13,4649,4350,3394,3430,959,578,11,11,128,136,2,6,155,189,3542,3606,1031,675,73,89,157,165,7,12,514,438,364,311,73,54,39,35,7,3,0,0,31,35,395,346,84,67,59,56,9,7,2,1
050,24,043,Maryland,Washington County,4,9,9293,4827,4466,3570,3497,927,571,55,40,111,141,7,11,157,206,3716,3689,993,669,130,139,137,170,12,17,4369,4053,3263,3213,867,508,8,3,106,141,0,7,125,181,3378,3383,922,597,64,84,129,167,3,11,458,413,307,284,60,63,47,37,5,0,7,4,32,25,338,306,71,72,66,55,8,3,9,6
050,24,043,Maryland,Washington County,4,10,8791,4500,4291,3439,3402,758,471,48,55,121,144,1,3,133,216,3563,3607,809,564,118,166,141,173,6,7,4082,3906,3151,3154,707,426,6,11,115,143,1,2,102,170,3244,3314,746,501,55,95,133,170,6,5,418,385,288,248,51,45,42,44,6,1,0,1,31,46,319,293,63,63,63,71,8,3,0,2
050,24,043,Maryland,Washington County,4,11,10322,5262,5060,4145,4251,743,510,35,39,131,128,4,3,204,129,4337,4372,822,560,148,111,158,146,11,9,4961,4802,3937,4045,702,490,11,22,126,126,4,1,181,118,4108,4156,770,538,110,84,151,143,10,7,301,258,208,206,41,20,24,17,5,2,0,2,23,11,229,216,52,22,38,27,7,3,1,2
050,24,043,Maryland,Washington County,4,12,10893,5345,5548,4458,4730,662,510,30,21,72,96,5,9,118,182,4567,4897,701,582,97,130,90,119,10,14,5125,5301,4281,4539,653,493,13,6,69,95,3,6,106,162,4379,4688,690,560,74,100,82,115,8,10,220,247,177,191,9,17,17,15,3,1,2,3,12,20,188,209,11,22,23,30,8,4,2,4
050,24,043,Maryland,Washington County,4,13,10573,5285,5288,4479,4666,557,395,54,14,80,95,0,2,115,116,4587,4772,593,443,125,77,92,109,6,8,5059,5136,4303,4537,540,378,34,11,78,94,0,1,104,115,4400,4642,571,425,99,74,89,108,6,7,226,152,176,129,17,17,20,3,2,1,0,1,11,1,187,130,22,18,26,3,3,1,0,1
050,24,043,Maryland,Washington County,4,14,9117,4406,4711,3896,4256,337,265,10,20,73,93,3,6,87,71,3974,4319,368,296,65,64,85,97,8,10,4308,4593,3818,4166,328,250,4,13,73,90,3,6,82,68,3891,4226,355,280,57,55,84,94,8,10,98,118,78,90,9,15,6,7,0,3,0,0,5,3,83,93,13,16,8,9,1,3,0,0
050,24,043,Maryland,Washington County,4,15,7356,3437,3919,3159,3586,167,192,2,11,46,67,1,0,62,63,3215,3643,190,218,37,48,54,74,3,1,3384,3868,3116,3543,165,189,0,6,45,67,1,0,57,63,3167,3600,186,215,32,43,53,74,3,1,53,51,43,43,2,3,2,5,1,0,0,0,5,0,48,43,4,3,5,5,1,0,0,0
050,24,043,Maryland,Washington County,4,16,5323,2345,2978,2174,2787,105,106,3,4,25,43,0,0,38,38,2211,2823,119,119,29,29,25,48,0,2,2298,2913,2137,2743,102,98,3,1,24,43,0,0,32,28,2168,2770,115,107,24,18,24,47,0,1,47,65,37,44,3,8,0,3,1,0,0,0,6,10,43,53,4,12,5,11,1,1,0,1
050,24,043,Maryland,Washington County,4,17,3552,1481,2071,1430,1953,24,65,0,5,13,31,2,0,12,17,1439,1969,30,73,8,15,14,32,2,0,1464,2047,1415,1930,24,65,0,4,13,31,1,0,11,17,1423,1946,30,73,7,14,14,32,1,0,17,24,15,23,0,0,0,1,0,0,1,0,1,0,16,23,0,0,1,1,0,0,1,0
050,24,043,Maryland,Washington County,4,18,3617,1300,2317,1243,2214,31,77,2,1,14,0,0,1,10,24,1252,2235,36,88,7,15,15,3,0,1,1279,2281,1222,2179,31,77,2,1,14,0,0,1,10,23,1231,2199,36,88,7,15,15,2,0,1,21,36,21,35,0,0,0,0,0,0,0,0,0,1,21,36,0,0,0,0,0,1,0,0
050,24,043,Maryland,Washington County,5,0,155437,78022,77415,59179,61393,11997,8907,702,630,1797,1875,76,71,4271,4539,63233,65701,14395,11555,2185,2165,2518,2599,177,187,71104,70866,54495,56952,11148,8086,139,142,1716,1816,46,51,3560,3819,57882,60587,13190,10350,1278,1350,2354,2467,125,139,6918,6549,4684,4441,849,821,563,488,81,59,30,20,711,720,5351,5114,1205,1205,907,815,164,132,52,48
050,24,043,Maryland,Washington County,5,1,8401,4343,4058,2725,2629,724,618,68,43,152,62,3,0,671,706,3374,3307,1170,1095,212,204,287,199,11,10,3614,3356,2321,2251,612,522,4,4,148,59,2,0,527,520,2832,2750,970,881,97,96,263,173,8,6,729,702,404,378,112,96,64,39,4,3,1,0,144,186,542,557,200,214,115,108,24,26,3,4
050,24,043,Maryland,Washington County,5,2,8971,4569,4402,3127,2965,751,774,53,50,101,105,10,4,527,504,3631,3449,1107,1111,170,168,200,192,21,17,3929,3732,2725,2539,657,684,8,8,94,96,4,1,441,404,3147,2931,959,958,92,86,184,175,13,9,640,670,402,426,94,90,45,42,7,9,6,3,86,100,484,518,148,153,78,82,16,17,8,8
050,24,043,Maryland,Washington County,5,3,9534,4781,4753,3370,3248,742,778,66,41,102,107,8,8,493,571,3843,3793,1058,1160,186,173,191,211,24,18,4130,4142,2943,2842,670,690,4,3,90,102,5,6,418,499,3346,3325,949,1029,94,106,167,196,16,14,651,611,427,406,72,88,62,38,12,5,3,2,75,72,497,468,109,131,92,67,24,15,8,4
050,24,043,Maryland,Washington County,5,4,9718,5042,4676,3509,3269,805,697,52,68,174,143,9,8,493,491,3978,3735,1118,1013,198,206,255,222,19,26,4370,4063,3084,2875,714,623,5,11,163,137,6,5,398,412,3464,3267,973,898,107,114,233,209,14,18,672,613,425,394,91,74,47,57,11,6,3,3,95,79,514,468,145,115,91,92,22,13,5,8
050,24,043,Maryland,Washington County,5,5,9648,5086,4562,3463,3308,1052,645,41,63,120,180,10,1,400,365,3837,3650,1294,870,168,165,184,245,23,12,4487,4047,3058,2939,957,602,7,8,115,174,7,0,343,324,3377,3242,1173,808,105,94,173,234,18,8,599,515,405,369,95,43,34,55,5,6,3,1,57,41,460,408,121,62,63,71,11,11,5,4
050,24,043,Maryland,Washington County,5,6,9575,5222,4353,3523,3280,1220,631,39,31,137,91,3,2,300,318,3806,3577,1391,819,137,136,190,137,7,12,4694,3846,3119,2932,1175,567,5,6,133,86,2,2,260,253,3366,3169,1326,721,81,78,182,127,6,11,528,507,404,348,45,64,34,25,4,5,1,0,40,65,440,408,65,98,56,58,8,10,1,1
050,24,043,Maryland,Washington County,5,7,10101,5328,4773,3738,3625,1179,670,71,55,140,148,7,7,193,268,3920,3880,1276,813,150,155,171,191,12,14,4824,4271,3404,3277,1118,599,15,8,136,141,4,7,147,239,3544,3504,1194,730,70,92,162,182,7,13,504,502,334,348,61,71,56,47,4,7,3,0,46,29,376,376,82,83,80,63,9,9,5,1
050,24,043,Maryland,Washington County,5,8,10170,5290,4880,3788,3735,1057,707,55,41,179,168,3,4,208,225,3986,3947,1154,823,145,133,211,200,10,11,4767,4422,3410,3400,993,636,11,11,171,162,3,4,179,209,3580,3597,1078,746,83,94,202,192,9,11,523,458,378,335,64,71,44,30,8,6,0,0,29,16,406,350,76,77,62,39,9,8,1,0
050,24,043,Maryland,Washington County,5,9,9425,4838,4587,3556,3580,973,590,46,46,96,140,7,10,160,221,3705,3787,1043,692,127,148,120,174,10,17,4372,4126,3240,3267,901,525,10,6,94,138,0,9,127,181,3360,3436,959,613,69,85,114,167,2,14,466,461,316,313,72,65,36,40,2,2,7,1,33,40,345,351,84,79,58,63,6,7,8,3
050,24,043,Maryland,Washington County,5,10,8773,4509,4264,3403,3320,779,528,64,57,121,144,1,6,141,209,3526,3516,837,621,140,165,142,167,10,15,4027,3827,3070,3036,734,466,6,11,110,143,1,2,106,169,3165,3196,779,543,56,94,128,165,7,8,482,437,333,284,45,62,58,46,11,1,0,4,35,40,361,320,58,78,84,71,14,2,3,7
050,24,043,Maryland,Washington County,5,11,10128,5227,4901,4085,4079,763,500,36,58,130,132,4,3,209,129,4281,4201,842,553,152,128,160,149,9,4,4879,4602,3840,3854,719,482,9,23,125,128,4,1,182,114,4009,3961,791,531,108,83,152,144,8,2,348,299,245,225,44,18,27,35,5,4,0,2,27,15,272,240,51,22,44,45,8,5,1,2
050,24,043,Maryland,Washington County,5,12,10597,5194,5403,4275,4517,666,570,36,19,83,107,5,8,129,182,4399,4689,709,646,110,125,101,128,8,11,4942,5124,4080,4307,648,539,13,5,81,106,3,6,117,161,4192,4459,689,607,81,100,95,124,6,8,252,279,195,210,18,31,23,14,2,1,2,2,12,21,207,230,20,39,29,25,6,4,2,3
050,24,043,Maryland,Washington County,5,13,10619,5256,5363,4453,4724,557,401,48,15,82,97,0,2,116,124,4566,4842,589,451,123,85,97,111,3,6,5017,5197,4268,4581,542,386,26,12,78,96,0,0,103,122,4368,4697,570,436,92,80,93,110,3,4,239,166,185,143,15,15,22,3,4,1,0,2,13,2,198,145,19,15,31,5,4,1,0,2
050,24,043,Maryland,Washington County,5,14,9335,4547,4788,3982,4283,374,322,20,21,72,88,3,7,96,67,4072,4346,401,347,79,59,88,97,5,10,4412,4660,3879,4184,357,305,11,13,72,85,3,7,90,66,3963,4246,383,330,66,50,87,94,5,10,135,128,103,99,17,17,9,8,0,3,0,0,6,1,109,100,18,17,13,9,1,3,0,0
050,24,043,Maryland,Washington County,5,15,7474,3472,4002,3178,3641,172,199,2,8,58,85,2,0,60,69,3234,3706,193,228,36,48,66,90,3,1,3408,3942,3123,3591,171,192,0,7,58,85,2,0,54,67,3173,3654,190,220,31,46,66,90,2,1,64,60,55,50,1,7,2,1,0,0,0,0,6,2,61,52,3,8,5,2,0,0,1,0
050,24,043,Maryland,Washington County,5,16,5569,2485,3084,2297,2869,114,125,3,7,26,43,0,0,45,40,2339,2907,130,140,33,31,29,46,1,1,2438,3014,2261,2824,111,116,3,0,24,43,0,0,39,31,2297,2854,125,127,28,18,27,46,1,0,47,70,36,45,3,9,0,7,2,0,0,0,6,9,42,53,5,13,5,13,2,0,0,1
050,24,043,Maryland,Washington County,5,17,3701,1503,2198,1433,2067,39,73,0,5,11,32,1,0,19,21,1452,2088,47,82,10,17,12,33,1,1,1492,2162,1423,2033,39,73,0,4,11,32,0,0,19,20,1442,2053,47,81,10,15,12,33,0,1,11,36,10,34,0,0,0,1,0,0,1,0,0,1,10,35,0,1,0,2,0,0,1,0
050,24,043,Maryland,Washington County,5,18,3698,1330,2368,1274,2254,30,79,2,2,13,3,0,1,11,29,1284,2281,36,91,9,19,14,7,0,1,1302,2333,1247,2220,30,79,2,2,13,3,0,1,10,28,1257,2246,35,91,8,19,14,6,0,1,28,35,27,34,0,0,0,0,0,0,0,0,1,1,27,35,1,0,1,0,0,1,0,0
050,24,043,Maryland,Washington County,6,0,157140,78914,78226,59107,61428,12587,9293,778,704,1976,1953,85,74,4381,4774,63270,65952,15072,12082,2263,2312,2740,2781,197,190,71399,70960,54058,56525,11655,8398,155,148,1885,1880,50,52,3596,3957,57479,60280,13737,10747,1269,1389,2566,2609,134,141,7515,7266,5049,4903,932,895,623,556,91,73,35,22,785,817,5791,5672,1335,1335,994,923,174,172,63,49
050,24,043,Maryland,Washington County,6,1,8536,4406,4130,2659,2624,745,641,81,50,231,67,2,0,688,748,3319,3349,1204,1140,221,216,370,217,20,15,3655,3352,2258,2196,630,550,4,4,226,59,0,0,537,543,2774,2723,994,919,94,95,345,182,12,9,751,778,401,428,115,91,77,46,5,8,2,0,151,205,545,626,210,221,127,121,25,35,8,6
050,24,043,Maryland,Washington County,6,2,9108,4586,4522,3080,2981,784,816,60,58,112,94,13,3,537,570,3601,3527,1143,1194,177,184,216,207,29,15,3892,3778,2648,2534,692,696,11,8,99,84,6,0,436,456,3070,2974,988,1003,90,93,192,183,19,9,694,744,432,447,92,120,49,50,13,10,7,3,101,114,531,553,155,191,87,91,24,24,10,6
050,24,043,Maryland,Washington County,6,3,9587,4871,4716,3369,3255,795,773,65,46,112,112,9,8,521,522,3875,3757,1131,1118,188,175,214,209,21,17,4151,4037,2919,2795,693,686,4,4,100,106,6,5,429,441,3336,3220,976,985,91,98,188,195,15,12,720,679,450,460,102,87,61,42,12,6,3,3,92,81,539,537,155,133,97,77,26,14,6,5
050,24,043,Maryland,Washington County,6,4,9682,4982,4700,3417,3199,827,736,72,86,158,147,5,9,503,523,3895,3696,1149,1076,223,221,237,242,18,21,4251,4048,2964,2779,732,661,4,10,151,145,4,6,396,447,3341,3206,999,959,103,115,218,230,13,13,731,652,453,420,95,75,68,76,7,2,1,3,107,76,554,490,150,117,120,106,19,12,5,8
050,24,043,Maryland,Washington County,6,5,9550,5029,4521,3345,3235,1097,684,56,66,119,133,13,2,399,401,3725,3613,1338,929,177,188,184,202,22,12,4363,3914,2909,2816,986,625,12,8,110,128,9,1,337,336,3230,3133,1196,839,104,99,170,189,15,8,666,607,436,419,111,59,44,58,9,5,4,1,62,65,495,480,142,90,73,89,14,13,7,4
050,24,043,Maryland,Washington County,6,6,9967,5423,4544,3702,3395,1255,629,32,46,145,117,4,2,285,355,3972,3731,1422,839,124,163,191,173,10,11,4830,3990,3227,3035,1208,569,6,10,138,107,1,1,250,268,3464,3290,1357,736,80,84,183,151,7,9,593,554,475,360,47,60,26,36,7,10,3,1,35,87,508,441,65,103,44,79,8,22,3,2
050,24,043,Maryland,Washington County,6,7,10209,5387,4822,3671,3614,1256,713,81,54,152,158,12,9,215,274,3871,3874,1370,867,165,148,187,208,18,18,4855,4247,3327,3211,1192,627,14,4,149,150,7,9,166,246,3483,3445,1284,767,71,84,179,197,11,17,532,575,344,403,64,86,67,50,3,8,5,0,49,28,388,429,86,100,94,64,8,11,7,1
050,24,043,Maryland,Washington County,6,8,10572,5524,5048,3882,3807,1131,750,64,35,232,216,3,2,212,238,4077,4030,1236,874,149,133,272,251,9,11,4939,4493,3466,3390,1060,677,13,10,223,208,3,2,174,206,3626,3584,1150,787,78,90,259,241,7,9,585,555,416,417,71,73,51,25,9,8,0,0,38,32,451,446,86,87,71,43,13,10,2,2
050,24,043,Maryland,Washington County,6,9,9612,4951,4661,3599,3594,1034,625,41,53,97,154,7,11,173,224,3761,3805,1112,731,123,159,123,189,13,15,4461,4184,3250,3264,971,560,10,10,96,148,0,10,134,192,3376,3443,1035,656,66,97,122,180,3,13,490,477,349,330,63,65,31,43,1,6,7,1,39,32,385,362,77,75,57,62,1,9,10,2
050,24,043,Maryland,Washington County,6,10,8984,4643,4341,3450,3344,841,570,74,60,126,142,0,6,152,219,3589,3546,901,669,152,172,152,177,6,15,4155,3869,3117,3028,792,509,8,12,114,142,0,2,124,176,3231,3191,842,590,68,97,138,171,5,9,488,472,333,316,49,61,66,48,12,0,0,4,28,43,358,355,59,79,84,75,14,6,1,6
050,24,043,Maryland,Washington County,6,11,9696,4956,4740,3833,3884,766,517,41,61,125,133,4,2,187,143,4008,4019,840,578,146,135,157,155,7,5,4572,4407,3569,3649,713,485,9,18,121,129,4,1,156,125,3714,3766,778,540,92,84,149,148,7,3,384,333,264,235,53,32,32,43,4,4,0,1,31,18,294,253,62,38,54,51,8,7,0,2
050,24,043,Maryland,Washington County,6,12,10350,5136,5214,4186,4347,681,559,30,24,100,117,5,8,134,159,4311,4491,726,626,108,117,122,138,7,10,4864,4946,3970,4135,661,533,13,10,97,115,3,7,120,146,4085,4267,702,595,81,93,116,136,4,9,272,268,216,212,20,26,17,14,3,2,2,1,14,13,226,224,24,31,27,24,6,2,3,1
050,24,043,Maryland,Washington County,6,13,10759,5276,5483,4469,4776,573,436,39,21,70,84,1,4,124,162,4585,4927,614,502,117,118,82,105,5,10,5028,5258,4268,4595,554,414,26,13,66,83,1,0,113,153,4374,4737,589,478,97,103,78,103,5,6,248,225,201,181,19,22,13,8,4,1,0,4,11,9,211,190,25,24,20,15,4,2,0,4
050,24,043,Maryland,Washington County,6,14,9531,4698,4833,4055,4313,415,341,33,20,88,98,1,6,106,55,4154,4363,449,362,99,53,104,105,3,7,4512,4700,3925,4213,388,320,16,12,88,95,1,6,94,54,4012,4262,420,341,73,44,103,102,3,7,186,133,130,100,27,21,17,8,0,3,0,0,12,1,142,101,29,21,26,9,1,3,0,0
050,24,043,Maryland,Washington County,6,15,7573,3504,4069,3194,3687,175,202,4,10,56,93,5,1,70,76,3263,3756,197,233,44,54,67,104,5,2,3427,4003,3127,3631,175,195,1,9,56,93,5,1,63,74,3189,3699,193,225,39,52,66,103,5,2,77,66,67,56,0,7,3,1,0,0,0,0,7,2,74,57,4,8,5,2,1,1,0,0
050,24,043,Maryland,Washington County,6,16,5866,2663,3203,2462,2958,121,140,4,5,31,49,0,0,45,51,2505,3003,135,160,31,35,37,53,2,3,2605,3139,2418,2915,117,130,3,0,29,49,0,0,38,45,2454,2955,129,146,24,27,35,53,2,3,58,64,44,43,4,10,1,5,2,0,0,0,7,6,51,48,6,14,7,8,2,0,0,0
050,24,043,Maryland,Washington County,6,17,3752,1529,2223,1431,2085,63,83,1,4,14,30,1,0,19,21,1448,2105,71,94,13,17,15,32,1,1,1516,2177,1419,2046,63,83,1,1,14,30,0,0,19,17,1436,2063,71,91,13,10,15,32,0,1,13,46,12,39,0,0,0,3,0,0,1,0,0,4,12,42,0,3,0,7,0,0,1,0
050,24,043,Maryland,Washington County,6,18,3806,1350,2456,1303,2330,28,78,0,5,8,9,0,1,11,33,1311,2360,34,90,6,24,10,14,1,2,1323,2418,1277,2293,28,78,0,5,8,9,0,1,10,32,1284,2322,34,90,5,24,10,13,1,2,27,38,26,37,0,0,0,0,0,0,0,0,1,1,27,38,0,0,1,0,0,1,0,0
050,24,043,Maryland,Washington County,7,0,157731,79382,78349,58955,61221,12941,9500,834,717,2007,2024,86,84,4559,4803,63281,65774,15544,12325,2355,2311,2815,2839,207,204,71285,70608,53509,55921,11892,8577,157,151,1913,1950,48,54,3766,3955,57090,59665,14079,10936,1314,1374,2619,2665,139,148,8097,7741,5446,5300,1049,923,677,566,94,74,38,30,793,848,6191,6109,1465,1389,1041,937,196,174,68,56
050,24,043,Maryland,Washington County,7,1,8410,4373,4037,2589,2536,771,670,87,39,224,71,2,0,700,721,3262,3238,1238,1152,237,198,367,212,17,15,3580,3226,2184,2072,647,585,5,3,219,62,0,0,525,504,2689,2561,1003,928,98,86,337,178,10,10,793,811,405,464,124,85,82,36,5,9,2,0,175,217,573,677,235,224,139,112,30,34,7,5
050,24,043,Maryland,Washington County,7,2,9055,4627,4428,3073,2909,809,784,58,59,111,99,13,7,563,570,3610,3459,1185,1166,175,179,227,215,24,19,3844,3676,2586,2446,683,662,7,8,103,91,6,0,459,469,3025,2899,995,982,87,95,201,194,15,11,783,752,487,463,126,122,51,51,8,8,7,7,104,101,585,560,190,184,88,84,26,21,9,8
050,24,043,Maryland,Washington County,7,3,9596,4900,4696,3350,3238,809,773,68,47,124,118,7,9,542,511,3872,3730,1160,1115,198,164,226,214,21,18,4118,3971,2852,2747,695,680,5,2,108,113,4,5,454,424,3292,3157,1000,971,96,85,197,198,14,12,782,725,498,491,114,93,63,45,16,5,3,4,88,87,580,573,160,144,102,79,29,16,7,6
050,24,043,Maryland,Washington County,7,4,9539,4867,4672,3304,3141,851,760,70,91,145,149,4,8,493,523,3778,3637,1168,1099,206,229,232,238,15,21,4133,3982,2834,2704,754,671,3,11,138,145,3,4,401,447,3219,3128,1020,969,98,115,211,227,11,11,734,690,470,437,97,89,67,80,7,4,1,4,92,76,559,509,148,130,108,114,21,11,4,10
050,24,043,Maryland,Washington County,7,5,9515,5040,4475,3307,3182,1103,667,60,66,125,116,15,4,430,440,3716,3603,1364,943,188,195,202,187,25,16,4328,3832,2848,2737,980,620,9,10,112,111,10,4,369,350,3201,3074,1211,846,108,101,180,173,17,11,712,643,459,445,123,47,51,56,13,5,5,0,61,90,515,529,153,97,80,94,22,14,8,5
050,24,043,Maryland,Washington County,7,6,10414,5680,4734,3827,3508,1332,680,35,53,170,143,6,3,310,347,4123,3839,1514,887,126,164,223,199,15,15,5025,4109,3319,3085,1261,613,5,6,163,132,3,2,274,271,3580,3341,1426,780,81,83,212,178,10,11,655,625,508,423,71,67,30,47,7,11,3,1,36,76,543,498,88,107,45,81,11,21,5,4
050,24,043,Maryland,Washington County,7,7,10030,5320,4710,3629,3558,1223,695,98,53,117,142,7,8,246,254,3863,3797,1353,838,188,142,159,184,14,15,4727,4109,3234,3125,1157,616,13,4,114,136,2,8,207,220,3432,3332,1270,743,81,75,153,175,7,15,593,601,395,433,66,79,85,49,3,6,5,0,39,34,431,465,83,95,107,67,6,9,7,0
050,24,043,Maryland,Washington County,7,8,10687,5604,5083,3913,3801,1174,744,60,33,250,249,4,3,203,253,4105,4037,1275,880,149,132,280,293,10,10,5009,4502,3480,3355,1107,672,15,11,246,241,4,2,157,221,3628,3561,1187,795,77,91,273,280,10,8,595,581,433,446,67,72,45,22,4,8,0,1,46,32,477,476,88,85,72,41,7,13,0,2
050,24,043,Maryland,Washington County,7,9,9863,5054,4809,3636,3684,1050,686,52,55,112,145,6,8,198,231,3816,3898,1142,799,147,158,145,182,15,15,4501,4281,3245,3316,978,605,12,11,106,141,1,8,159,200,3392,3501,1052,707,83,95,136,172,8,15,553,528,391,368,72,81,40,44,6,4,5,0,39,31,424,397,90,92,64,63,9,10,7,0
050,24,043,Maryland,Washington County,7,10,9211,4795,4416,3537,3408,902,580,76,56,122,154,4,12,154,206,3680,3600,969,674,153,159,146,181,9,18,4258,3935,3163,3065,846,522,9,13,111,152,0,5,129,178,3282,3230,903,606,71,98,134,178,3,11,537,481,374,343,56,58,67,43,11,2,4,7,25,28,398,370,66,68,82,61,12,3,6,7
050,24,043,Maryland,Washington County,7,11,9242,4655,4587,3575,3690,764,534,50,59,129,139,2,2,135,163,3698,3835,818,609,117,147,152,168,9,5,4248,4203,3289,3429,707,496,8,13,126,134,2,1,116,130,3394,3544,754,555,65,78,147,159,7,4,407,384,286,261,57,38,42,46,3,5,0,1,19,33,304,291,64,54,52,69,5,9,2,1
050,24,043,Maryland,Washington County,7,12,10272,5189,5083,4163,4206,711,565,29,33,102,122,4,7,180,150,4331,4344,778,631,133,118,126,138,9,10,4896,4813,3941,3993,688,542,14,16,97,119,3,6,153,137,4084,4118,746,602,98,94,120,134,8,8,293,270,222,213,23,23,15,17,5,3,1,1,27,13,247,226,32,29,35,24,6,4,1,2
050,24,043,Maryland,Washington County,7,13,10685,5205,5480,4390,4723,576,466,32,26,71,86,4,5,132,174,4512,4882,621,537,113,125,85,106,8,11,4946,5217,4183,4517,559,440,17,15,67,86,3,1,117,158,4293,4662,597,505,88,105,80,103,6,7,259,263,207,206,17,26,15,11,4,0,1,4,15,16,219,220,24,32,25,20,5,3,2,4
050,24,043,Maryland,Washington County,7,14,9523,4682,4841,4008,4296,439,357,42,18,83,100,1,4,109,66,4109,4357,477,379,108,56,98,110,3,7,4488,4688,3873,4178,408,332,25,12,83,97,1,4,98,65,3963,4238,441,353,84,49,98,107,3,7,194,153,135,118,31,25,17,6,0,3,0,0,11,1,146,119,36,26,24,7,0,3,0,0
050,24,043,Maryland,Washington County,7,15,7898,3672,4226,3318,3832,194,210,11,12,68,90,5,3,76,79,3387,3906,221,244,56,60,78,96,8,3,3572,4142,3231,3763,193,202,5,8,68,89,5,3,70,77,3295,3835,218,236,46,54,78,95,7,3,100,84,87,69,1,8,6,4,0,1,0,0,6,2,92,71,3,8,10,6,0,1,1,0
050,24,043,Maryland,Washington County,7,16,6065,2750,3315,2523,3037,131,161,4,8,34,54,1,0,57,55,2577,3087,147,182,41,40,44,59,3,3,2689,3257,2475,3000,129,151,3,2,32,54,1,0,49,50,2522,3045,144,171,34,31,38,59,2,2,61,58,48,37,2,10,1,6,2,0,0,0,8,5,55,42,3,11,7,9,6,0,1,1
050,24,043,Maryland,Washington County,7,17,3871,1603,2268,1497,2117,74,85,2,3,13,36,0,0,17,27,1512,2139,81,95,11,19,17,41,1,1,1584,2221,1481,2077,72,85,2,1,13,36,0,0,16,22,1495,2097,79,92,11,14,16,40,1,0,19,47,16,40,2,0,0,2,0,0,0,0,1,5,17,42,2,3,0,5,1,1,0,1
050,24,043,Maryland,Washington County,7,18,3855,1366,2489,1316,2355,28,83,0,6,7,11,1,1,14,33,1330,2386,33,95,9,26,8,16,1,2,1339,2444,1291,2312,28,83,0,5,7,11,0,1,13,32,1304,2342,33,95,8,25,8,15,0,2,27,45,25,43,0,0,0,1,0,0,1,0,1,1,26,44,0,0,1,1,0,1,1,0
050,24,045,Maryland,Wicomico County,1,0,103596,49525,54071,31620,34087,13570,15421,443,407,1620,1641,29,35,2243,2480,33663,36366,14911,16924,1290,1358,1990,2031,101,117,45819,50629,29195,31831,13011,14893,94,106,1570,1600,16,16,1933,2183,30949,33840,14167,16212,798,901,1878,1960,76,87,3706,3442,2425,2256,559,528,349,301,50,41,13,19,310,297,2714,2526,744,712,492,457,112,71,25,30
050,24,045,Maryland,Wicomico County,1,1,6257,3140,3117,1572,1544,1083,1161,32,22,93,67,0,12,360,311,1914,1846,1360,1386,104,75,142,120,13,17,2787,2749,1358,1328,1029,1077,3,2,84,64,0,0,313,278,1658,1597,1274,1275,60,44,123,117,11,5,353,368,214,216,54,84,29,20,9,3,0,12,47,33,256,249,86,111,44,31,19,3,2,12
050,24,045,Maryland,Wicomico County,1,2,6204,3106,3098,1659,1608,1030,1064,45,25,106,89,0,2,266,310,1921,1897,1223,1297,105,98,140,131,3,12,2724,2743,1414,1394,977,999,8,2,102,84,0,2,223,262,1634,1639,1140,1194,52,58,130,116,2,11,382,355,245,214,53,65,37,23,4,5,0,0,43,48,287,258,83,103,53,40,10,15,1,1
050,24,045,Maryland,Wicomico County,1,3,6493,3324,3169,1746,1670,1091,1050,38,39,117,97,2,1,330,312,2051,1966,1349,1286,109,126,171,139,7,12,2963,2796,1528,1440,1017,995,14,5,110,96,2,0,292,260,1797,1688,1248,1205,66,66,153,129,7,10,361,373,218,230,74,55,24,34,7,1,0,1,38,52,254,278,101,81,43,60,18,10,0,2
050,24,045,Maryland,Wicomico County,1,4,7555,3717,3838,2108,2282,1159,1117,31,50,145,122,2,2,272,265,2351,2527,1343,1300,121,132,193,152,10,11,3349,3499,1879,2071,1112,1062,6,14,134,121,1,1,217,230,2071,2288,1265,1221,76,76,164,151,6,7,368,339,229,211,47,55,25,36,11,1,1,1,55,35,280,239,78,79,45,56,29,1,4,4
050,24,045,Maryland,Wicomico County,1,5,8754,4373,4381,2782,2748,1165,1176,54,50,167,181,0,4,205,222,2979,2954,1287,1312,120,105,211,230,7,13,3998,4080,2545,2534,1104,1140,11,21,163,173,0,2,175,210,2714,2729,1207,1269,66,71,203,220,6,10,375,301,237,214,61,36,43,29,4,8,0,2,30,12,265,225,80,43,54,34,8,10,1,3
050,24,045,Maryland,Wicomico County,1,6,6601,3166,3435,1976,2038,938,1116,30,38,78,84,3,5,141,154,2099,2181,1017,1212,97,85,96,115,11,12,2849,3140,1764,1861,892,1055,4,1,74,82,0,4,115,137,1861,1987,955,1137,52,42,92,113,6,11,317,295,212,177,46,61,26,37,4,2,3,1,26,17,238,194,62,75,45,43,4,2,5,1
050,24,045,Maryland,Wicomico County,1,7,6378,3045,3333,1925,2011,883,1055,44,37,94,97,5,0,94,133,2005,2134,923,1125,97,105,116,115,10,0,2762,3064,1749,1832,836,1018,5,8,90,95,5,0,77,111,1812,1933,870,1078,47,64,112,113,7,0,283,269,176,179,47,37,39,29,4,2,0,0,17,22,193,201,53,47,50,41,4,2,3,0
050,24,045,Maryland,Wicomico County,1,8,6305,2982,3323,1898,1987,837,1056,44,26,95,123,1,1,107,130,1995,2096,883,1111,104,103,113,146,1,9,2665,3045,1689,1785,789,1026,10,0,88,121,1,1,88,112,1768,1879,824,1075,57,66,104,139,1,5,317,278,209,202,48,30,34,26,7,2,0,0,19,18,227,217,59,36,47,37,9,7,0,4
050,24,045,Maryland,Wicomico County,1,9,5756,2774,2982,1815,1773,730,930,31,26,120,126,2,5,76,122,1881,1875,751,988,85,97,132,155,5,10,2509,2781,1624,1636,689,910,7,11,120,124,0,4,69,96,1683,1718,709,954,59,58,128,153,3,9,265,201,191,137,41,20,24,15,0,2,2,1,7,26,198,157,42,34,26,39,4,2,2,1
050,24,045,Maryland,Wicomico County,1,10,5641,2683,2958,1756,1882,712,846,36,17,112,117,6,0,61,96,1813,1961,728,885,71,80,126,136,7,5,2486,2769,1623,1748,686,812,8,6,112,111,2,0,55,92,1674,1824,698,848,41,67,125,129,3,4,197,189,133,134,26,34,28,11,0,6,4,0,6,4,139,137,30,37,30,13,1,7,4,1
050,24,045,Maryland,Wicomico County,1,11,6097,2850,3247,1877,2093,766,938,23,27,103,98,2,1,79,90,1942,2173,794,970,69,89,119,111,8,4,2697,3097,1770,1988,746,917,1,12,103,97,2,0,75,83,1831,2061,774,946,46,71,116,109,8,3,153,150,107,105,20,21,22,15,0,1,0,1,4,7,111,112,20,24,23,18,3,2,0,1
050,24,045,Maryland,Wicomico County,1,12,6807,3188,3619,2143,2428,871,934,10,21,103,129,4,0,57,107,2190,2526,881,979,49,90,116,143,10,1,3070,3525,2058,2366,852,927,1,10,103,125,3,0,53,97,2102,2455,860,967,36,70,116,137,9,1,118,94,85,62,19,7,9,11,0,4,1,0,4,10,88,71,21,12,13,20,0,6,1,0
050,24,045,Maryland,Wicomico County,1,13,6918,3296,3622,2309,2492,813,944,17,10,97,90,2,1,58,85,2357,2575,837,972,59,65,99,100,2,2,3197,3534,2238,2426,797,931,14,7,97,90,0,1,51,79,2282,2503,818,959,49,56,99,100,0,2,99,88,71,66,16,13,3,3,0,0,2,0,7,6,75,72,19,13,10,9,0,0,2,0
050,24,045,Maryland,Wicomico County,1,14,5882,2742,3140,2008,2244,603,749,0,6,62,82,0,0,69,59,2068,2293,621,785,43,34,80,94,2,2,2697,3082,1975,2197,598,746,0,2,62,82,0,0,62,55,2030,2242,613,778,40,26,77,94,2,2,45,58,33,47,5,3,0,4,0,0,0,0,7,4,38,51,8,7,3,8,3,0,0,0
050,24,045,Maryland,Wicomico County,1,15,4816,2164,2652,1664,1997,398,550,2,8,69,65,0,1,31,31,1691,2025,405,562,25,32,73,68,2,5,2123,2613,1626,1967,397,550,0,0,69,64,0,1,31,31,1653,1995,404,562,23,24,73,67,2,5,41,39,38,30,1,0,2,8,0,1,0,0,0,0,38,30,1,0,2,8,0,1,0,0
050,24,045,Maryland,Wicomico County,1,16,3300,1478,1822,1152,1463,270,308,3,1,31,32,0,0,22,18,1168,1479,280,313,20,16,32,32,0,0,1462,1796,1139,1443,270,302,0,1,31,32,0,0,22,18,1155,1459,280,307,17,16,32,32,0,0,16,26,13,20,0,6,3,0,0,0,0,0,0,0,13,20,0,6,3,0,0,0,0,0
050,24,045,Maryland,Wicomico County,1,17,1936,802,1134,645,879,136,219,0,0,12,21,0,0,9,15,653,894,140,226,6,9,12,21,0,0,794,1122,637,872,136,219,0,0,12,19,0,0,9,12,645,884,140,223,6,9,12,19,0,0,8,12,8,7,0,0,0,0,0,2,0,0,0,3,8,10,0,3,0,0,0,2,0,0
050,24,045,Maryland,Wicomico County,1,18,1896,695,1201,585,948,85,208,3,4,16,21,0,0,6,20,585,964,89,215,6,17,19,23,3,2,687,1194,579,943,84,207,2,4,16,20,0,0,6,20,579,959,88,214,5,17,19,22,3,2,8,7,6,5,1,1,1,0,0,1,0,0,0,0,6,5,1,1,1,0,0,1,0,0
050,24,045,Maryland,Wicomico County,2,0,103577,49451,54126,31559,34106,13539,15419,434,409,1630,1646,31,34,2258,2512,33596,36360,14863,16925,1182,1290,2068,2105,121,122,45761,50647,29158,31852,12972,14851,92,109,1579,1607,17,16,1943,2212,30901,33841,14125,16202,702,842,1979,2020,97,94,3690,3479,2401,2254,567,568,342,300,51,39,14,18,315,300,2695,2519,738,723,480,448,89,85,24,28
050,24,045,Maryland,Wicomico County,2,1,6260,3150,3110,1572,1521,1085,1168,29,23,93,67,0,12,371,319,1921,1818,1342,1391,105,83,165,135,8,22,2787,2745,1353,1311,1030,1082,3,4,84,63,0,0,317,285,1650,1577,1250,1283,62,53,151,125,7,8,363,365,219,210,55,86,26,19,9,4,0,12,54,34,271,241,92,108,43,30,14,10,1,14
050,24,045,Maryland,Wicomico County,2,2,6203,3098,3105,1639,1613,1031,1065,45,23,107,87,0,2,276,315,1895,1906,1223,1281,103,99,160,144,10,10,2716,2748,1401,1395,976,1001,7,1,101,82,0,2,231,267,1614,1642,1139,1188,50,57,149,136,8,8,382,357,238,218,55,64,38,22,6,5,0,0,45,48,281,264,84,93,53,42,11,8,2,2
050,24,045,Maryland,Wicomico County,2,3,6468,3318,3150,1752,1658,1096,1044,33,38,120,100,2,1,315,309,2040,1938,1308,1258,114,120,184,156,12,9,2958,2776,1531,1428,1019,987,13,5,113,99,2,0,280,257,1787,1663,1214,1172,77,63,172,147,10,6,360,374,221,230,77,57,20,33,7,1,0,1,35,52,253,275,94,86,37,57,12,9,2,3
050,24,045,Maryland,Wicomico County,2,4,7555,3703,3852,2098,2301,1149,1108,30,51,143,118,2,2,281,272,2352,2547,1323,1284,112,124,201,174,13,12,3341,3509,1870,2088,1106,1051,5,14,133,117,1,1,226,238,2073,2303,1249,1209,63,73,184,167,11,10,362,343,228,213,43,57,25,37,10,1,1,1,55,34,279,244,74,75,49,51,17,7,2,2
050,24,045,Maryland,Wicomico County,2,5,9046,4455,4591,2847,2902,1173,1223,50,52,177,188,0,2,208,224,3040,3106,1291,1364,112,110,222,234,6,13,4083,4256,2613,2691,1110,1151,11,22,171,180,0,1,178,211,2777,2884,1213,1286,61,74,213,224,5,11,372,335,234,211,63,72,39,30,6,8,0,1,30,13,263,222,78,78,51,36,9,10,1,2
050,24,045,Maryland,Wicomico County,2,6,6503,3137,3366,1952,1978,935,1098,32,36,78,94,3,4,137,156,2075,2117,1015,1191,79,92,101,123,10,9,2821,3072,1743,1801,889,1040,4,1,74,92,0,3,111,135,1843,1922,954,1123,38,46,94,117,7,8,316,294,209,177,46,58,28,35,4,2,3,1,26,21,232,195,61,68,41,46,7,6,3,1
050,24,045,Maryland,Wicomico County,2,7,6353,3030,3323,1906,2007,882,1047,44,37,95,96,5,1,98,135,1990,2127,929,1121,84,92,119,121,12,5,2754,3055,1738,1829,833,1011,5,8,92,94,5,1,81,112,1807,1930,874,1075,35,50,113,114,11,5,276,268,168,178,49,36,39,29,3,2,0,0,17,23,183,197,55,46,49,42,6,7,1,0
050,24,045,Maryland,Wicomico County,2,8,6256,2957,3299,1884,1970,830,1048,44,28,92,119,1,1,106,133,1976,2086,879,1114,91,90,115,146,6,6,2648,3018,1678,1769,784,1015,11,0,86,117,1,1,88,116,1754,1872,828,1076,47,51,105,138,6,5,309,281,206,201,46,33,33,28,6,2,0,0,18,17,222,214,51,38,44,39,10,8,0,1
050,24,045,Maryland,Wicomico County,2,9,5785,2786,2999,1823,1778,732,933,33,27,120,130,2,6,76,125,1888,1885,767,996,67,95,133,148,11,12,2516,2797,1632,1639,690,915,7,12,120,129,0,5,67,97,1689,1723,720,966,37,59,132,146,8,10,270,202,191,139,42,18,26,15,0,1,2,1,9,28,199,162,47,30,30,36,1,2,3,2
050,24,045,Maryland,Wicomico County,2,10,5560,2639,2921,1725,1850,699,848,35,17,110,113,7,0,63,93,1776,1934,730,894,64,64,122,125,11,4,2443,2740,1595,1722,671,814,8,6,110,108,2,0,57,90,1640,1803,699,859,34,51,122,120,5,4,196,181,130,128,28,34,27,11,0,5,5,0,6,3,136,131,31,35,30,13,0,5,6,0
050,24,045,Maryland,Wicomico County,2,11,6043,2836,3207,1871,2072,759,919,23,27,103,97,3,1,77,91,1938,2148,791,963,65,77,115,114,7,3,2687,3056,1767,1965,739,898,1,12,103,96,3,0,74,85,1831,2036,771,939,40,58,115,111,7,2,149,151,104,107,20,21,22,15,0,1,0,1,3,6,107,112,20,24,25,19,0,3,0,1
050,24,045,Maryland,Wicomico County,2,12,6748,3154,3594,2129,2411,854,932,9,21,103,127,4,0,55,103,2177,2503,876,976,41,82,110,138,6,2,3040,3496,2044,2346,837,924,1,9,103,123,3,0,52,94,2089,2429,857,964,32,66,110,133,5,2,114,98,85,65,17,8,8,12,0,4,1,0,3,9,88,74,19,12,9,16,0,5,1,0
050,24,045,Maryland,Wicomico County,2,13,6861,3273,3588,2288,2478,813,921,19,10,95,91,2,1,56,87,2336,2553,836,961,53,57,104,103,4,6,3170,3500,2217,2410,795,909,14,7,95,91,0,1,49,82,2259,2481,815,946,44,51,103,102,2,6,103,88,71,68,18,12,5,3,0,0,2,0,7,5,77,72,21,15,9,6,1,1,2,0
050,24,045,Maryland,Wicomico County,2,14,5942,2767,3175,2021,2256,611,767,0,7,65,82,0,0,70,63,2082,2308,637,799,44,44,74,90,2,4,2720,3120,1987,2212,605,764,0,3,65,82,0,0,63,59,2041,2260,628,795,40,38,73,89,2,4,47,55,34,44,6,3,0,4,0,0,0,0,7,4,41,48,9,4,4,6,1,1,0,0
050,24,045,Maryland,Wicomico County,2,15,4835,2161,2674,1662,2017,399,554,2,6,67,64,0,1,31,32,1689,2045,410,566,20,25,74,70,0,1,2121,2634,1625,1985,398,553,0,0,67,63,0,1,31,32,1652,2013,409,565,18,19,74,69,0,1,40,40,37,32,1,1,2,6,0,1,0,0,0,0,37,32,1,1,2,6,0,1,0,0
050,24,045,Maryland,Wicomico County,2,16,3332,1486,1846,1162,1475,268,317,2,2,32,33,0,0,22,19,1181,1491,275,324,16,14,35,36,1,0,1469,1819,1147,1454,268,312,0,1,32,33,0,0,22,19,1166,1470,275,319,14,13,35,36,1,0,17,27,15,21,0,5,2,1,0,0,0,0,0,0,15,21,0,5,2,1,0,0,0,0
050,24,045,Maryland,Wicomico County,2,17,1935,806,1129,640,875,142,218,1,0,14,20,0,0,9,16,648,889,146,225,6,8,15,22,0,2,799,1116,634,868,142,216,0,0,14,19,0,0,9,13,642,879,146,221,5,6,15,21,0,2,7,13,6,7,0,2,1,0,0,1,0,0,0,3,6,10,0,4,1,2,0,1,0,0
050,24,045,Maryland,Wicomico County,2,18,1892,695,1197,588,944,81,209,3,4,16,20,0,0,7,20,592,959,85,217,6,14,19,26,2,2,688,1190,583,939,80,208,2,4,16,19,0,0,7,20,587,954,84,216,5,14,19,25,2,2,7,7,5,5,1,1,1,0,0,1,0,0,0,0,5,5,1,1,1,0,0,1,0,0
050,24,045,Maryland,Wicomico County,3,0,104073,49537,54536,31428,34069,13594,15700,474,429,1654,1685,38,40,2349,2613,33541,36437,14978,17288,1245,1328,2110,2123,128,125,45744,50981,29011,31780,13005,15128,93,115,1602,1644,23,20,2010,2294,30819,33855,14211,16543,711,871,2008,2043,99,94,3793,3555,2417,2289,589,572,381,314,52,41,15,20,339,319,2722,2582,767,745,534,457,102,80,29,31
050,24,045,Maryland,Wicomico County,3,1,6209,3138,3071,1532,1423,1104,1201,45,25,85,62,1,10,371,350,1876,1749,1362,1449,121,92,160,127,11,20,2752,2694,1320,1230,1040,1110,3,3,77,59,1,1,311,291,1608,1501,1260,1318,61,50,143,118,8,11,386,377,212,193,64,91,42,22,8,3,0,9,60,59,268,248,102,131,60,42,17,9,3,9
050,24,045,Maryland,Wicomico County,3,2,6234,3112,3122,1592,1602,1050,1087,51,26,108,74,0,6,311,327,1877,1908,1265,1311,128,96,169,137,4,15,2726,2764,1364,1376,997,1024,6,2,100,69,0,2,259,291,1605,1648,1179,1227,61,60,154,125,4,8,386,358,228,226,53,63,45,24,8,5,0,4,52,36,272,260,86,84,67,36,15,12,0,7
050,24,045,Maryland,Wicomico County,3,3,6422,3292,3130,1765,1634,1084,1059,28,32,118,108,2,3,295,294,2036,1905,1283,1259,94,103,176,161,11,15,2931,2765,1532,1402,1006,1008,10,3,112,106,2,1,269,245,1778,1628,1191,1182,68,55,166,151,10,10,361,365,233,232,78,51,18,29,6,2,0,2,26,49,258,277,92,77,26,48,10,10,1,5
050,24,045,Maryland,Wicomico County,3,4,7600,3709,3891,2072,2330,1135,1111,33,56,150,108,3,2,316,284,2359,2587,1334,1294,128,135,216,162,14,11,3357,3537,1847,2117,1097,1055,8,13,142,108,2,1,261,243,2085,2338,1265,1217,75,72,201,156,12,7,352,354,225,213,38,56,25,43,8,0,1,1,55,41,274,249,69,77,53,63,15,6,2,4
050,24,045,Maryland,Wicomico County,3,5,9490,4566,4924,2939,3134,1188,1292,35,54,173,210,2,2,229,232,3144,3349,1328,1439,101,113,220,258,11,8,4182,4569,2698,2911,1116,1214,5,24,164,200,2,1,197,219,2875,3113,1237,1353,57,79,207,247,9,7,384,355,241,223,72,78,30,30,9,10,0,1,32,13,269,236,91,86,44,34,13,11,2,1
050,24,045,Maryland,Wicomico County,3,6,6291,3116,3175,1913,1807,923,1066,46,32,84,97,3,1,147,172,2045,1967,1007,1173,95,89,111,121,9,6,2775,2905,1696,1641,877,1011,7,4,81,97,0,0,114,152,1798,1781,946,1106,41,53,103,120,5,5,341,270,217,166,46,55,39,28,3,0,3,1,33,20,247,186,61,67,54,36,8,1,4,1
050,24,045,Maryland,Wicomico County,3,7,6391,3002,3389,1887,2017,862,1091,39,35,101,98,6,4,107,144,1980,2145,915,1171,82,95,121,120,13,11,2730,3134,1725,1846,810,1057,4,8,97,93,5,4,89,126,1802,1960,857,1128,36,58,115,113,9,10,272,255,162,171,52,34,35,27,4,5,1,0,18,18,178,185,58,43,46,37,6,7,4,1
050,24,045,Maryland,Wicomico County,3,8,6243,2927,3316,1845,1952,835,1066,53,37,89,122,2,1,103,138,1937,2075,882,1144,96,98,111,141,8,5,2623,3011,1645,1743,797,1025,14,0,83,120,2,1,82,122,1717,1852,839,1097,44,50,100,138,7,5,304,305,200,209,38,41,39,37,6,2,0,0,21,16,220,223,43,47,52,48,11,3,1,0
050,24,045,Maryland,Wicomico County,3,9,5981,2871,3110,1880,1831,761,968,43,27,115,140,2,6,70,138,1943,1952,791,1042,74,96,128,163,7,11,2575,2879,1690,1667,709,951,8,11,115,139,0,5,53,106,1737,1760,732,1011,31,61,126,158,4,9,296,231,190,164,52,17,35,16,0,1,2,1,17,32,206,192,59,31,43,35,2,5,3,2
050,24,045,Maryland,Wicomico County,3,10,5327,2511,2816,1612,1751,673,843,34,21,117,112,4,1,71,88,1671,1824,705,887,71,67,131,126,5,5,2306,2643,1472,1630,644,812,7,8,117,107,0,1,66,85,1526,1701,674,855,41,51,131,121,1,5,205,173,140,121,29,31,27,13,0,5,4,0,5,3,145,123,31,32,30,16,0,5,4,0
050,24,045,Maryland,Wicomico County,3,11,6000,2837,3163,1878,2042,759,892,26,26,102,102,7,1,65,100,1935,2132,784,937,59,80,116,115,11,3,2692,3005,1781,1929,737,873,3,12,102,101,6,0,63,90,1836,2009,762,915,35,61,115,112,10,2,145,158,97,113,22,19,23,14,0,1,1,1,2,10,99,123,22,22,24,19,1,3,1,1
050,24,045,Maryland,Wicomico County,3,12,6647,3112,3535,2098,2350,839,946,8,21,113,125,3,0,51,93,2142,2432,859,990,36,74,119,134,7,3,3001,3420,2010,2273,827,936,0,7,113,121,3,0,48,83,2052,2345,846,974,26,55,118,130,7,3,111,115,88,77,12,10,8,14,0,4,0,0,3,10,90,87,13,16,10,19,1,4,0,0
050,24,045,Maryland,Wicomico County,3,13,6828,3257,3571,2256,2464,831,901,24,16,91,98,3,2,52,90,2299,2542,854,942,57,71,97,110,6,4,3140,3485,2181,2396,809,893,15,10,91,98,0,2,44,86,2217,2470,827,932,43,63,95,110,3,4,117,86,75,68,22,8,9,6,0,0,3,0,8,4,82,72,27,10,14,8,2,0,3,0
050,24,045,Maryland,Wicomico County,3,14,6142,2821,3321,2035,2311,629,840,1,8,72,87,0,0,84,75,2108,2375,659,876,54,56,85,94,5,1,2768,3262,1995,2269,622,832,1,4,72,87,0,0,78,70,2064,2328,651,865,49,49,84,93,4,1,53,59,40,42,7,8,0,4,0,0,0,0,6,5,44,47,8,11,5,7,1,1,1,0
050,24,045,Maryland,Wicomico County,3,15,5015,2232,2783,1701,2102,431,576,2,3,64,68,0,1,34,33,1730,2129,445,589,22,22,68,73,2,3,2192,2736,1667,2060,428,574,0,1,64,67,0,1,33,33,1695,2087,441,587,20,20,68,72,2,3,40,47,34,42,3,2,2,2,0,1,0,0,1,0,35,42,4,2,2,2,0,1,0,0
050,24,045,Maryland,Wicomico County,3,16,3445,1519,1926,1193,1516,264,343,0,5,37,42,0,0,25,20,1214,1534,273,351,14,16,42,43,1,2,1495,1902,1169,1497,264,343,0,0,37,42,0,0,25,20,1190,1515,273,351,14,11,42,43,1,2,24,24,24,19,0,0,0,5,0,0,0,0,0,0,24,19,0,0,0,5,0,0,0,0
050,24,045,Maryland,Wicomico County,3,17,1934,821,1113,629,866,162,216,3,1,18,17,0,0,9,13,637,876,165,222,7,11,20,19,1,0,813,1096,624,859,162,209,0,1,18,16,0,0,9,11,632,867,165,215,4,9,20,18,1,0,8,17,5,7,0,7,3,0,0,1,0,0,0,2,5,9,0,7,3,2,0,1,0,0
050,24,045,Maryland,Wicomico County,3,18,1874,694,1180,601,937,64,202,3,4,17,15,0,0,9,22,608,956,67,212,6,14,20,19,2,2,686,1174,595,934,63,201,2,4,17,14,0,0,9,21,602,952,66,210,5,14,20,18,2,2,8,6,6,3,1,1,1,0,0,1,0,0,0,1,6,4,1,2,1,0,0,1,0,0
050,24,045,Maryland,Wicomico County,4,0,105131,49988,55143,31489,34383,13814,15814,487,412,1704,1749,36,40,2458,2745,33719,36874,15293,17479,1280,1325,2170,2248,126,139,46093,51355,29009,31883,13238,15253,89,110,1650,1699,21,20,2086,2390,30899,34048,14503,16726,726,863,2068,2150,98,104,3895,3788,2480,2500,576,561,398,302,54,50,15,20,372,355,2820,2826,790,753,554,462,102,98,28,35
050,24,045,Maryland,Wicomico County,4,1,6374,3182,3192,1513,1448,1147,1262,55,34,93,78,1,4,373,366,1859,1790,1412,1519,130,105,170,153,10,13,2799,2779,1306,1210,1081,1180,4,3,86,75,1,0,321,311,1607,1499,1311,1400,65,57,155,142,7,7,383,413,207,238,66,82,51,31,7,3,0,4,52,55,252,291,101,119,65,48,15,11,3,6
050,24,045,Maryland,Wicomico County,4,2,6326,3143,3183,1587,1648,1090,1097,44,28,97,64,0,11,325,335,1887,1960,1313,1329,125,99,163,130,5,18,2761,2762,1373,1376,1040,1029,4,3,88,57,0,2,256,295,1611,1653,1219,1235,59,61,143,119,2,7,382,421,214,272,50,68,40,25,9,7,0,9,69,40,276,307,94,94,66,38,20,11,3,11
050,24,045,Maryland,Wicomico County,4,3,6290,3209,3081,1698,1612,1060,1028,20,20,99,114,1,4,331,303,2001,1888,1287,1235,104,93,166,167,10,16,2826,2722,1453,1383,978,974,9,1,97,110,1,2,288,252,1719,1614,1178,1150,74,55,156,158,10,10,383,359,245,229,82,54,11,19,2,4,0,2,43,51,282,274,109,85,30,38,10,9,0,6
050,24,045,Maryland,Wicomico County,4,4,7606,3719,3887,2080,2342,1118,1079,39,47,152,114,3,2,327,303,2381,2623,1328,1277,130,130,215,175,11,11,3366,3491,1855,2096,1082,1023,11,11,140,114,3,1,275,246,2107,2322,1262,1187,78,69,199,167,10,9,353,396,225,246,36,56,28,36,12,0,0,1,52,57,274,301,66,90,52,61,16,8,1,2
050,24,045,Maryland,Wicomico County,4,5,10086,4889,5197,3160,3330,1285,1339,35,55,168,218,1,2,240,253,3383,3560,1432,1501,106,123,211,270,9,11,4406,4800,2836,3078,1210,1257,4,24,159,207,0,1,197,233,3019,3292,1332,1407,59,83,199,258,5,8,483,397,324,252,75,82,31,31,9,11,1,1,43,20,364,268,100,94,47,40,12,12,4,3
050,24,045,Maryland,Wicomico County,4,6,6058,3008,3050,1783,1732,907,1015,47,26,94,96,2,0,175,181,1939,1901,1009,1126,103,85,127,130,11,6,2668,2782,1563,1544,859,969,6,7,94,96,1,0,145,166,1693,1699,946,1075,47,58,124,127,9,6,340,268,220,188,48,46,41,19,0,0,1,0,30,15,246,202,63,51,56,27,3,3,2,0
050,24,045,Maryland,Wicomico County,4,7,6537,3075,3462,1939,2065,880,1097,35,31,114,115,4,6,103,148,2033,2198,931,1182,76,84,132,142,9,11,2801,3213,1765,1899,844,1070,4,1,107,110,1,5,80,128,1837,2013,884,1144,34,45,123,135,5,10,274,249,174,166,36,27,31,30,7,5,3,1,23,20,196,185,47,38,42,39,9,7,4,1
050,24,045,Maryland,Wicomico County,4,8,6280,2945,3335,1837,1957,863,1086,52,33,96,120,5,0,92,139,1921,2083,904,1160,89,91,116,143,10,5,2669,3034,1658,1753,831,1048,7,2,90,117,5,0,78,114,1728,1855,869,1112,36,45,108,137,9,4,276,301,179,204,32,38,45,31,6,3,0,0,14,25,193,228,35,48,53,46,8,6,1,1
050,24,045,Maryland,Wicomico County,4,9,6095,2902,3193,1892,1885,766,982,43,14,124,147,1,6,76,159,1957,2025,801,1061,78,91,141,172,5,13,2622,2929,1718,1689,716,959,8,4,122,145,0,5,58,127,1765,1801,743,1025,33,60,136,164,4,11,280,264,174,196,50,23,35,10,2,2,1,1,18,32,192,224,58,36,45,31,5,8,1,2
050,24,045,Maryland,Wicomico County,4,10,5317,2511,2806,1603,1721,663,847,32,33,126,113,3,1,84,91,1677,1798,701,890,72,74,141,131,8,8,2287,2627,1450,1598,632,824,3,14,126,106,0,1,76,84,1517,1670,666,865,38,52,140,121,5,7,224,179,153,123,31,23,29,19,0,7,3,0,8,7,160,128,35,25,34,22,1,10,3,1
050,24,045,Maryland,Wicomico County,4,11,5963,2840,3123,1868,2007,765,876,32,23,104,109,9,0,62,108,1922,2101,791,931,66,78,114,127,11,7,2692,2966,1771,1894,743,852,8,13,104,108,6,0,60,99,1823,1979,768,904,41,62,114,124,8,7,148,157,97,113,22,24,24,10,0,1,3,0,2,9,99,122,23,27,25,16,0,3,3,0
050,24,045,Maryland,Wicomico County,4,12,6509,3064,3445,2021,2293,833,906,16,30,128,118,3,1,63,97,2075,2376,861,951,47,86,137,132,8,6,2956,3314,1944,2209,818,898,3,7,128,114,3,0,60,86,1995,2282,844,938,34,55,136,127,8,5,108,131,77,84,15,8,13,23,0,4,0,1,3,11,80,94,17,13,13,31,1,5,0,1
050,24,045,Maryland,Wicomico County,4,13,6681,3140,3541,2183,2430,797,905,22,15,88,103,3,2,47,86,2227,2508,814,943,48,61,93,115,8,7,3024,3466,2103,2367,782,899,12,10,88,103,0,2,39,85,2139,2444,795,937,34,56,91,114,5,7,116,75,80,63,15,6,10,5,0,0,3,0,8,1,88,64,19,6,14,5,2,1,3,0
050,24,045,Maryland,Wicomico County,4,14,6351,2922,3429,2096,2378,665,883,7,7,80,80,0,0,74,81,2157,2447,695,921,51,54,92,88,6,3,2857,3349,2051,2326,651,869,4,2,80,80,0,0,71,72,2109,2386,679,905,46,43,92,87,6,3,65,80,45,52,14,14,3,5,0,0,0,0,3,9,48,61,16,16,5,11,0,1,0,0
050,24,045,Maryland,Wicomico County,4,15,5014,2258,2756,1697,2041,466,590,1,4,56,81,0,1,38,39,1730,2076,485,607,21,27,59,86,2,1,2218,2709,1665,1998,463,588,0,3,56,80,0,1,34,39,1694,2033,479,605,19,26,59,85,2,1,40,47,32,43,3,2,1,1,0,1,0,0,4,0,36,43,6,2,2,1,0,1,0,0
050,24,045,Maryland,Wicomico County,4,16,3703,1615,2088,1267,1624,276,389,1,7,44,47,0,0,27,21,1292,1642,287,397,17,19,46,51,0,0,1591,2059,1244,1602,276,389,0,0,44,47,0,0,27,21,1269,1620,287,397,16,12,46,51,0,0,24,29,23,22,0,0,1,7,0,0,0,0,0,0,23,22,0,0,1,7,0,0,0,0
050,24,045,Maryland,Wicomico County,4,17,2092,895,1197,681,959,174,222,3,1,26,8,0,0,11,7,687,965,179,225,10,6,29,8,1,0,889,1184,678,953,174,215,0,1,26,8,0,0,11,7,684,959,179,218,7,6,29,8,1,0,6,13,3,6,0,7,3,0,0,0,0,0,0,0,3,6,0,7,3,0,0,0,0,0
050,24,045,Maryland,Wicomico County,4,18,1849,671,1178,584,911,59,211,3,4,15,24,0,0,10,28,591,933,63,224,7,19,18,28,2,3,661,1169,576,908,58,210,2,4,15,22,0,0,10,25,583,927,62,222,6,18,18,26,2,2,10,9,8,3,1,1,1,0,0,2,0,0,0,3,8,6,1,2,1,1,0,2,0,1
050,24,045,Maryland,Wicomico County,5,0,106024,50549,55475,31506,34487,14149,15975,476,417,1763,1765,37,42,2618,2789,33894,37025,15711,17683,1312,1348,2254,2244,142,138,46526,51547,28904,31828,13588,15438,94,111,1707,1715,23,21,2210,2434,30916,34038,14922,16953,752,878,2149,2161,112,98,4023,3928,2602,2659,561,537,382,306,56,50,14,21,408,355,2978,2987,789,730,560,470,105,83,30,40
050,24,045,Maryland,Wicomico County,5,1,6593,3347,3246,1530,1421,1281,1321,45,53,64,91,2,3,425,357,1931,1753,1576,1576,136,124,152,163,11,7,2940,2824,1313,1175,1216,1253,4,3,58,85,2,0,347,308,1641,1461,1459,1474,68,57,138,152,9,4,407,422,217,246,65,68,41,50,6,6,0,3,78,49,290,292,117,102,68,67,14,11,2,3
050,24,045,Maryland,Wicomico County,5,2,6361,3181,3180,1570,1641,1134,1100,37,27,105,65,0,13,335,334,1879,1954,1369,1330,111,102,167,127,10,24,2798,2762,1347,1378,1082,1028,3,4,96,59,0,3,270,290,1595,1649,1273,1230,53,60,152,120,7,10,383,418,223,263,52,72,34,23,9,6,0,10,65,44,284,305,96,100,58,42,15,7,3,14
050,24,045,Maryland,Wicomico County,5,3,6245,3203,3042,1656,1587,1084,1031,28,16,101,94,1,4,333,310,1965,1872,1308,1244,105,89,162,147,15,16,2829,2697,1420,1359,1013,979,9,1,99,89,1,2,287,267,1685,1607,1213,1165,70,55,154,139,10,11,374,345,236,228,71,52,19,15,2,5,0,2,46,43,280,265,95,79,35,34,8,8,5,5
050,24,045,Maryland,Wicomico County,5,4,7533,3690,3843,2086,2293,1084,1053,43,42,149,126,3,3,325,326,2384,2595,1293,1269,132,130,210,182,15,18,3337,3450,1852,2041,1042,1007,12,13,138,126,3,2,290,261,2119,2283,1232,1185,84,75,196,176,13,12,353,393,234,252,42,46,31,29,11,0,0,1,35,65,265,312,61,84,48,55,14,6,2,6
050,24,045,Maryland,Wicomico County,5,5,10476,5117,5359,3397,3501,1253,1326,30,40,163,216,1,2,273,274,3646,3749,1423,1504,112,112,214,273,12,11,4531,4931,2973,3214,1185,1239,6,18,153,207,0,0,214,253,3165,3442,1321,1406,63,82,197,261,11,8,586,428,424,287,68,87,24,22,10,9,1,2,59,21,481,307,102,98,49,30,17,12,1,3
050,24,045,Maryland,Wicomico County,5,6,5989,3049,2940,1653,1621,1030,1011,50,23,139,107,1,1,176,177,1813,1780,1131,1122,112,77,170,136,5,9,2692,2633,1435,1384,977,978,5,7,138,105,1,1,136,158,1558,1526,1059,1079,45,52,165,131,5,9,357,307,218,237,53,33,45,16,1,2,0,0,40,19,255,254,72,43,67,25,5,5,0,0
050,24,045,Maryland,Wicomico County,5,7,6663,3128,3535,1966,2107,878,1137,34,35,120,112,3,7,127,137,2079,2231,945,1217,86,83,143,136,10,13,2850,3270,1785,1930,849,1099,4,3,113,108,0,6,99,124,1873,2043,902,1172,41,45,133,131,6,11,278,265,181,177,29,38,30,32,7,4,3,1,28,13,206,188,43,45,45,38,10,5,4,2
050,24,045,Maryland,Wicomico County,5,8,6205,2857,3348,1775,2006,857,1071,48,32,88,112,4,0,85,127,1853,2122,899,1136,79,83,105,130,10,8,2613,3029,1623,1773,820,1041,9,2,82,108,4,0,75,105,1692,1868,857,1098,34,41,98,125,10,5,244,319,152,233,37,30,39,30,6,4,0,0,10,22,161,254,42,38,45,42,7,5,0,3
050,24,045,Maryland,Wicomico County,5,9,6347,3025,3322,1906,1940,823,1051,48,17,157,144,3,5,88,165,1985,2085,859,1137,87,93,177,170,9,11,2743,3041,1723,1741,787,1016,6,3,153,142,3,5,71,134,1788,1857,819,1089,36,61,167,166,7,9,282,281,183,199,36,35,42,14,4,2,0,0,17,31,197,228,40,48,51,32,10,4,2,2
050,24,045,Maryland,Wicomico County,5,10,5293,2520,2773,1604,1697,658,833,38,34,130,117,2,2,88,90,1678,1778,698,879,78,78,147,130,10,7,2294,2582,1442,1562,634,817,8,10,130,113,0,1,80,79,1511,1632,671,858,42,46,146,126,7,6,226,191,162,135,24,16,30,24,0,4,2,1,8,11,167,146,27,21,36,32,1,4,3,1
050,24,045,Maryland,Wicomico County,5,11,5847,2781,3066,1841,1968,733,850,23,20,106,115,11,0,67,113,1896,2067,764,905,57,80,120,133,14,2,2629,2923,1744,1859,702,832,8,15,106,114,6,0,63,103,1795,1949,732,883,39,69,120,131,9,2,152,143,97,109,31,18,15,5,0,1,5,0,4,10,101,118,32,22,18,11,0,2,5,0
050,24,045,Maryland,Wicomico County,5,12,6259,2927,3332,1931,2194,776,903,12,34,124,111,2,1,82,89,2004,2273,808,947,56,86,137,123,4,2,2820,3185,1856,2098,757,892,1,8,124,108,2,0,80,79,1927,2169,788,930,45,54,136,118,4,1,107,147,75,96,19,11,11,26,0,3,0,1,2,10,77,104,20,17,11,32,1,5,0,1
050,24,045,Maryland,Wicomico County,5,13,6633,3081,3552,2097,2443,817,887,22,19,89,108,4,0,52,95,2145,2530,836,929,53,75,95,120,8,1,2970,3475,2024,2385,803,881,10,12,89,107,1,0,43,90,2064,2467,817,923,36,64,95,118,5,1,111,77,73,58,14,6,12,7,0,1,3,0,9,5,81,63,19,6,17,11,0,2,3,0
050,24,045,Maryland,Wicomico County,5,14,6456,2995,3461,2130,2388,702,900,10,4,90,83,0,0,63,86,2186,2463,723,937,47,56,99,95,4,2,2916,3377,2071,2328,686,886,7,2,90,83,0,0,62,78,2126,2395,707,922,43,50,99,92,4,2,79,84,59,60,16,14,3,2,0,0,0,0,1,8,60,68,16,15,4,6,0,3,0,0
050,24,045,Maryland,Wicomico County,5,15,5147,2320,2827,1732,2060,504,634,0,7,44,76,0,1,40,49,1767,2100,522,658,20,34,51,82,2,4,2279,2780,1700,2020,501,632,0,3,44,76,0,1,34,48,1730,2059,516,655,18,30,48,82,2,4,41,47,32,40,3,2,0,4,0,0,0,0,6,1,37,41,6,3,2,4,3,0,0,0
050,24,045,Maryland,Wicomico County,5,16,3805,1642,2163,1290,1672,264,417,2,7,52,50,0,0,34,17,1318,1688,276,425,23,15,58,52,1,0,1618,2127,1268,1644,264,417,0,0,52,49,0,0,34,17,1296,1660,276,425,21,8,58,51,1,0,24,36,22,28,0,0,2,7,0,1,0,0,0,0,22,28,0,0,2,7,0,1,0,0
050,24,045,Maryland,Wicomico County,5,17,2280,994,1286,758,1039,194,217,3,1,29,15,0,0,10,14,768,1052,198,223,8,8,30,16,0,1,987,1272,754,1032,194,210,0,1,29,15,0,0,10,14,764,1045,198,216,5,8,30,16,0,1,7,14,4,7,0,7,3,0,0,0,0,0,0,0,4,7,0,7,3,0,0,0,0,0
050,24,045,Maryland,Wicomico County,5,18,1892,692,1200,584,909,77,233,3,6,13,23,0,0,15,29,597,933,83,245,10,23,17,29,2,2,680,1189,574,905,76,231,2,6,13,21,0,0,15,26,587,926,82,243,9,21,17,26,2,2,12,11,10,4,1,2,1,0,0,2,0,0,0,3,10,7,1,2,1,2,0,3,0,0
050,24,045,Maryland,Wicomico County,6,0,106639,50736,55903,31396,34448,14324,16296,495,448,1735,1841,72,44,2714,2826,33876,37023,15961,18030,1361,1368,2247,2370,174,143,46572,51827,28754,31709,13768,15739,101,116,1673,1784,24,23,2252,2456,30805,33943,15147,17276,774,872,2127,2272,104,105,4164,4076,2642,2739,556,557,394,332,62,57,48,21,462,370,3071,3080,814,754,587,496,120,98,70,38
050,24,045,Maryland,Wicomico County,6,1,6654,3349,3305,1474,1399,1338,1383,47,68,54,93,1,1,435,361,1882,1740,1638,1633,135,133,137,173,19,10,2929,2874,1270,1152,1271,1309,6,5,46,84,1,0,335,324,1583,1458,1505,1535,64,57,119,161,14,7,420,431,204,247,67,74,41,63,8,9,0,1,100,37,299,282,133,98,71,76,18,12,5,3
050,24,045,Maryland,Wicomico County,6,2,6293,3159,3134,1544,1557,1155,1128,36,28,95,61,1,15,328,345,1855,1881,1383,1364,109,101,157,133,9,27,2778,2735,1321,1318,1094,1062,4,5,86,55,1,3,272,292,1578,1593,1284,1263,57,60,141,119,9,14,381,399,223,239,61,66,32,23,9,6,0,12,56,53,277,288,99,101,52,41,16,14,0,13
050,24,045,Maryland,Wicomico County,6,3,6200,3157,3043,1630,1633,1065,1023,34,15,102,93,0,4,326,275,1935,1888,1282,1214,108,81,171,142,11,11,2773,2683,1397,1378,1007,974,6,1,98,88,0,2,265,240,1645,1600,1189,1144,61,52,154,135,5,8,384,360,233,255,58,49,28,14,4,5,0,2,61,35,290,288,93,70,47,29,17,7,6,3
050,24,045,Maryland,Wicomico County,6,4,7468,3652,3816,2055,2250,1063,1069,37,35,136,127,3,2,358,333,2384,2556,1300,1289,128,121,207,192,14,13,3315,3402,1829,1986,1019,1012,14,13,129,126,3,1,321,264,2124,2230,1236,1192,90,74,196,180,12,7,337,414,226,264,44,57,23,22,7,1,0,1,37,69,260,326,64,97,38,47,11,12,2,6
050,24,045,Maryland,Wicomico County,6,5,10732,5268,5464,3542,3639,1219,1279,40,42,161,206,6,3,300,295,3819,3906,1403,1468,128,127,220,269,15,9,4708,5047,3142,3373,1176,1185,7,17,149,205,1,1,233,266,3356,3615,1323,1357,67,88,199,267,7,6,560,417,400,266,43,94,33,25,12,1,5,2,67,29,463,291,80,111,61,39,21,2,8,3
050,24,045,Maryland,Wicomico County,6,6,6093,3105,2988,1572,1578,1138,1069,51,33,134,129,30,1,180,178,1738,1742,1250,1182,109,86,164,160,38,9,2679,2637,1323,1304,1076,1043,8,11,131,117,0,1,141,161,1453,1454,1166,1149,47,55,157,145,7,8,426,351,249,274,62,26,43,22,3,12,30,0,39,17,285,288,84,33,62,31,7,15,31,1
050,24,045,Maryland,Wicomico County,6,7,6546,3103,3443,1964,2030,845,1106,24,33,136,120,4,7,130,147,2079,2164,917,1196,73,81,158,148,11,11,2803,3174,1751,1858,814,1062,3,1,130,116,1,6,104,131,1843,1978,875,1143,39,43,149,141,5,10,300,269,213,172,31,44,21,32,6,4,3,1,26,16,236,186,42,53,34,38,9,7,6,1
050,24,045,Maryland,Wicomico County,6,8,6382,2901,3481,1798,2056,863,1148,54,35,91,113,4,1,91,128,1875,2172,913,1219,92,86,110,133,7,7,2644,3141,1648,1796,830,1119,6,4,84,109,4,1,72,112,1709,1896,871,1184,33,47,101,128,6,6,257,340,150,260,33,29,48,31,7,4,0,0,19,16,166,276,42,35,59,39,9,5,1,1
050,24,045,Maryland,Wicomico County,6,9,6412,3034,3378,1887,1950,849,1071,54,17,151,174,1,4,92,162,1968,2094,894,1158,94,88,169,201,5,9,2741,3094,1703,1745,805,1041,11,2,147,172,1,4,74,130,1768,1857,842,1115,39,57,165,197,5,7,293,284,184,205,44,30,43,15,4,2,0,0,18,32,200,237,52,43,55,31,4,4,0,2
050,24,045,Maryland,Wicomico County,6,10,5538,2650,2888,1693,1731,704,887,35,34,131,128,5,3,82,105,1765,1822,739,942,75,85,146,145,12,10,2408,2670,1512,1582,681,867,7,10,129,128,3,2,76,81,1579,1652,714,911,43,47,143,143,10,8,242,218,181,149,23,20,28,24,2,0,2,1,6,24,186,170,25,31,32,38,3,2,2,2
050,24,045,Maryland,Wicomico County,6,11,5655,2685,2970,1723,1914,712,831,27,16,116,116,11,0,96,93,1802,1995,756,876,79,62,134,134,14,7,2519,2805,1620,1801,680,807,9,6,116,112,6,0,88,79,1691,1869,723,848,54,46,133,127,9,5,166,165,103,113,32,24,18,10,0,4,5,0,8,14,111,126,33,28,25,16,1,7,5,2
050,24,045,Maryland,Wicomico County,6,12,6049,2799,3250,1870,2102,728,902,16,44,108,109,2,1,75,92,1937,2183,757,947,60,93,121,125,4,1,2683,3105,1793,2005,709,891,1,16,108,108,2,0,70,85,1857,2079,737,933,42,61,119,123,3,0,116,145,77,97,19,11,15,28,0,1,0,1,5,7,80,104,20,14,18,32,2,2,1,1
050,24,045,Maryland,Wicomico County,6,13,6582,3040,3542,2049,2401,819,903,19,19,95,116,2,1,56,102,2100,2492,837,948,52,79,102,128,7,7,2929,3450,1977,2341,801,895,8,9,95,111,1,1,47,93,2019,2424,816,937,35,61,101,123,6,7,111,92,72,60,18,8,11,10,0,5,1,0,9,9,81,68,21,11,17,18,1,5,1,0
050,24,045,Maryland,Wicomico County,6,14,6482,3037,3445,2148,2385,735,893,13,8,85,78,2,0,54,81,2192,2453,758,932,46,56,92,86,4,2,2950,3367,2086,2328,719,879,9,6,85,78,0,0,51,76,2127,2391,741,917,40,51,92,85,2,2,87,78,62,57,16,14,4,2,0,0,2,0,3,5,65,62,17,15,6,5,0,1,2,0
050,24,045,Maryland,Wicomico County,6,15,5287,2364,2923,1752,2101,522,674,0,7,43,81,0,1,47,59,1795,2153,540,702,28,37,49,93,0,5,2327,2865,1726,2053,518,672,0,3,43,81,0,1,40,55,1762,2101,533,698,25,31,48,93,0,5,37,58,26,48,4,2,0,4,0,0,0,0,7,4,33,52,7,4,3,6,1,0,0,0
050,24,045,Maryland,Wicomico County,6,16,3961,1705,2256,1327,1709,288,466,2,7,58,48,0,0,30,26,1354,1730,297,479,22,20,62,52,1,1,1682,2232,1306,1693,288,466,0,0,58,47,0,0,30,26,1333,1714,297,479,20,13,62,51,1,1,23,24,21,16,0,0,2,7,0,1,0,0,0,0,21,16,0,0,2,7,0,1,0,0
050,24,045,Maryland,Wicomico County,6,17,2366,1008,1358,772,1087,187,225,3,1,27,28,0,0,19,17,788,1103,196,232,13,10,30,29,0,1,996,1339,764,1075,187,218,0,1,27,28,0,0,18,17,780,1091,195,225,9,10,30,29,0,1,12,19,8,12,0,7,3,0,0,0,0,0,1,0,8,12,1,7,4,0,0,0,0,0
050,24,045,Maryland,Wicomico County,6,18,1939,720,1219,596,926,94,239,3,6,12,21,0,0,15,27,608,949,101,249,10,22,18,27,3,3,708,1207,586,921,93,237,2,6,12,19,0,0,15,24,598,941,100,246,9,19,18,25,3,3,12,12,10,5,1,2,1,0,0,2,0,0,0,3,10,8,1,3,1,3,0,2,0,0
050,24,045,Maryland,Wicomico County,7,0,106899,50861,56038,31257,34307,14427,16427,502,471,1740,1846,90,43,2845,2944,33858,36977,16157,18259,1395,1419,2282,2380,197,144,46581,51833,28593,31512,13855,15847,100,119,1678,1786,26,23,2329,2546,30716,33812,15292,17454,779,899,2148,2270,104,104,4280,4205,2664,2795,572,580,402,352,62,60,64,20,516,398,3142,3165,865,805,616,520,134,110,93,40
050,24,045,Maryland,Wicomico County,7,1,6665,3361,3304,1419,1361,1405,1401,56,88,41,99,1,0,439,355,1835,1700,1706,1651,151,152,130,176,14,9,2917,2867,1216,1133,1330,1338,7,7,33,86,1,0,330,303,1528,1420,1560,1555,69,55,108,156,7,8,444,437,203,228,75,63,49,81,8,13,0,0,109,52,307,280,146,96,82,97,22,20,7,1
050,24,045,Maryland,Wicomico County,7,2,6279,3194,3085,1551,1473,1140,1114,34,27,103,67,1,14,365,390,1890,1842,1394,1388,109,105,179,146,11,21,2788,2679,1321,1230,1078,1040,6,6,94,61,1,2,288,340,1588,1551,1281,1281,56,70,155,133,9,8,406,406,230,243,62,74,28,21,9,6,0,12,77,50,302,291,113,107,53,35,24,13,2,13
050,24,045,Maryland,Wicomico County,7,3,6188,3118,3070,1627,1628,1027,1064,34,15,106,74,0,4,324,285,1932,1890,1241,1262,113,80,165,128,14,13,2728,2694,1389,1360,976,1013,6,1,101,69,0,3,256,248,1631,1589,1153,1190,59,51,148,118,10,10,390,376,238,268,51,51,28,14,5,5,0,1,68,37,301,301,88,72,54,29,17,10,4,3
050,24,045,Maryland,Wicomico County,7,4,7483,3666,3817,2028,2235,1102,1059,34,36,124,128,2,3,376,356,2371,2560,1356,1295,122,128,204,198,13,19,3326,3403,1804,1969,1051,1004,14,13,116,127,2,1,339,289,2113,2233,1283,1201,89,79,188,187,11,10,340,414,224,266,51,55,20,23,8,1,0,2,37,67,258,327,73,94,33,49,16,11,2,9
050,24,045,Maryland,Wicomico County,7,5,10752,5265,5487,3571,3702,1162,1254,32,43,175,191,5,3,320,294,3864,3971,1360,1444,127,122,239,245,15,13,4756,5055,3218,3446,1116,1151,4,13,168,190,2,1,248,254,3445,3679,1273,1316,66,76,223,243,9,7,509,432,353,256,46,103,28,30,7,1,3,2,72,40,419,292,87,128,61,46,16,2,6,6
050,24,045,Maryland,Wicomico County,7,6,6126,3136,2990,1532,1563,1170,1055,52,28,131,140,48,2,203,202,1719,1745,1294,1184,111,89,168,177,57,10,2681,2631,1257,1274,1119,1036,8,12,127,129,0,1,170,179,1413,1436,1228,1152,52,63,160,162,7,9,455,359,275,289,51,19,44,16,4,11,48,1,33,23,306,309,66,32,59,26,8,15,50,1
050,24,045,Maryland,Wicomico County,7,7,6382,3029,3353,1897,1933,820,1108,31,40,137,100,6,5,138,167,2022,2082,894,1212,86,99,163,127,14,10,2710,3058,1684,1741,783,1057,4,5,133,98,3,5,103,152,1776,1878,842,1152,40,55,156,124,8,10,319,295,213,192,37,51,27,35,4,2,3,0,35,15,246,204,52,60,46,44,7,3,6,0
050,24,045,Maryland,Wicomico County,7,8,6522,2985,3537,1883,2081,859,1189,52,24,100,119,4,2,87,122,1962,2189,905,1262,87,70,115,142,7,6,2734,3205,1731,1822,832,1157,4,4,93,114,4,2,70,106,1794,1915,869,1224,29,42,108,135,7,5,251,332,152,259,27,32,48,20,7,5,0,0,17,16,168,274,36,38,58,28,7,7,0,1
050,24,045,Maryland,Wicomico County,7,9,6416,2972,3444,1843,1982,828,1097,48,27,146,199,1,1,106,138,1931,2103,878,1172,99,84,165,224,8,8,2694,3154,1665,1781,795,1059,10,1,138,197,1,1,85,115,1737,1879,835,1124,48,46,155,218,6,7,278,290,178,201,33,38,38,26,8,2,0,0,21,23,194,224,43,48,51,38,10,6,2,1
050,24,045,Maryland,Wicomico County,7,10,5798,2818,2980,1789,1803,788,891,37,31,125,131,5,6,74,118,1858,1909,823,952,69,87,136,148,8,10,2564,2737,1610,1633,756,874,10,12,123,130,3,5,62,83,1668,1706,784,916,36,50,134,144,6,9,254,243,179,170,32,17,27,19,2,1,2,1,12,35,190,203,39,36,33,37,2,4,2,1
050,24,045,Maryland,Wicomico County,7,11,5458,2594,2864,1607,1833,699,811,36,21,125,112,9,0,118,87,1710,1905,755,856,92,64,148,128,13,5,2408,2687,1497,1711,663,784,9,6,125,108,4,0,110,78,1593,1775,716,824,62,43,146,123,7,5,186,177,110,122,36,27,27,15,0,4,5,0,8,9,117,130,39,32,30,21,2,5,6,0
050,24,045,Maryland,Wicomico County,7,12,5904,2733,3171,1828,2025,720,903,17,35,103,104,2,1,63,103,1885,2117,746,953,54,91,112,115,5,5,2588,3023,1727,1929,696,886,1,12,103,103,2,0,59,93,1780,2011,719,931,35,62,111,113,4,4,145,148,101,96,24,17,16,23,0,1,0,1,4,10,105,106,27,22,19,29,1,2,1,1
050,24,045,Maryland,Wicomico County,7,13,6514,3034,3480,2036,2356,823,880,9,24,106,116,4,1,56,103,2086,2446,844,928,42,85,112,126,8,4,2925,3383,1963,2296,802,872,1,9,106,111,3,1,50,94,2007,2377,822,916,30,64,111,121,6,4,109,97,73,60,21,8,8,15,0,5,1,0,6,9,79,69,22,12,12,21,1,5,2,0
050,24,045,Maryland,Wicomico County,7,14,6506,3052,3454,2158,2368,741,908,22,10,80,82,2,0,49,86,2199,2443,760,945,51,60,88,94,4,3,2952,3380,2093,2314,723,896,14,7,80,82,0,0,42,81,2127,2384,740,931,38,54,88,93,2,2,100,74,65,54,18,12,8,3,0,0,2,0,7,5,72,59,20,14,13,6,0,1,2,1
050,24,045,Maryland,Wicomico County,7,15,5368,2380,2988,1752,2122,525,713,0,8,45,81,0,1,58,63,1801,2175,553,743,34,44,53,90,3,4,2339,2927,1724,2072,519,710,0,4,45,81,0,1,51,59,1767,2122,543,740,30,38,52,88,2,3,41,61,28,50,6,3,0,4,0,0,0,0,7,4,34,53,10,3,4,6,1,2,1,1
050,24,045,Maryland,Wicomico County,7,16,4110,1752,2358,1341,1779,328,489,2,6,53,55,0,0,28,29,1366,1801,339,502,21,24,56,60,0,0,1726,2326,1318,1755,327,488,0,0,53,54,0,0,28,29,1343,1777,338,501,19,18,56,59,0,0,26,32,23,24,1,1,2,6,0,1,0,0,0,0,23,24,1,1,2,6,0,1,0,0
050,24,045,Maryland,Wicomico County,7,17,2457,1053,1404,807,1116,189,238,2,2,29,27,0,0,26,21,827,1132,202,247,16,16,34,30,1,0,1039,1385,798,1103,189,233,0,1,29,27,0,0,23,21,816,1119,200,242,12,15,34,30,1,0,14,19,9,13,0,5,2,1,0,0,0,0,3,0,11,13,2,5,4,1,0,0,0,0
050,24,045,Maryland,Wicomico County,7,18,1971,719,1252,588,947,101,253,4,6,11,21,0,0,15,25,600,967,107,263,11,19,15,26,2,4,706,1239,578,943,100,249,2,6,11,19,0,0,15,22,590,961,106,258,9,18,15,23,2,3,13,13,10,4,1,4,2,0,0,2,0,0,0,3,10,6,1,5,2,1,0,3,0,1
050,24,047,Maryland,Worcester County,1,0,52464,25376,27088,21005,22362,3035,3388,124,92,349,419,2,2,861,825,21839,23141,3455,3785,475,466,515,567,43,36,24317,26093,20236,21585,2927,3306,43,36,341,408,2,1,768,757,20988,22308,3304,3653,331,384,489,543,26,19,1059,995,769,777,108,82,81,56,8,11,0,1,93,68,851,833,151,132,144,82,26,24,17,17
050,24,047,Maryland,Worcester County,1,1,2121,1090,1031,804,765,152,180,14,1,22,14,0,0,98,71,901,833,222,232,47,19,31,26,2,8,1003,957,754,709,145,175,0,0,22,14,0,0,82,59,835,766,205,220,21,16,29,22,0,3,87,74,50,56,7,5,14,1,0,0,0,0,16,12,66,67,17,12,26,3,2,4,2,5
050,24,047,Maryland,Worcester County,1,2,2573,1361,1212,944,926,248,182,5,1,35,19,1,0,128,84,1069,1004,331,236,41,25,55,34,6,5,1251,1119,861,858,237,172,0,0,35,18,1,0,117,71,977,927,315,217,31,17,49,31,4,2,110,93,83,68,11,10,5,1,0,1,0,0,11,13,92,77,16,19,10,8,6,3,2,3
050,24,047,Maryland,Worcester County,1,3,2816,1485,1331,1097,978,236,206,3,11,20,27,1,1,128,108,1225,1081,316,278,21,35,59,48,10,1,1391,1218,1025,891,226,197,0,0,20,27,1,1,119,102,1144,989,304,265,14,21,57,46,7,1,94,113,72,87,10,9,3,11,0,0,0,0,9,6,81,92,12,13,7,14,2,2,3,0
050,24,047,Maryland,Worcester County,1,4,2708,1399,1309,1040,986,247,210,5,0,20,26,0,0,87,87,1119,1073,291,254,54,32,24,45,7,3,1301,1222,975,917,237,193,1,0,17,25,0,0,71,87,1041,1004,271,237,41,32,20,44,1,3,98,87,65,69,10,17,4,0,3,1,0,0,16,0,78,69,20,17,13,0,4,1,6,0
050,24,047,Maryland,Worcester County,1,5,2311,1184,1127,933,858,154,160,7,4,15,23,0,0,75,82,1008,940,182,201,36,33,36,36,8,3,1101,1076,876,823,142,158,1,2,15,20,0,0,67,73,943,896,166,192,22,29,34,33,6,1,83,51,57,35,12,2,6,2,0,3,0,0,8,9,65,44,16,9,14,4,2,3,2,2
050,24,047,Maryland,Worcester County,1,6,2576,1272,1304,990,1058,201,175,4,9,25,25,0,0,52,37,1041,1094,216,194,31,28,39,27,1,2,1208,1232,947,1004,184,168,4,4,25,25,0,0,48,31,994,1035,199,185,31,19,35,26,1,1,64,72,43,54,17,7,0,5,0,0,0,0,4,6,47,59,17,9,0,9,4,1,0,1
050,24,047,Maryland,Worcester County,1,7,2759,1331,1428,1056,1153,199,206,17,1,22,20,0,0,37,48,1087,1194,215,232,33,24,35,25,3,3,1236,1351,993,1092,186,203,8,0,21,20,0,0,28,36,1018,1124,199,217,15,23,34,23,3,0,95,77,63,61,13,3,9,1,1,0,0,0,9,12,69,70,16,15,18,1,1,2,0,3
050,24,047,Maryland,Worcester County,1,8,2726,1381,1345,1125,1067,183,187,13,5,24,42,0,0,36,44,1159,1109,191,201,34,35,33,47,0,1,1277,1264,1045,1006,172,181,5,0,24,38,0,0,31,39,1074,1045,180,190,21,26,33,42,0,0,104,81,80,61,11,6,8,5,0,4,0,0,5,5,85,64,11,11,13,9,0,5,0,1
050,24,047,Maryland,Worcester County,1,9,2549,1231,1318,989,1027,183,203,9,7,27,39,0,1,23,41,1011,1065,195,214,15,33,37,52,1,1,1166,1263,941,988,173,196,4,1,27,39,0,0,21,39,962,1024,184,205,9,25,36,52,1,0,65,55,48,39,10,7,5,6,0,0,0,1,2,2,49,41,11,9,6,8,1,0,0,1
050,24,047,Maryland,Worcester County,1,10,2815,1361,1454,1174,1214,123,164,7,8,27,39,0,0,30,29,1203,1235,133,177,24,31,28,45,3,1,1307,1399,1131,1169,121,163,0,1,26,39,0,0,29,27,1160,1188,131,175,16,22,27,45,2,1,54,55,43,45,2,1,7,7,1,0,0,0,1,2,43,47,2,2,8,9,1,0,1,0
050,24,047,Maryland,Worcester County,1,11,3498,1676,1822,1415,1548,184,194,23,9,26,27,0,0,28,44,1443,1589,195,203,41,30,28,43,0,3,1617,1763,1376,1503,181,191,11,0,25,25,0,0,24,44,1400,1544,188,200,26,21,27,41,0,3,59,59,39,45,3,3,12,9,1,2,0,0,4,0,43,45,7,3,15,9,1,2,0,0
050,24,047,Maryland,Worcester County,1,12,4224,2015,2209,1743,1849,216,279,5,12,20,33,0,0,31,36,1773,1884,225,290,26,38,24,34,0,0,1966,2169,1700,1812,216,276,3,12,20,33,0,0,27,36,1726,1847,223,287,20,38,24,34,0,0,49,40,43,37,0,3,2,0,0,0,0,0,4,0,47,37,2,3,6,0,0,0,0,0
050,24,047,Maryland,Worcester County,1,13,4361,2024,2337,1740,2013,217,266,6,8,19,23,0,0,42,27,1781,2040,222,270,34,28,29,26,0,0,1998,2285,1721,1967,217,265,1,3,18,23,0,0,41,27,1761,1994,221,269,29,23,28,26,0,0,26,52,19,46,0,1,5,5,1,0,0,0,1,0,20,46,1,1,5,5,1,0,0,0
050,24,047,Maryland,Worcester County,1,14,4346,2056,2290,1823,2002,187,231,3,8,15,18,0,0,28,31,1851,2031,198,237,20,33,17,20,0,0,2033,2270,1803,1984,187,229,2,8,15,18,0,0,26,31,1829,2013,198,235,17,33,17,20,0,0,23,20,20,18,0,2,1,0,0,0,0,0,2,0,22,18,0,2,3,0,0,0,0,0
050,24,047,Maryland,Worcester County,1,15,3893,1812,2081,1644,1841,130,193,0,3,18,16,0,0,20,28,1662,1869,139,204,7,20,24,18,1,1,1802,2055,1636,1822,130,188,0,2,17,16,0,0,19,27,1654,1849,138,198,7,19,23,17,0,0,10,26,8,19,0,5,0,1,1,0,0,0,1,1,8,20,1,6,0,1,1,1,1,1
050,24,047,Maryland,Worcester County,1,16,2784,1261,1523,1179,1366,65,128,1,2,8,12,0,0,8,15,1187,1376,68,134,5,11,9,17,0,0,1247,1508,1167,1352,63,127,1,2,8,12,0,0,8,15,1175,1362,66,133,5,11,9,17,0,0,14,15,12,14,2,1,0,0,0,0,0,0,0,0,12,14,2,1,0,0,0,0,0,0
050,24,047,Maryland,Worcester County,1,17,1827,831,996,761,878,60,106,1,0,4,6,0,0,5,6,766,884,64,109,2,3,5,12,1,3,817,987,747,869,60,106,1,0,4,6,0,0,5,6,752,875,64,109,2,3,5,12,1,3,14,9,14,9,0,0,0,0,0,0,0,0,0,0,14,9,0,0,0,0,0,0,0,0
050,24,047,Maryland,Worcester County,1,18,1577,606,971,548,833,50,118,1,3,2,10,0,0,5,7,553,840,52,119,4,8,2,12,0,1,596,955,538,819,50,118,1,1,2,10,0,0,5,7,543,826,52,119,4,6,2,12,0,1,10,16,10,14,0,0,0,2,0,0,0,0,0,0,10,14,0,0,0,2,0,0,0,0
050,24,047,Maryland,Worcester County,2,0,52524,25415,27109,21025,22366,3040,3386,131,98,345,420,2,2,872,837,21821,23137,3451,3789,465,429,531,588,37,32,24313,26083,20237,21581,2922,3295,43,38,337,409,2,1,772,759,20944,22283,3284,3660,331,325,507,570,32,27,1102,1026,788,785,118,91,88,60,8,11,0,1,100,78,877,854,167,129,134,104,24,18,5,5
050,24,047,Maryland,Worcester County,2,1,2117,1087,1030,796,762,154,179,16,1,20,12,0,0,101,76,890,833,211,225,41,17,44,29,4,5,995,955,743,708,145,174,1,0,20,12,0,0,86,61,824,766,193,212,19,11,43,26,4,3,92,75,53,54,9,5,15,1,0,0,0,0,15,15,66,67,18,13,22,6,1,3,0,2
050,24,047,Maryland,Worcester County,2,2,2562,1358,1204,942,915,241,181,5,1,34,20,1,0,135,87,1067,995,321,232,31,26,70,38,9,2,1246,1109,860,847,230,171,0,0,34,19,1,0,121,72,972,913,303,212,23,19,67,36,7,2,112,95,82,68,11,10,5,1,0,1,0,0,14,15,95,82,18,20,8,7,3,2,2,0
050,24,047,Maryland,Worcester County,2,3,2820,1486,1334,1093,973,243,209,4,11,20,29,1,1,125,111,1206,1076,316,276,36,38,51,58,6,5,1387,1223,1018,888,233,201,0,0,20,29,1,1,115,104,1122,986,300,264,28,23,51,57,5,5,99,111,75,85,10,8,4,11,0,0,0,0,10,7,84,90,16,12,8,15,0,1,1,0
050,24,047,Maryland,Worcester County,2,4,2696,1400,1296,1039,981,248,203,5,1,20,25,0,0,88,86,1119,1060,296,254,33,24,37,44,4,2,1301,1205,974,910,237,186,1,0,17,24,0,0,72,85,1039,988,277,236,22,23,32,43,3,2,99,91,65,71,11,17,4,1,3,1,0,0,16,1,80,72,19,18,11,1,5,1,1,0
050,24,047,Maryland,Worcester County,2,5,2357,1201,1156,942,875,163,171,7,5,14,23,0,0,75,82,1015,947,195,215,32,32,33,40,1,5,1111,1090,882,833,148,162,1,2,14,20,0,0,66,73,947,898,177,201,22,24,30,37,1,4,90,66,60,42,15,9,6,3,0,3,0,0,9,9,68,49,18,14,10,8,3,3,0,1
050,24,047,Maryland,Worcester County,2,6,2566,1283,1283,997,1044,197,170,7,9,26,25,0,0,56,35,1050,1076,224,188,24,23,40,33,4,0,1205,1208,946,988,178,163,4,3,26,25,0,0,51,29,995,1014,201,178,20,14,38,32,3,0,78,75,51,56,19,7,3,6,0,0,0,0,5,6,55,62,23,10,4,9,2,1,1,0
050,24,047,Maryland,Worcester County,2,7,2745,1317,1428,1043,1150,199,206,16,2,22,20,0,0,37,50,1073,1198,213,225,37,26,32,29,1,2,1224,1353,982,1092,186,202,8,1,21,20,0,0,27,38,1003,1129,197,218,21,15,29,28,1,1,93,75,61,58,13,4,8,1,1,0,0,0,10,12,70,69,16,7,16,11,3,1,0,1
050,24,047,Maryland,Worcester County,2,8,2742,1383,1359,1128,1081,180,188,15,5,24,41,0,0,36,44,1159,1121,194,205,32,27,33,50,1,1,1273,1274,1044,1017,169,182,5,0,24,37,0,0,31,38,1072,1052,179,197,20,16,32,46,1,1,110,85,84,64,11,6,10,5,0,4,0,0,5,6,87,69,15,8,12,11,1,4,0,0
050,24,047,Maryland,Worcester County,2,9,2558,1235,1323,991,1029,187,205,9,7,26,39,0,1,22,42,1011,1067,195,221,21,29,29,47,1,3,1168,1266,942,990,176,198,4,1,26,39,0,0,20,38,960,1024,182,213,16,20,29,47,1,2,67,57,49,39,11,7,5,6,0,0,0,1,2,4,51,43,13,8,5,9,0,0,0,1
050,24,047,Maryland,Worcester County,2,10,2784,1352,1432,1163,1189,123,162,8,10,28,39,0,0,30,32,1189,1220,134,174,26,30,32,41,1,0,1296,1375,1120,1144,120,160,0,2,27,39,0,0,29,30,1145,1173,130,172,18,20,31,41,1,0,56,57,43,45,3,2,8,8,1,0,0,0,1,2,44,47,4,2,8,10,1,0,0,0
050,24,047,Maryland,Worcester County,2,11,3478,1667,1811,1415,1543,178,191,20,9,26,29,0,0,28,39,1441,1580,185,204,39,30,29,36,1,0,1611,1752,1376,1498,176,188,10,0,25,27,0,0,24,39,1399,1535,182,201,26,21,27,34,1,0,56,59,39,45,2,3,10,9,1,2,0,0,4,0,42,45,3,3,13,9,2,2,0,0
050,24,047,Maryland,Worcester County,2,12,4227,2001,2226,1729,1864,214,275,7,13,20,36,0,0,31,38,1755,1898,222,287,30,39,24,40,1,1,1950,2185,1688,1827,213,271,3,13,20,36,0,0,26,38,1709,1861,221,283,22,39,23,40,1,1,51,41,41,37,1,4,4,0,0,0,0,0,5,0,46,37,1,4,8,0,1,0,0,0
050,24,047,Maryland,Worcester County,2,13,4353,2025,2328,1749,2008,210,265,6,6,18,22,0,0,42,27,1787,2033,224,273,33,20,21,27,2,3,1996,2276,1727,1961,210,264,1,2,17,22,0,0,41,27,1764,1986,223,272,28,16,20,27,2,3,29,52,22,47,0,1,5,4,1,0,0,0,1,0,23,47,1,1,5,4,1,0,0,0
050,24,047,Maryland,Worcester County,2,14,4387,2076,2311,1837,2018,192,236,3,9,14,19,0,0,30,29,1867,2043,197,246,24,26,18,25,0,2,2052,2290,1816,2000,192,234,2,8,14,19,0,0,28,29,1844,2025,197,244,21,25,18,25,0,2,24,21,21,18,0,2,1,1,0,0,0,0,2,0,23,18,0,2,3,1,0,0,0,0
050,24,047,Maryland,Worcester County,2,15,3917,1830,2087,1657,1848,136,193,0,4,18,12,0,0,19,30,1674,1877,141,203,13,21,20,16,1,0,1822,2062,1651,1830,136,188,0,3,17,12,0,0,18,29,1667,1858,141,197,12,20,19,16,1,0,8,25,6,18,0,5,0,1,1,0,0,0,1,1,7,19,0,6,1,1,1,0,0,0
050,24,047,Maryland,Worcester County,2,16,2790,1260,1530,1181,1371,63,129,1,2,8,14,0,0,7,14,1186,1384,66,134,5,9,10,17,0,0,1246,1514,1169,1356,61,128,1,2,8,14,0,0,7,14,1174,1369,64,133,5,9,10,17,0,0,14,16,12,15,2,1,0,0,0,0,0,0,0,0,12,15,2,1,0,0,0,0,0,0
050,24,047,Maryland,Worcester County,2,17,1833,833,1000,763,883,59,104,1,0,5,6,0,0,5,7,768,890,61,105,4,5,5,7,0,1,820,991,750,874,59,104,1,0,5,6,0,0,5,7,755,881,61,105,4,5,5,7,0,1,13,9,13,9,0,0,0,0,0,0,0,0,0,0,13,9,0,0,0,0,0,0,0,0
050,24,047,Maryland,Worcester County,2,18,1592,621,971,560,832,53,119,1,3,2,9,0,0,5,8,564,839,56,122,4,7,3,11,0,0,610,955,549,818,53,119,1,1,2,9,0,0,5,8,553,825,56,122,4,5,3,11,0,0,11,16,11,14,0,0,0,2,0,0,0,0,0,0,11,14,0,0,0,2,0,0,0,0
050,24,047,Maryland,Worcester County,3,0,53377,25895,27482,21426,22682,3046,3377,132,94,379,430,2,3,910,896,22267,23508,3478,3806,487,440,562,606,36,42,24779,26442,20637,21900,2927,3285,45,39,369,419,2,1,799,798,21379,22638,3308,3666,343,342,537,577,32,37,1116,1040,789,782,119,92,87,55,10,11,0,2,111,98,888,870,170,140,144,98,25,29,4,5
050,24,047,Maryland,Worcester County,3,1,2154,1109,1045,810,782,171,177,14,1,21,12,0,0,93,73,894,850,226,221,34,13,43,30,7,4,1034,965,769,723,165,172,1,0,20,12,0,0,79,58,840,778,214,205,15,8,40,28,5,4,75,80,41,59,6,5,13,1,1,0,0,0,14,15,54,72,12,16,19,5,3,2,2,0
050,24,047,Maryland,Worcester County,3,2,2522,1304,1218,917,907,207,186,5,1,30,22,1,0,144,102,1051,1002,290,243,42,30,66,46,6,6,1203,1123,849,851,197,175,0,0,30,21,1,0,126,76,969,925,270,218,28,18,63,40,6,4,101,95,68,56,10,11,5,1,0,1,0,0,18,26,82,77,20,25,14,12,3,6,0,2
050,24,047,Maryland,Worcester County,3,3,2894,1532,1362,1122,982,261,215,5,7,26,31,1,1,117,126,1232,1100,326,285,35,40,57,62,3,8,1417,1259,1037,898,248,210,0,0,26,31,1,1,105,119,1136,1009,306,277,27,30,54,59,3,8,115,103,85,84,13,5,5,7,0,0,0,0,12,7,96,91,20,8,8,10,3,3,0,0
050,24,047,Maryland,Worcester County,3,4,2661,1426,1235,1063,952,241,175,5,1,22,20,0,0,95,87,1150,1035,293,223,36,25,42,39,2,2,1334,1146,1005,884,230,159,1,0,19,19,0,0,79,84,1079,964,274,206,24,23,36,36,2,2,92,89,58,68,11,16,4,1,3,1,0,0,16,3,71,71,19,17,12,2,6,3,0,0
050,24,047,Maryland,Worcester County,3,5,2558,1278,1280,983,967,184,195,8,3,23,30,0,0,80,85,1057,1045,225,242,38,29,39,47,4,4,1188,1213,930,921,167,184,2,2,22,28,0,0,67,78,993,993,202,227,24,25,36,44,3,4,90,67,53,46,17,11,6,1,1,2,0,0,13,7,64,52,23,15,14,4,3,3,1,0
050,24,047,Maryland,Worcester County,3,6,2594,1342,1252,1057,1013,184,153,7,9,29,29,0,1,65,47,1115,1057,216,175,32,26,41,39,3,2,1249,1170,994,957,166,147,4,2,29,28,0,0,56,36,1044,990,194,165,24,14,40,36,3,1,93,82,63,56,18,6,3,7,0,1,0,1,9,11,71,67,22,10,8,12,1,3,0,1
050,24,047,Maryland,Worcester County,3,7,2821,1378,1443,1087,1157,209,210,12,4,26,19,0,0,44,53,1128,1205,226,231,33,29,34,29,2,3,1289,1382,1026,1114,196,204,7,3,25,19,0,0,35,42,1058,1151,210,223,22,22,33,26,1,3,89,61,61,43,13,6,5,1,1,0,0,0,9,11,70,54,16,8,11,7,1,3,1,0
050,24,047,Maryland,Worcester County,3,8,2863,1424,1439,1161,1175,182,184,18,4,24,38,0,0,39,38,1198,1210,196,202,36,22,31,43,2,1,1313,1339,1077,1092,171,181,7,0,24,34,0,0,34,32,1109,1121,184,197,21,14,31,39,2,1,111,100,84,83,11,3,11,4,0,4,0,0,5,6,89,89,12,5,15,8,0,4,0,0
050,24,047,Maryland,Worcester County,3,9,2675,1306,1369,1047,1068,200,216,11,7,26,41,0,1,22,36,1067,1099,209,233,22,24,30,48,1,1,1226,1309,987,1027,188,209,4,1,26,41,0,0,21,31,1006,1054,196,223,15,15,30,48,1,0,80,60,60,41,12,7,7,6,0,0,0,1,1,5,61,45,13,10,7,9,0,0,0,1
050,24,047,Maryland,Worcester County,3,10,2698,1329,1369,1135,1124,126,164,7,10,32,36,0,0,29,35,1160,1156,135,178,25,31,38,39,0,2,1276,1322,1094,1091,123,160,0,2,31,36,0,0,28,33,1118,1121,132,173,17,22,37,39,0,2,53,47,41,33,3,4,7,8,1,0,0,0,1,2,42,35,3,5,8,9,1,0,0,0
050,24,047,Maryland,Worcester County,3,11,3474,1655,1819,1424,1554,155,183,15,10,25,27,0,0,36,45,1460,1596,165,198,35,36,31,32,1,3,1597,1756,1377,1510,155,179,9,0,24,26,0,0,32,41,1409,1549,163,192,28,24,29,31,1,2,58,63,47,44,0,4,6,10,1,1,0,0,4,4,51,47,2,6,7,12,2,1,0,1
050,24,047,Maryland,Worcester County,3,12,4227,1967,2260,1679,1896,215,265,12,12,23,48,0,0,38,39,1713,1931,227,279,38,35,26,52,1,2,1915,2220,1644,1861,212,261,3,12,23,47,0,0,33,39,1673,1896,223,275,25,35,26,51,1,2,52,40,35,35,3,4,9,0,0,1,0,0,5,0,40,35,4,4,13,0,0,1,0,0
050,24,047,Maryland,Worcester County,3,13,4368,2029,2339,1776,2029,189,258,7,1,18,16,0,0,39,35,1809,2059,202,270,33,21,22,23,3,1,1990,2287,1744,1978,189,257,2,1,17,16,0,0,38,35,1776,2008,201,269,28,21,21,23,3,1,39,52,32,51,0,1,5,0,1,0,0,0,1,0,33,51,1,1,5,0,1,0,0,0
050,24,047,Maryland,Worcester County,3,14,4531,2166,2365,1907,2056,206,254,3,11,16,21,0,0,34,23,1940,2076,214,260,26,24,21,27,0,1,2140,2333,1882,2031,206,252,2,6,16,21,0,0,34,23,1915,2051,214,258,25,19,21,27,0,1,26,32,25,25,0,2,1,5,0,0,0,0,0,0,25,25,0,2,1,5,0,0,0,0
050,24,047,Maryland,Worcester County,3,15,4050,1904,2146,1717,1906,155,188,0,7,19,9,0,0,13,36,1730,1939,158,199,7,29,21,14,1,1,1895,2120,1712,1888,155,182,0,6,18,9,0,0,10,35,1722,1920,157,192,5,28,20,14,1,1,9,26,5,18,0,6,0,1,1,0,0,0,3,1,8,19,1,7,2,1,1,0,0,0
050,24,047,Maryland,Worcester County,3,16,2804,1258,1546,1186,1378,52,135,1,3,9,18,0,0,10,12,1196,1389,56,140,6,9,10,20,0,0,1244,1529,1173,1362,51,134,1,3,9,18,0,0,10,12,1183,1373,55,139,6,9,10,20,0,0,14,17,13,16,1,1,0,0,0,0,0,0,0,0,13,16,1,1,0,0,0,0,0,0
050,24,047,Maryland,Worcester County,3,17,1869,842,1027,773,909,54,98,1,0,7,7,0,0,7,13,780,922,57,103,5,8,7,8,0,0,831,1018,763,900,53,98,1,0,7,7,0,0,7,13,770,913,56,103,5,8,7,8,0,0,11,9,10,9,1,0,0,0,0,0,0,0,0,0,10,9,1,0,0,0,0,0,0,0
050,24,047,Maryland,Worcester County,3,18,1614,646,968,582,827,55,121,1,3,3,6,0,0,5,11,587,837,57,124,4,9,3,8,0,1,638,951,574,812,55,121,1,1,3,6,0,0,5,11,579,822,57,124,4,7,3,8,0,1,8,17,8,15,0,0,0,2,0,0,0,0,0,0,8,15,0,0,0,2,0,0,0,0
050,24,047,Maryland,Worcester County,4,0,53974,26207,27767,21627,22955,3092,3373,134,98,437,425,4,4,913,912,22465,23795,3529,3807,489,453,612,600,50,54,25064,26716,20826,22191,2981,3264,46,44,411,409,3,1,797,807,21558,22938,3361,3652,347,348,574,565,44,46,1143,1051,801,764,111,109,88,54,26,16,1,3,116,105,907,857,168,155,142,105,38,35,6,8
050,24,047,Maryland,Worcester County,4,1,2170,1112,1058,814,787,190,180,14,1,23,15,0,0,71,75,878,857,234,224,34,18,36,32,6,5,1027,986,771,740,185,176,1,0,22,14,0,0,48,56,814,792,217,210,11,11,32,28,5,3,85,72,43,47,5,4,13,1,1,1,0,0,23,19,64,65,17,14,23,7,4,4,1,2
050,24,047,Maryland,Worcester County,4,2,2509,1306,1203,935,896,205,196,3,0,29,19,1,0,133,92,1055,980,284,245,38,24,59,42,7,4,1211,1129,867,849,201,189,1,0,27,19,1,0,114,72,972,916,268,229,29,16,55,38,5,2,95,74,68,47,4,7,2,0,2,0,0,0,19,20,83,64,16,16,9,8,4,4,2,2
050,24,047,Maryland,Worcester County,4,3,2846,1516,1330,1089,972,275,215,5,5,31,28,1,1,115,109,1196,1072,339,278,34,34,58,50,9,8,1399,1219,1002,892,261,201,0,0,31,25,1,1,104,100,1098,985,320,259,25,24,56,46,9,8,117,111,87,80,14,14,5,5,0,3,0,0,11,9,98,87,19,19,9,10,2,4,0,0
050,24,047,Maryland,Worcester County,4,4,2745,1481,1264,1092,967,249,186,5,4,24,20,0,0,111,87,1194,1049,314,239,36,27,46,40,4,3,1386,1171,1034,898,234,170,0,1,20,19,0,0,98,83,1125,976,291,220,26,24,41,37,3,3,95,93,58,69,15,16,5,3,4,1,0,0,13,4,69,73,23,19,10,3,5,3,1,0
050,24,047,Maryland,Worcester County,4,5,2657,1359,1298,1035,969,189,199,9,3,43,23,0,0,83,104,1114,1064,233,255,36,32,60,48,2,6,1258,1218,980,920,174,178,3,2,29,23,0,0,72,95,1049,1006,212,230,26,28,44,46,2,6,101,80,55,49,15,21,6,1,14,0,0,0,11,9,65,58,21,25,10,4,16,2,0,0
050,24,047,Maryland,Worcester County,4,6,2500,1267,1233,993,982,164,154,7,10,37,32,0,1,66,54,1052,1031,195,182,29,32,53,43,4,2,1174,1153,929,929,145,148,4,4,37,29,0,0,59,43,981,970,173,171,22,19,53,38,4,1,93,80,64,53,19,6,3,6,0,3,0,1,7,11,71,61,22,11,7,13,0,5,0,1
050,24,047,Maryland,Worcester County,4,7,2780,1388,1392,1089,1112,206,201,10,5,34,29,1,0,48,45,1133,1154,224,220,32,23,43,37,4,3,1307,1326,1034,1069,201,189,1,3,34,29,1,0,36,36,1067,1103,214,205,17,15,42,36,3,3,81,66,55,43,5,12,9,2,0,0,0,0,12,9,66,51,10,15,15,8,1,1,1,0
050,24,047,Maryland,Worcester County,4,8,2898,1425,1473,1140,1190,204,198,18,2,27,34,0,0,36,49,1174,1239,215,218,37,26,34,42,1,0,1349,1381,1083,1113,194,196,13,0,26,28,0,0,33,44,1114,1157,205,215,29,20,33,36,1,0,76,92,57,77,10,2,5,2,1,6,0,0,3,5,60,82,10,3,8,6,1,6,0,0
050,24,047,Maryland,Worcester County,4,9,2774,1366,1408,1103,1112,198,219,15,7,22,41,0,1,28,28,1127,1140,207,230,32,18,28,45,1,3,1263,1339,1029,1062,184,212,3,0,22,41,0,0,25,24,1050,1086,192,221,18,9,27,45,1,2,103,69,74,50,14,7,12,7,0,0,0,1,3,4,77,54,15,9,14,9,1,0,0,1
050,24,047,Maryland,Worcester County,4,10,2624,1269,1355,1082,1106,122,173,5,10,30,29,0,0,30,37,1110,1142,132,185,22,30,35,33,1,2,1207,1306,1027,1071,120,169,1,4,29,29,0,0,30,33,1055,1103,130,180,18,21,34,33,1,2,62,49,55,35,2,4,4,6,1,0,0,0,0,4,55,39,2,5,4,9,1,0,0,0
050,24,047,Maryland,Worcester County,4,11,3414,1644,1770,1408,1519,153,167,13,13,34,30,0,0,36,41,1441,1554,164,185,34,38,39,35,2,4,1587,1709,1365,1479,152,166,6,0,33,30,0,0,31,34,1393,1507,160,182,25,20,38,33,2,4,57,61,43,40,1,1,7,13,1,0,0,0,5,7,48,47,4,3,9,18,1,2,0,0
050,24,047,Maryland,Worcester County,4,12,4235,1984,2251,1703,1893,213,254,13,12,22,43,0,0,33,49,1734,1936,222,269,32,39,27,52,3,4,1927,2208,1663,1856,210,250,3,12,22,41,0,0,29,49,1690,1899,218,265,19,39,27,50,3,4,57,43,40,37,3,4,10,0,0,2,0,0,4,0,44,37,4,4,13,0,0,2,0,0
050,24,047,Maryland,Worcester County,4,13,4465,2089,2376,1823,2060,184,258,9,2,27,17,0,0,46,39,1866,2094,199,269,38,23,31,26,3,4,2039,2327,1783,2016,182,256,4,2,26,17,0,0,44,36,1824,2049,196,267,32,21,30,24,3,3,50,49,40,44,2,2,5,0,1,0,0,0,2,3,42,45,3,2,6,2,1,2,0,1
050,24,047,Maryland,Worcester County,4,14,4679,2204,2475,1947,2168,197,244,5,12,14,24,1,1,40,26,1983,2191,207,251,33,28,19,28,3,3,2180,2433,1926,2133,197,243,3,7,14,24,0,0,40,26,1962,2156,207,250,31,23,19,28,2,2,24,42,21,35,0,1,2,5,0,0,1,1,0,0,21,35,0,1,2,5,0,0,1,1
050,24,047,Maryland,Worcester County,4,15,4012,1890,2122,1683,1886,176,185,0,7,22,10,0,0,9,34,1692,1917,179,197,4,28,24,12,0,3,1874,2099,1671,1871,176,179,0,6,21,10,0,0,6,33,1677,1901,179,190,1,27,23,12,0,3,16,23,12,15,0,6,0,1,1,0,0,0,3,1,15,16,0,7,3,1,1,0,0,0
050,24,047,Maryland,Worcester County,4,16,3066,1379,1687,1295,1510,63,141,1,2,4,18,0,0,16,16,1311,1525,70,147,10,12,4,19,0,0,1368,1668,1284,1493,63,139,1,2,4,18,0,0,16,16,1300,1508,70,145,10,12,4,19,0,0,11,19,11,17,0,2,0,0,0,0,0,0,0,0,11,17,0,2,0,0,0,0,0,0
050,24,047,Maryland,Worcester County,4,17,1910,852,1058,791,947,43,93,1,0,10,6,0,0,7,12,795,958,48,97,5,8,11,7,0,0,841,1048,782,937,41,93,1,0,10,6,0,0,7,12,786,948,46,97,5,8,11,7,0,0,11,10,9,10,2,0,0,0,0,0,0,0,0,0,9,10,2,0,0,0,0,0,0,0
050,24,047,Maryland,Worcester County,4,18,1690,676,1014,605,879,61,110,1,3,4,7,0,0,5,15,610,892,63,116,3,13,5,9,0,0,667,996,596,863,61,110,1,1,4,7,0,0,5,15,601,876,63,116,3,11,5,9,0,0,9,18,9,16,0,0,0,2,0,0,0,0,0,0,9,16,0,0,0,2,0,0,0,0
050,24,047,Maryland,Worcester County,5,0,54237,26291,27946,21656,23055,3099,3387,149,118,457,443,4,4,926,939,22519,23932,3523,3836,489,470,642,627,58,56,25066,26800,20808,22233,2963,3261,50,46,424,430,3,1,818,829,21571,23016,3340,3662,335,348,595,595,53,40,1225,1146,848,822,136,126,99,72,33,13,1,3,108,110,948,916,183,174,154,122,47,32,5,16
050,24,047,Maryland,Worcester County,5,1,2200,1104,1096,827,808,184,175,17,2,21,17,0,0,55,94,879,893,213,234,31,23,35,41,2,1,1019,1017,782,759,179,170,2,1,19,16,0,0,37,71,817,824,200,215,9,15,30,35,1,0,85,79,45,49,5,5,15,1,2,1,0,0,18,23,62,69,13,19,22,8,5,6,1,1
050,24,047,Maryland,Worcester County,5,2,2491,1314,1177,945,886,205,198,5,0,26,21,1,0,132,72,1068,956,280,236,36,17,54,35,9,9,1228,1103,888,834,198,191,1,0,26,21,1,0,114,57,995,890,263,224,25,9,53,35,7,4,86,74,57,52,7,7,4,0,0,0,0,0,18,15,73,66,17,12,11,8,1,0,2,5
050,24,047,Maryland,Worcester County,5,3,2805,1467,1338,1053,973,256,220,4,4,35,25,0,1,119,115,1164,1078,320,285,33,35,62,50,9,9,1362,1221,977,894,242,206,0,0,35,24,0,1,108,96,1078,986,302,260,23,22,61,46,8,7,105,117,76,79,14,14,4,4,0,1,0,0,11,19,86,92,18,25,10,13,1,4,1,2
050,24,047,Maryland,Worcester County,5,4,2768,1490,1278,1102,964,250,183,6,8,22,21,1,0,109,102,1206,1059,309,244,37,33,44,44,6,7,1389,1176,1032,893,236,167,0,1,22,20,1,0,98,95,1127,982,289,225,24,24,43,41,6,6,101,102,70,71,14,16,6,7,0,1,0,0,11,7,79,77,20,19,13,9,1,3,0,1
050,24,047,Maryland,Worcester County,5,5,2746,1416,1330,1039,988,234,211,9,8,44,26,0,0,90,97,1117,1076,281,267,37,36,64,48,8,5,1273,1215,958,914,212,182,3,2,20,26,0,0,80,91,1027,996,255,236,27,28,37,47,8,4,143,115,81,74,22,29,6,6,24,0,0,0,10,6,90,80,26,31,10,8,27,1,0,1
050,24,047,Maryland,Worcester County,5,6,2510,1265,1245,996,976,159,164,12,13,37,36,0,1,61,55,1054,1028,187,192,33,31,51,46,1,4,1147,1157,925,917,127,151,4,5,35,33,0,0,56,51,978,965,153,177,22,21,49,42,1,3,118,88,71,59,32,13,8,8,2,3,0,1,5,4,76,63,34,15,11,10,2,4,0,1
050,24,047,Maryland,Worcester County,5,7,2761,1375,1386,1062,1104,197,184,13,8,41,35,1,0,61,55,1120,1157,222,207,38,31,55,46,3,2,1279,1308,1000,1056,189,174,2,3,41,35,1,0,46,40,1043,1096,209,191,17,17,53,44,3,2,96,78,62,48,8,10,11,5,0,0,0,0,15,15,77,61,13,16,21,14,2,2,0,0
050,24,047,Maryland,Worcester County,5,8,2941,1416,1525,1140,1229,195,213,16,2,28,30,0,0,37,51,1175,1277,208,229,29,25,37,40,4,5,1353,1442,1092,1158,187,210,12,0,27,28,0,0,35,46,1125,1202,199,226,24,19,36,37,4,4,63,83,48,71,8,3,4,2,1,2,0,0,2,5,50,75,9,3,5,6,1,3,0,1
050,24,047,Maryland,Worcester County,5,9,2798,1420,1378,1156,1087,195,218,15,11,23,41,0,0,31,21,1186,1107,205,227,30,19,29,45,1,1,1298,1305,1067,1037,179,211,2,0,23,40,0,0,27,17,1093,1053,188,218,15,7,28,43,1,1,122,73,89,50,16,7,13,11,0,1,0,0,4,4,93,54,17,9,15,12,1,2,0,0
050,24,047,Maryland,Worcester County,5,10,2591,1248,1343,1050,1084,140,177,6,7,27,31,0,1,25,43,1073,1126,150,191,17,28,31,39,3,3,1186,1298,991,1055,140,171,3,4,27,29,0,0,25,39,1014,1093,150,185,14,22,31,36,3,2,62,45,59,29,0,6,3,3,0,2,0,1,0,4,59,33,0,6,3,6,0,3,0,1
050,24,047,Maryland,Worcester County,5,11,3328,1583,1745,1355,1507,144,157,14,15,40,33,0,0,30,33,1383,1538,154,168,30,35,46,37,1,0,1535,1675,1322,1457,141,156,7,0,39,33,0,0,26,29,1346,1484,149,166,21,18,45,36,1,0,48,70,33,50,3,1,7,15,1,0,0,0,4,4,37,54,5,2,9,17,1,1,0,0
050,24,047,Maryland,Worcester County,5,12,3959,1848,2111,1582,1789,188,223,14,11,24,29,0,0,40,59,1619,1846,199,243,40,45,29,37,1,2,1788,2060,1539,1744,185,221,4,9,23,27,0,0,37,59,1573,1801,196,241,27,43,28,35,1,2,60,51,43,45,3,2,10,2,1,2,0,0,3,0,46,45,3,2,13,2,1,2,0,0
050,24,047,Maryland,Worcester County,5,13,4604,2172,2432,1865,2087,219,270,6,5,37,31,0,0,45,39,1906,2123,231,283,35,30,43,37,3,0,2119,2392,1821,2051,217,266,4,5,36,31,0,0,41,39,1858,2087,227,279,31,30,42,37,3,0,53,40,44,36,2,4,2,0,1,0,0,0,4,0,48,36,4,4,4,0,1,0,0,0
050,24,047,Maryland,Worcester County,5,14,4712,2189,2523,1936,2222,186,233,8,10,11,25,1,1,47,32,1983,2249,196,243,38,28,16,32,3,5,2160,2465,1914,2174,186,232,2,5,11,25,0,0,47,29,1961,2200,196,241,32,22,16,31,2,2,29,58,22,48,0,1,6,5,0,0,1,1,0,3,22,49,0,2,6,6,0,1,1,3
050,24,047,Maryland,Worcester County,5,15,4082,1922,2160,1718,1904,169,210,1,8,20,12,0,0,14,26,1731,1928,175,220,6,22,22,14,2,2,1899,2140,1698,1887,169,209,1,7,19,12,0,0,12,25,1709,1910,174,218,6,21,20,14,2,2,23,20,20,17,0,1,0,1,1,0,0,0,2,1,22,18,1,2,0,1,2,0,0,0
050,24,047,Maryland,Worcester County,5,16,3175,1454,1721,1353,1543,77,144,1,1,7,16,0,0,16,17,1366,1559,86,150,10,10,9,19,0,0,1444,1697,1344,1525,77,138,1,1,7,16,0,0,15,17,1357,1541,85,144,9,10,8,19,0,0,10,24,9,18,0,6,0,0,0,0,0,0,1,0,9,18,1,6,1,0,1,0,0,0
050,24,047,Maryland,Worcester County,5,17,2026,893,1133,834,1018,42,91,1,2,7,7,0,0,9,15,843,1033,46,97,6,10,7,8,0,0,882,1121,825,1007,40,90,1,2,7,7,0,0,9,15,834,1022,44,96,6,10,7,8,0,0,11,12,9,11,2,1,0,0,0,0,0,0,0,0,9,11,2,1,0,0,0,0,0,0
050,24,047,Maryland,Worcester County,5,18,1740,715,1025,643,886,59,116,1,3,7,7,0,0,5,13,646,899,61,120,3,12,8,9,2,1,705,1008,633,871,59,116,1,1,7,7,0,0,5,13,636,884,61,120,3,10,8,9,2,1,10,17,10,15,0,0,0,2,0,0,0,0,0,0,10,15,0,0,0,2,0,0,0,0
050,24,047,Maryland,Worcester County,6,0,54381,26402,27979,21740,23060,3085,3381,151,120,465,441,7,4,954,973,22628,23952,3549,3869,500,485,667,650,42,48,25093,26755,20814,22188,2956,3234,49,47,429,428,4,1,841,857,21595,22977,3368,3663,345,361,613,620,38,37,1309,1224,926,872,129,147,102,73,36,13,3,3,113,116,1033,975,181,206,155,124,54,30,4,11
050,24,047,Maryland,Worcester County,6,1,2207,1103,1104,820,796,186,184,9,5,20,20,0,0,68,99,886,889,225,241,23,21,35,46,4,7,1031,1020,781,747,180,175,3,1,17,19,0,0,50,78,829,822,211,219,11,12,29,42,3,3,72,84,39,49,6,9,6,4,3,1,0,0,18,21,57,67,14,22,12,9,6,4,1,4
050,24,047,Maryland,Worcester County,6,2,2409,1274,1135,923,855,201,192,14,1,28,20,1,0,107,67,1025,916,267,232,39,17,53,36,4,3,1184,1058,869,799,195,183,1,0,28,20,1,0,90,56,956,851,248,218,20,12,50,32,4,3,90,77,54,56,6,9,13,1,0,0,0,0,17,11,69,65,19,14,19,5,3,4,0,0
050,24,047,Maryland,Worcester County,6,3,2785,1460,1325,1056,977,236,209,4,2,35,21,0,0,129,116,1179,1087,307,278,34,37,70,46,3,4,1354,1182,976,878,222,194,0,0,35,20,0,0,121,90,1092,963,289,249,27,23,68,42,3,3,106,143,80,99,14,15,4,2,0,1,0,0,8,26,87,124,18,29,7,14,2,4,0,1
050,24,047,Maryland,Worcester County,6,4,2734,1467,1267,1084,938,244,190,4,7,18,23,1,1,116,108,1190,1038,317,257,34,36,43,46,5,7,1376,1170,1018,868,233,175,1,1,18,22,1,1,105,103,1114,964,300,238,27,28,41,44,5,7,91,97,66,70,11,15,3,6,0,1,0,0,11,5,76,74,17,19,7,8,2,2,0,0
050,24,047,Maryland,Worcester County,6,5,2788,1448,1340,1078,999,232,212,12,8,42,22,1,0,83,99,1159,1090,276,265,34,39,60,47,4,2,1221,1235,911,930,215,189,2,2,16,22,0,0,77,92,986,1016,257,239,21,30,33,44,3,2,227,105,167,69,17,23,10,6,26,0,1,0,6,7,173,74,19,26,13,9,27,3,1,0
050,24,047,Maryland,Worcester County,6,6,2624,1342,1282,1061,973,162,187,11,14,40,35,0,0,68,73,1123,1042,199,225,32,37,55,54,3,4,1218,1168,993,909,129,159,2,5,40,32,0,0,54,63,1042,970,160,192,16,23,53,49,3,4,124,114,68,64,33,28,9,9,0,3,0,0,14,10,81,72,39,33,16,14,2,5,0,0
050,24,047,Maryland,Worcester County,6,7,2810,1418,1392,1087,1114,206,179,15,8,46,32,2,1,62,58,1147,1166,233,207,40,29,59,46,4,4,1316,1307,1022,1058,200,168,4,4,44,32,1,0,45,45,1065,1097,220,190,20,18,54,45,3,3,102,85,65,56,6,11,11,4,2,0,1,1,17,13,82,69,13,17,20,11,5,1,1,1
050,24,047,Maryland,Worcester County,6,8,2898,1373,1525,1103,1242,188,201,14,1,25,32,0,0,43,49,1140,1286,206,222,34,21,33,42,3,4,1308,1443,1054,1174,181,197,9,0,24,30,0,0,40,42,1088,1211,198,216,27,16,32,40,3,3,65,82,49,68,7,4,5,1,1,2,0,0,3,7,52,75,8,6,7,5,1,2,0,1
050,24,047,Maryland,Worcester County,6,9,2825,1428,1397,1153,1109,199,214,13,11,29,34,0,0,34,29,1184,1135,214,228,26,22,37,39,2,2,1313,1318,1069,1053,182,207,4,0,29,33,0,0,29,25,1095,1075,194,219,15,10,37,38,2,1,115,79,84,56,17,7,9,11,0,1,0,0,5,4,89,60,20,9,11,12,0,1,0,1
050,24,047,Maryland,Worcester County,6,10,2629,1290,1339,1062,1073,156,184,10,6,31,32,0,1,31,43,1090,1112,167,202,28,30,37,38,1,3,1232,1294,1012,1047,154,176,4,2,31,30,0,0,31,39,1040,1082,165,193,22,23,37,36,1,2,58,45,50,26,2,8,6,4,0,2,0,1,0,4,50,30,2,9,6,7,0,2,0,1
050,24,047,Maryland,Worcester County,6,11,3150,1515,1635,1320,1394,123,157,7,10,35,38,0,0,30,36,1345,1425,134,169,24,30,41,45,2,4,1460,1558,1277,1332,120,154,1,2,34,38,0,0,28,32,1300,1360,130,164,17,20,40,45,2,3,55,77,43,62,3,3,6,8,1,0,0,0,2,4,45,65,4,5,7,10,1,0,0,1
050,24,047,Maryland,Worcester County,6,12,3813,1775,2038,1509,1755,183,195,20,12,28,26,1,0,34,50,1541,1801,193,213,40,42,33,36,2,0,1716,1978,1469,1708,180,193,8,3,27,24,1,0,31,50,1499,1754,190,211,25,33,31,34,2,0,59,60,40,47,3,2,12,9,1,2,0,0,3,0,42,47,3,2,15,9,2,2,0,0
050,24,047,Maryland,Worcester County,6,13,4658,2209,2449,1921,2115,212,256,6,11,28,33,0,0,42,34,1959,2148,221,269,34,29,34,39,3,1,2151,2413,1874,2083,210,252,4,11,27,33,0,0,36,34,1906,2116,218,265,27,29,33,39,3,1,58,36,47,32,2,4,2,0,1,0,0,0,6,0,53,32,3,4,7,0,1,0,0,0
050,24,047,Maryland,Worcester County,6,14,4702,2160,2542,1897,2222,185,247,7,8,16,27,1,1,54,37,1946,2253,201,260,42,32,23,32,2,2,2132,2477,1876,2166,185,247,1,3,16,27,0,0,54,34,1925,2195,201,259,36,24,23,32,1,1,28,65,21,56,0,0,6,5,0,0,1,1,0,3,21,58,0,1,6,8,0,0,1,1
050,24,047,Maryland,Worcester County,6,15,4150,1947,2203,1745,1941,164,214,2,10,14,13,0,0,22,25,1767,1963,167,223,16,24,19,18,0,0,1918,2184,1719,1926,164,212,2,9,13,13,0,0,20,24,1739,1947,167,220,14,23,18,18,0,0,29,19,26,15,0,2,0,1,1,0,0,0,2,1,28,16,0,3,2,1,1,0,0,0
050,24,047,Maryland,Worcester County,6,16,3311,1533,1778,1396,1594,105,146,0,1,16,14,0,0,16,23,1411,1613,111,157,9,16,18,17,0,0,1526,1753,1390,1575,105,140,0,1,16,14,0,0,15,23,1404,1594,111,151,9,16,17,17,0,0,7,25,6,19,0,6,0,0,0,0,0,0,1,0,7,19,0,6,0,0,1,0,0,0
050,24,047,Maryland,Worcester County,6,17,2098,918,1180,856,1058,45,93,1,2,7,11,0,0,9,16,862,1073,51,97,6,13,8,13,0,0,905,1168,845,1047,43,92,1,2,7,11,0,0,9,16,851,1062,49,96,6,13,8,13,0,0,13,12,11,11,2,1,0,0,0,0,0,0,0,0,11,11,2,1,0,0,0,0,0,0
050,24,047,Maryland,Worcester County,6,18,1790,742,1048,669,905,58,121,2,3,7,8,0,0,6,11,674,915,60,124,5,10,9,10,0,1,732,1029,659,888,58,121,2,1,7,8,0,0,6,11,664,898,60,124,5,8,9,10,0,1,10,19,10,17,0,0,0,2,0,0,0,0,0,0,10,17,0,0,0,2,0,0,0,0
050,24,047,Maryland,Worcester County,7,0,54459,26329,28130,21617,23117,3111,3432,163,132,459,448,13,5,966,996,22517,24032,3573,3918,522,493,666,651,47,61,24982,26847,20669,22229,2973,3265,50,47,428,427,10,2,852,877,21465,23031,3381,3700,355,354,615,615,39,49,1347,1283,948,888,138,167,113,85,31,21,3,3,114,119,1052,1001,192,218,167,139,51,36,8,12
050,24,047,Maryland,Worcester County,7,1,2203,1108,1095,819,785,188,176,8,9,20,31,2,0,71,94,886,876,228,230,25,28,38,52,4,6,1024,984,770,732,180,157,3,1,16,24,2,0,53,70,819,799,211,199,14,13,30,42,3,4,84,111,49,53,8,19,5,8,4,7,0,0,18,24,67,77,17,31,11,15,8,10,1,2
050,24,047,Maryland,Worcester County,7,2,2356,1221,1135,885,822,196,212,18,4,25,17,0,0,97,80,973,895,254,260,37,22,53,36,4,4,1137,1061,838,772,187,201,2,0,25,17,0,0,85,71,916,837,236,244,17,16,50,34,3,3,84,74,47,50,9,11,16,4,0,0,0,0,12,9,57,58,18,16,20,6,3,2,1,1
050,24,047,Maryland,Worcester County,7,3,2724,1416,1308,1005,977,243,214,5,0,34,21,1,0,128,96,1126,1065,314,271,33,27,66,40,8,4,1309,1173,926,886,230,198,0,0,34,20,1,0,118,69,1038,949,298,242,23,15,64,37,7,1,107,135,79,91,13,16,5,0,0,1,0,0,10,27,88,116,16,29,10,12,2,3,1,3
050,24,047,Maryland,Worcester County,7,4,2765,1470,1295,1085,934,238,205,4,8,21,22,1,1,121,125,1199,1050,309,275,32,39,51,50,5,12,1377,1197,1013,862,230,191,1,1,21,22,1,1,111,120,1118,973,295,260,26,30,49,50,5,10,93,98,72,72,8,14,3,7,0,0,0,0,10,5,81,77,14,15,6,9,2,0,0,2
050,24,047,Maryland,Worcester County,7,5,2870,1475,1395,1097,1063,245,205,11,5,38,26,1,0,83,96,1174,1152,290,261,36,29,57,48,3,5,1239,1270,919,975,225,180,1,1,21,23,0,0,73,91,988,1060,265,232,20,24,38,44,2,5,236,125,178,88,20,25,10,4,17,3,1,0,10,5,186,92,25,29,16,5,19,4,1,0
050,24,047,Maryland,Worcester County,7,6,2689,1354,1335,1062,1010,179,201,8,13,31,34,4,0,70,77,1127,1080,214,240,32,37,45,52,6,5,1230,1206,992,938,144,170,3,1,29,31,4,0,58,66,1045,998,175,205,21,20,41,47,6,4,124,129,70,72,35,31,5,12,2,3,0,0,12,11,82,82,39,35,11,17,4,5,0,1
050,24,047,Maryland,Worcester County,7,7,2662,1346,1316,1028,1051,202,173,21,11,45,27,2,1,48,53,1075,1098,220,203,43,30,54,37,4,1,1241,1247,966,1002,192,168,4,6,43,27,1,0,35,44,1000,1041,206,194,18,21,51,35,2,0,105,69,62,49,10,5,17,5,2,0,1,1,13,9,75,57,14,9,25,9,3,2,2,1
050,24,047,Maryland,Worcester County,7,8,2970,1415,1555,1139,1235,180,228,19,2,31,30,0,1,46,59,1181,1287,203,254,37,30,41,41,2,5,1335,1471,1086,1178,175,214,8,1,30,30,0,1,36,47,1120,1218,192,238,20,19,39,39,2,5,80,84,53,57,5,14,11,1,1,0,0,0,10,12,61,69,11,16,17,11,2,2,0,0
050,24,047,Maryland,Worcester County,7,9,2853,1430,1423,1145,1125,195,209,15,15,31,37,0,0,44,37,1185,1161,211,224,36,28,39,45,3,2,1323,1331,1066,1061,182,203,5,0,31,34,0,0,39,33,1103,1093,196,217,24,11,37,41,2,2,107,92,79,64,13,6,10,15,0,3,0,0,5,4,82,68,15,7,12,17,2,4,1,0
050,24,047,Maryland,Worcester County,7,10,2660,1294,1366,1070,1091,156,198,9,5,30,30,0,1,29,41,1099,1128,166,214,23,24,36,38,0,5,1233,1316,1021,1060,149,190,4,1,30,28,0,0,29,37,1050,1093,159,204,18,18,36,36,0,4,61,50,49,31,7,8,5,4,0,2,0,1,0,4,49,35,7,10,5,6,0,2,0,1
050,24,047,Maryland,Worcester County,7,11,2982,1454,1528,1256,1288,136,156,7,11,25,35,0,0,30,38,1283,1321,149,169,18,29,33,42,1,5,1397,1472,1213,1243,133,155,0,3,23,35,0,0,28,36,1238,1274,144,167,11,20,31,42,1,5,57,56,43,45,3,1,7,8,2,0,0,0,2,2,45,47,5,2,7,9,2,0,0,0
050,24,047,Maryland,Worcester County,7,12,3680,1737,1943,1482,1707,162,158,18,9,32,26,1,0,42,43,1522,1748,173,172,47,32,35,32,3,2,1683,1871,1443,1652,160,155,9,0,31,24,1,0,39,40,1480,1690,171,168,35,21,34,30,3,2,54,72,39,55,2,3,9,9,1,2,0,0,3,3,42,58,2,4,12,11,1,2,0,0
050,24,047,Maryland,Worcester County,7,13,4632,2169,2463,1880,2121,219,259,8,16,23,38,0,0,39,29,1917,2147,230,268,32,34,29,41,1,2,2105,2422,1829,2084,216,255,4,16,23,38,0,0,33,29,1860,2110,223,264,26,34,28,41,1,2,64,41,51,37,3,4,4,0,0,0,0,0,6,0,57,37,7,4,6,0,1,0,0,0
050,24,047,Maryland,Worcester County,7,14,4692,2138,2554,1877,2234,178,251,5,6,29,18,1,1,48,44,1922,2275,192,263,37,31,33,28,2,2,2108,2487,1854,2176,178,250,0,2,28,18,0,0,48,41,1899,2214,192,261,32,24,32,28,1,1,30,67,23,58,0,1,5,4,1,0,1,1,0,3,23,61,0,2,5,7,1,0,1,1
050,24,047,Maryland,Worcester County,7,15,4258,1988,2270,1769,2001,166,212,4,10,10,19,0,0,39,28,1802,2025,180,223,29,27,16,22,0,1,1959,2248,1743,1982,166,210,3,9,10,19,0,0,37,28,1774,2006,180,221,26,26,16,22,0,1,29,22,26,19,0,2,1,1,0,0,0,0,2,0,28,19,0,2,3,1,0,0,0,0
050,24,047,Maryland,Worcester County,7,16,3448,1619,1829,1465,1631,120,154,0,3,19,11,0,0,15,30,1480,1657,124,163,12,24,20,16,0,0,1609,1805,1457,1615,120,148,0,2,18,11,0,0,14,29,1471,1640,124,157,11,22,19,16,0,0,10,24,8,16,0,6,0,1,1,0,0,0,1,1,9,17,0,6,1,2,1,0,0,0
050,24,047,Maryland,Worcester County,7,17,2163,934,1229,868,1095,51,105,1,2,7,14,0,0,7,13,873,1107,54,108,5,11,9,17,0,0,923,1216,859,1083,49,104,1,2,7,14,0,0,7,13,864,1095,52,107,5,11,9,17,0,0,11,13,9,12,2,1,0,0,0,0,0,0,0,0,9,12,2,1,0,0,0,0,0,0
050,24,047,Maryland,Worcester County,7,18,1852,761,1091,685,947,57,116,2,3,8,12,0,0,9,13,693,960,62,120,8,11,11,14,1,0,750,1070,674,928,57,116,2,1,8,12,0,0,9,13,682,941,62,120,8,9,11,14,1,0,11,21,11,19,0,0,0,2,0,0,0,0,0,0,11,19,0,0,0,2,0,0,0,0
050,24,510,Maryland,Baltimore city,1,0,585729,274809,310920,93637,95605,157458,188290,2846,2716,10193,11725,187,183,10488,12401,102110,105607,164226,196598,6744,7476,12931,14732,506,531,251224,288396,78774,81745,153654,184368,623,692,9838,11397,83,97,8252,10097,85294,89750,159182,191379,3317,4263,12158,13920,308,359,23585,22524,14863,13860,3804,3922,2223,2024,355,328,104,86,2236,2304,16816,15857,5044,5219,3427,3213,773,812,198,172
050,24,510,Maryland,Baltimore city,1,1,35132,17878,17254,5243,4927,10733,10428,215,220,347,351,6,14,1334,1314,6401,6082,11664,11308,504,538,720,708,46,25,15456,14973,3851,3664,10318,10005,24,26,294,309,4,5,965,964,4684,4508,10990,10687,191,204,600,572,28,14,2422,2281,1392,1263,415,423,191,194,53,42,2,9,369,350,1717,1574,674,621,313,334,120,136,18,11
050,24,510,Maryland,Baltimore city,1,2,31872,16315,15557,3848,3732,10850,10335,260,211,243,227,6,12,1108,1040,4746,4627,11651,11099,614,530,511,460,33,41,14153,13544,2658,2588,10454,9975,42,38,221,199,1,4,777,740,3280,3223,11042,10541,235,218,421,379,11,17,2162,2013,1190,1144,396,360,218,173,22,28,5,8,331,300,1466,1404,609,558,379,312,90,81,22,24
050,24,510,Maryland,Baltimore city,1,3,31867,16157,15710,3634,3339,11139,10931,211,243,248,214,29,13,896,970,4388,4162,11805,11632,501,577,468,420,56,32,14232,13869,2469,2324,10813,10594,28,42,205,195,9,4,708,710,3057,2914,11372,11151,220,259,370,343,27,16,1925,1841,1165,1015,326,337,183,201,43,19,20,9,188,260,1331,1248,433,481,281,318,98,77,29,16
050,24,510,Maryland,Baltimore city,1,4,33620,16458,17162,3898,4186,10694,10564,196,188,841,1185,10,16,819,1023,4553,5032,11259,11259,454,515,1050,1474,39,51,14540,15353,2700,3067,10378,10265,25,38,824,1165,5,7,608,811,3171,3738,10826,10834,180,268,987,1411,29,33,1918,1809,1198,1119,316,299,171,150,17,20,5,9,211,212,1382,1294,433,425,274,247,63,63,10,18
050,24,510,Maryland,Baltimore city,1,5,46618,21233,25385,7366,8975,10351,11797,202,196,2353,3170,13,16,948,1231,8158,10000,10902,12569,503,555,2656,3581,46,64,19014,23026,5893,7443,10004,11395,25,32,2323,3118,5,6,764,1032,6516,8294,10464,12079,226,274,2600,3480,26,52,2219,2359,1473,1532,347,402,177,164,30,52,8,10,184,199,1642,1706,438,490,277,281,56,101,20,12
050,24,510,Maryland,Baltimore city,1,6,56709,26340,30369,11654,12912,11477,13976,271,270,1842,1928,18,14,1078,1269,12557,14003,12079,14685,650,688,2209,2373,39,49,23959,27842,10101,11278,11135,13598,51,44,1799,1876,3,8,870,1038,10822,12166,11632,14172,302,349,2124,2264,17,30,2381,2527,1553,1634,342,378,220,226,43,52,15,6,208,231,1735,1837,447,513,348,339,85,109,22,19
050,24,510,Maryland,Baltimore city,1,7,53935,25917,28018,11653,11308,11686,14002,296,287,1357,1322,21,8,904,1091,12406,12201,12176,14612,636,760,1643,1644,48,40,23432,25662,10030,9801,11294,13627,53,55,1322,1291,10,8,723,880,10616,10511,11696,14130,287,401,1581,1574,36,36,2485,2356,1623,1507,392,375,243,232,35,31,11,0,181,211,1790,1690,480,482,349,359,62,70,12,4
050,24,510,Maryland,Baltimore city,1,8,42888,20458,22430,8463,7904,10166,12569,277,265,767,796,16,14,769,882,9087,8583,10586,13135,651,679,961,1008,47,51,18154,20309,6982,6551,9830,12223,40,49,739,773,10,1,553,712,7417,7083,10154,12699,260,351,902,948,37,31,2304,2121,1481,1353,336,346,237,216,28,23,6,13,216,170,1670,1500,432,436,391,328,59,60,10,20
050,24,510,Maryland,Baltimore city,1,9,32968,15719,17249,5751,5302,8738,10632,235,208,482,485,14,11,499,611,6143,5750,9028,11042,468,544,615,592,30,29,14043,15699,4661,4319,8503,10380,44,51,445,462,8,6,382,481,4952,4657,8740,10721,199,294,552,554,16,17,1676,1550,1090,983,235,252,191,157,37,23,6,5,117,130,1191,1093,288,321,269,250,63,38,14,12
050,24,510,Maryland,Baltimore city,1,10,29171,13804,15367,4616,4344,8232,9951,164,142,382,421,12,8,398,501,4909,4714,8486,10297,361,372,463,517,29,26,12683,14358,3868,3716,8063,9769,41,38,367,407,7,1,337,427,4110,4023,8292,10070,190,230,442,493,23,16,1121,1009,748,628,169,182,123,104,15,14,5,7,61,74,799,691,194,227,171,142,21,24,6,10
050,24,510,Maryland,Baltimore city,1,11,32934,15697,17237,4908,4491,9966,11724,133,115,294,351,7,18,389,538,5182,4873,10215,12104,345,381,365,457,21,29,14775,16499,4283,4016,9827,11582,42,41,282,345,2,17,339,498,4519,4368,10052,11938,221,281,348,447,13,24,922,738,625,475,139,142,91,74,12,6,5,1,50,40,663,505,163,166,124,100,17,10,8,5
050,24,510,Maryland,Baltimore city,1,12,37236,17589,19647,5197,4692,11563,14024,130,113,293,316,6,8,400,494,5495,5052,11851,14384,338,371,358,372,20,20,16869,19046,4714,4325,11441,13894,56,59,290,306,3,3,365,459,4977,4655,11710,14241,242,300,347,351,11,10,720,601,483,367,122,130,74,54,3,10,3,5,35,35,518,397,141,143,96,71,11,21,9,10
050,24,510,Maryland,Baltimore city,1,13,36140,16328,19812,4940,4947,10732,14016,95,86,225,266,11,9,325,488,5162,5314,10968,14388,268,314,283,333,19,26,15780,19358,4593,4664,10624,13908,54,54,218,265,6,9,285,458,4783,5003,10839,14258,203,261,272,332,13,25,548,454,347,283,108,108,41,32,7,1,5,0,40,30,379,311,129,130,65,53,11,1,6,1
050,24,510,Maryland,Baltimore city,1,14,29991,13381,16610,4465,4541,8417,11405,60,58,179,229,0,8,260,369,4650,4800,8592,11684,170,243,238,268,8,24,13037,16268,4242,4327,8344,11326,33,36,174,224,0,6,244,349,4414,4568,8515,11595,132,216,230,258,7,20,344,342,223,214,73,79,27,22,5,5,0,2,16,20,236,232,77,89,38,27,8,10,1,4
050,24,510,Maryland,Baltimore city,1,15,22242,9660,12582,3590,3734,5706,8396,53,46,139,155,12,11,160,240,3717,3910,5819,8581,134,163,156,182,16,15,9442,12328,3471,3564,5664,8342,28,38,137,153,7,9,135,222,3576,3727,5759,8513,96,140,151,178,9,12,218,254,119,170,42,54,25,8,2,2,5,2,25,18,141,183,60,68,38,23,5,4,7,3
050,24,510,Maryland,Baltimore city,1,16,14088,5679,8409,2107,2548,3362,5534,23,43,72,139,4,0,111,145,2189,2650,3434,5658,79,121,88,148,4,1,5572,8265,2037,2465,3338,5498,19,33,69,139,1,0,108,130,2116,2555,3410,5613,72,102,85,143,1,0,107,144,70,83,24,36,4,10,3,0,3,0,3,15,73,95,24,45,7,19,3,5,3,1
050,24,510,Maryland,Baltimore city,1,17,9015,3332,5683,1260,1622,1929,3865,16,12,66,92,2,3,59,89,1299,1681,1971,3945,50,56,78,104,3,6,3264,5608,1207,1564,1917,3856,13,5,66,92,2,3,59,88,1246,1622,1959,3935,47,48,78,104,3,6,68,75,53,58,12,9,3,7,0,0,0,0,0,1,53,59,12,10,3,8,0,0,0,0
050,24,510,Maryland,Baltimore city,1,18,9303,2864,6439,1044,2101,1717,4141,9,13,63,78,0,0,31,106,1068,2173,1740,4216,18,69,69,91,2,2,2819,6389,1014,2069,1707,4131,5,13,63,78,0,0,30,98,1038,2135,1730,4202,14,67,68,89,1,0,45,50,30,32,10,10,4,0,0,0,0,0,1,8,30,38,10,14,4,2,1,2,1,2
050,24,510,Maryland,Baltimore city,2,0,583295,273460,309835,93146,95176,156709,187721,2810,2682,10119,11649,193,184,10483,12423,101614,105072,163297,195851,6766,7528,12884,14731,484,514,250069,287428,78407,81404,152906,183787,625,691,9768,11314,88,97,8275,10135,84996,89380,158109,190427,3503,4420,12144,13994,301,336,23391,22407,14739,13772,3803,3934,2185,1991,351,335,105,87,2208,2288,16618,15692,5188,5424,3263,3108,740,737,183,178
050,24,510,Maryland,Baltimore city,2,1,34864,17695,17169,5200,4923,10563,10339,228,211,350,353,7,13,1347,1330,6370,6081,11490,11264,532,518,745,745,38,46,15278,14902,3811,3656,10151,9906,25,29,301,311,4,4,986,996,4666,4517,10823,10594,203,212,620,634,26,24,2417,2267,1389,1267,412,433,203,182,49,42,3,9,361,334,1704,1564,667,670,329,306,125,111,12,22
050,24,510,Maryland,Baltimore city,2,2,31730,16253,15477,3862,3720,10790,10280,252,212,241,227,6,11,1102,1027,4812,4607,11549,10993,545,487,552,510,25,31,14111,13465,2683,2577,10391,9922,41,35,219,197,1,4,776,730,3350,3205,10926,10428,203,194,466,423,12,18,2142,2012,1179,1143,399,358,211,177,22,30,5,7,326,297,1462,1402,623,565,342,293,86,87,13,13
050,24,510,Maryland,Baltimore city,2,3,31664,16029,15635,3601,3327,11047,10879,208,235,239,215,28,14,906,965,4362,4133,11667,11551,471,511,494,479,46,38,14112,13803,2446,2317,10723,10541,28,43,198,195,8,4,709,703,3037,2908,11214,11033,199,211,415,409,22,20,1917,1832,1155,1010,324,338,180,192,41,20,20,10,197,262,1325,1225,453,518,272,300,79,70,24,18
050,24,510,Maryland,Baltimore city,2,4,33294,16331,16963,3877,4143,10583,10417,197,188,839,1179,10,17,825,1019,4564,5000,11119,11068,443,456,1084,1504,34,40,14433,15173,2689,3041,10277,10121,27,38,821,1160,5,7,614,806,3197,3720,10675,10639,182,212,1025,1441,22,23,1898,1790,1188,1102,306,296,170,150,18,19,5,10,211,213,1367,1280,444,429,261,244,59,63,12,17
050,24,510,Maryland,Baltimore city,2,5,46198,21024,25174,7196,8750,10407,11890,194,196,2281,3096,13,15,933,1227,7973,9764,10988,12697,468,528,2561,3462,41,57,18849,22880,5759,7275,10055,11494,23,34,2254,3042,6,6,752,1029,6378,8127,10532,12174,214,278,2503,3366,26,37,2175,2294,1437,1475,352,396,171,162,27,54,7,9,181,198,1595,1637,456,523,254,250,58,96,15,20
050,24,510,Maryland,Baltimore city,2,6,56122,26067,30055,11480,12750,11406,13841,253,263,1849,1911,18,15,1061,1275,12346,13794,12077,14683,638,726,2134,2235,51,50,23752,27550,9958,11125,11066,13462,55,41,1802,1863,3,9,868,1050,10661,11980,11619,14156,334,384,2056,2145,30,35,2315,2505,1522,1625,340,379,198,222,47,48,15,6,193,225,1685,1814,458,527,304,342,78,90,21,15
050,24,510,Maryland,Baltimore city,2,7,53922,25878,28044,11620,11286,11692,14039,287,283,1348,1334,22,7,909,1095,12357,12161,12237,14731,664,732,1589,1611,56,43,23440,25717,10027,9805,11309,13664,52,59,1315,1299,10,6,727,884,10610,10504,11744,14223,324,387,1528,1543,36,32,2438,2327,1593,1481,383,375,235,224,33,35,12,1,182,211,1747,1657,493,508,340,345,61,68,20,11
050,24,510,Maryland,Baltimore city,2,8,42919,20442,22477,8459,7950,10149,12578,284,252,781,798,17,15,752,884,9055,8628,10584,13134,627,672,975,998,43,45,18163,20383,7001,6606,9813,12237,40,47,752,774,10,3,547,716,7424,7149,10132,12693,261,359,915,955,29,23,2279,2094,1458,1344,336,341,244,205,29,24,7,12,205,168,1631,1479,452,441,366,313,60,43,14,22
050,24,510,Maryland,Baltimore city,2,9,33261,15861,17400,5828,5368,8794,10714,236,209,476,479,14,10,513,620,6226,5833,9092,11114,492,530,597,609,33,25,14171,15831,4731,4378,8555,10454,45,50,439,457,9,4,392,488,5030,4737,8784,10771,224,285,547,573,20,17,1690,1569,1097,990,239,260,191,159,37,22,5,6,121,132,1196,1096,308,343,268,245,50,36,13,8
050,24,510,Maryland,Baltimore city,2,10,28971,13704,15267,4599,4337,8154,9855,155,147,385,419,12,10,399,499,4886,4699,8392,10160,357,411,482,526,21,25,12581,14236,3843,3692,7982,9673,39,39,370,405,8,2,339,425,4082,3994,8185,9937,205,255,462,506,14,13,1123,1031,756,645,172,182,116,108,15,14,4,8,60,74,804,705,207,223,152,156,20,20,7,12
050,24,510,Maryland,Baltimore city,2,11,32646,15533,17113,4882,4478,9840,11602,129,117,290,362,9,18,383,536,5163,4860,10052,11935,342,414,370,471,22,33,14609,16375,4256,4007,9698,11459,43,42,278,354,3,17,331,496,4495,4358,9884,11768,220,313,349,455,15,27,924,738,626,471,142,143,86,75,12,8,6,1,52,40,668,502,168,167,122,101,21,16,7,6
050,24,510,Maryland,Baltimore city,2,12,36910,17413,19497,5173,4672,11415,13898,129,114,292,316,5,8,399,489,5455,5018,11642,14201,360,407,368,394,18,17,16687,18886,4683,4303,11291,13767,58,58,288,306,3,3,364,449,4940,4616,11497,14047,266,328,360,380,14,11,726,611,490,369,124,131,71,56,4,10,2,5,35,40,515,402,145,154,94,79,8,14,4,6
050,24,510,Maryland,Baltimore city,2,13,36138,16310,19828,4921,4930,10723,14041,95,86,229,266,13,8,329,497,5155,5285,10913,14350,292,376,289,356,18,22,15754,19367,4570,4643,10616,13930,50,54,221,265,7,8,290,467,4773,4972,10783,14221,224,328,276,349,12,19,556,461,351,287,107,111,45,32,8,1,6,0,39,30,382,313,130,129,68,48,13,7,6,3
050,24,510,Maryland,Baltimore city,2,14,29954,13346,16608,4437,4548,8406,11399,62,55,181,229,0,8,260,369,4625,4801,8543,11642,217,284,234,284,6,15,13004,16263,4217,4331,8331,11320,36,34,176,224,0,7,244,347,4391,4567,8464,11549,184,250,223,277,3,13,342,345,220,217,75,79,26,21,5,5,0,1,16,22,234,234,79,93,33,34,11,7,3,2
050,24,510,Maryland,Baltimore city,2,15,22475,9755,12720,3598,3752,5794,8506,53,45,136,159,11,12,163,246,3717,3927,5885,8662,154,198,166,191,16,16,9533,12460,3473,3579,5751,8452,27,36,135,156,7,10,140,227,3571,3738,5831,8598,112,175,162,187,11,14,222,260,125,173,43,54,26,9,1,3,4,2,23,19,146,189,54,64,42,23,4,4,5,2
050,24,510,Maryland,Baltimore city,2,16,14049,5662,8387,2115,2548,3331,5516,23,41,76,136,5,0,112,146,2190,2650,3397,5607,90,129,98,157,8,5,5549,8245,2045,2466,3305,5479,18,32,73,136,1,0,107,132,2116,2557,3369,5563,81,112,92,153,2,4,113,142,70,82,26,37,5,9,3,0,4,0,5,14,74,93,28,44,9,17,6,4,6,1
050,24,510,Maryland,Baltimore city,2,17,9004,3324,5680,1258,1624,1927,3856,16,15,62,92,3,3,58,90,1295,1683,1963,3920,50,73,74,103,6,4,3256,5602,1206,1567,1914,3844,13,7,62,92,3,3,58,89,1243,1625,1950,3907,47,65,74,103,6,4,68,78,52,57,13,12,3,8,0,0,0,0,0,1,52,58,13,13,3,8,0,0,0,0
050,24,510,Maryland,Baltimore city,2,18,9174,2833,6341,1040,2070,1688,4071,9,13,64,78,0,0,32,109,1063,2148,1707,4139,24,76,72,96,2,2,2787,6290,1009,2036,1678,4062,5,13,64,78,0,0,31,101,1032,2106,1697,4126,20,72,71,95,1,2,46,51,31,34,10,9,4,0,0,0,0,0,1,8,31,42,10,13,4,4,1,1,1,0
050,24,510,Maryland,Baltimore city,3,0,576503,269310,307193,91185,93635,154552,186331,2835,2808,9978,11580,196,189,10564,12650,99745,103708,161187,194613,6773,7670,12777,14721,510,543,245898,284553,76592,79875,150624,182304,630,670,9608,11218,90,103,8354,10383,83276,88064,155878,189115,3497,4437,12011,13969,319,373,23412,22640,14593,13760,3928,4027,2205,2138,370,362,106,86,2210,2267,16469,15644,5309,5498,3276,3233,766,752,191,170
050,24,510,Maryland,Baltimore city,3,1,33918,17113,16805,4927,4719,10168,10028,282,298,383,367,11,10,1342,1383,6095,5925,11089,10983,583,604,786,778,44,41,14659,14458,3575,3469,9730,9569,27,31,330,323,4,3,993,1063,4439,4396,10407,10297,208,221,658,672,28,24,2454,2347,1352,1250,438,459,255,267,53,44,7,7,349,320,1656,1529,682,686,375,383,128,106,16,17
050,24,510,Maryland,Baltimore city,3,2,31283,16031,15252,3887,3683,10598,10104,239,231,248,231,3,13,1056,990,4800,4532,11320,10791,512,486,561,513,24,37,13950,13254,2731,2536,10193,9760,37,29,224,192,1,8,764,729,3394,3162,10715,10263,197,182,472,420,18,25,2081,1998,1156,1147,405,344,202,202,24,39,2,5,292,261,1406,1370,605,528,315,304,89,93,6,12
050,24,510,Maryland,Baltimore city,3,3,31252,15799,15453,3519,3367,10877,10665,208,238,225,211,26,16,944,956,4320,4175,11523,11323,474,505,490,475,51,42,13865,13608,2388,2342,10536,10328,30,40,188,186,8,4,715,708,2994,2939,11028,10820,195,210,411,398,25,19,1934,1845,1131,1025,341,337,178,198,37,25,18,12,229,248,1326,1236,495,503,279,295,79,77,26,23
050,24,510,Maryland,Baltimore city,3,4,32318,15972,16346,3851,4031,10258,9926,193,190,832,1156,12,15,826,1028,4538,4902,10798,10578,436,469,1080,1490,40,41,14030,14550,2623,2958,9947,9617,34,39,806,1140,5,6,615,790,3135,3629,10346,10118,188,211,1014,1416,24,24,1942,1796,1228,1073,311,309,159,151,26,16,7,9,211,238,1403,1273,452,460,248,258,66,74,16,17
050,24,510,Maryland,Baltimore city,3,5,44850,20362,24488,6507,8037,10762,12175,192,216,1981,2797,16,13,904,1250,7261,9073,11331,12992,463,555,2256,3162,47,53,18272,22259,5148,6652,10409,11778,20,42,1960,2740,7,4,728,1043,5746,7519,10876,12464,208,286,2200,3069,28,37,2090,2229,1359,1385,353,397,172,174,21,57,9,9,176,207,1515,1554,455,528,255,269,56,93,19,16
050,24,510,Maryland,Baltimore city,3,6,53975,24960,29015,10752,12221,11035,13348,271,220,1838,1933,18,15,1046,1278,11605,13268,11699,14189,636,671,2109,2251,46,46,22727,26580,9336,10604,10677,12977,59,28,1779,1891,3,10,873,1070,10046,11480,11239,13686,333,372,2024,2177,25,34,2233,2435,1416,1617,358,371,212,192,59,42,15,5,173,208,1559,1788,460,503,303,299,85,74,21,12
050,24,510,Maryland,Baltimore city,3,7,54179,25803,28376,11379,11267,11748,14277,283,271,1386,1414,14,9,993,1138,12176,12175,12350,15004,678,714,1640,1711,52,52,23396,26115,9821,9838,11373,13883,49,63,1359,1367,8,6,786,958,10446,10602,11850,14496,328,409,1582,1636,36,39,2407,2261,1558,1429,375,394,234,208,27,47,6,3,207,180,1730,1573,500,508,350,305,58,75,16,13
050,24,510,Maryland,Baltimore city,3,8,43526,20591,22935,8566,8114,10256,12821,206,257,837,834,18,14,708,895,9126,8797,10669,13396,525,665,1016,1034,46,42,18410,20873,7126,6799,9915,12488,34,40,801,808,9,6,525,732,7529,7354,10224,12964,242,349,955,990,28,28,2181,2062,1440,1315,341,333,172,217,36,26,9,8,183,163,1597,1443,445,432,283,316,61,44,18,14
050,24,510,Maryland,Baltimore city,3,9,34570,16462,18108,6095,5621,8989,11085,279,209,505,525,18,16,576,652,6542,6105,9328,11504,563,537,638,661,42,38,14672,16437,4966,4582,8739,10808,55,47,468,504,12,5,432,491,5293,4940,8997,11125,247,277,582,618,28,21,1790,1671,1129,1039,250,277,224,162,37,21,6,11,144,161,1249,1165,331,379,316,260,56,43,14,17
050,24,510,Maryland,Baltimore city,3,10,28034,13148,14886,4547,4327,7646,9462,158,166,385,416,8,11,404,504,4840,4699,7881,9779,359,430,487,525,20,27,11997,13737,3764,3606,7474,9272,39,34,369,403,8,4,343,418,4006,3906,7675,9536,203,241,462,503,17,15,1151,1149,783,721,172,190,119,132,16,13,0,7,61,86,834,793,206,243,156,189,25,22,3,12
050,24,510,Maryland,Baltimore city,3,11,31481,14808,16673,4768,4382,9244,11264,134,119,298,373,12,17,352,518,5034,4756,9438,11589,328,402,381,478,22,28,13864,15904,4156,3905,9079,11109,42,37,288,362,2,15,297,476,4378,4247,9243,11408,198,293,361,461,10,26,944,769,612,477,165,155,92,82,10,11,10,2,55,42,656,509,195,181,130,109,20,17,12,2
050,24,510,Maryland,Baltimore city,3,12,35348,16663,18685,5003,4519,10855,13205,111,121,286,325,4,8,404,507,5293,4880,11087,13523,345,424,364,409,11,20,15930,18036,4496,4141,10726,13067,59,53,280,315,3,4,366,456,4755,4460,10938,13354,265,323,354,392,10,15,733,649,507,378,129,138,52,68,6,10,1,4,38,51,538,420,149,169,80,101,10,17,1,5
050,24,510,Maryland,Baltimore city,3,13,36085,16284,19801,4869,4827,10710,14073,100,85,249,294,14,5,342,517,5115,5193,10905,14391,304,387,313,391,23,19,15663,19303,4475,4519,10605,13949,36,56,240,291,6,4,301,484,4688,4857,10778,14251,217,340,300,384,13,16,621,498,394,308,105,124,64,29,9,3,8,1,41,33,427,336,127,140,87,47,13,7,10,3
050,24,510,Maryland,Baltimore city,3,14,29741,13165,16576,4345,4493,8289,11416,76,56,175,218,2,12,278,381,4548,4750,8432,11664,240,292,236,272,11,20,12806,16219,4123,4268,8208,11339,47,31,170,214,2,11,256,356,4308,4503,8344,11574,199,251,225,268,8,17,359,357,222,225,81,77,29,25,5,4,0,1,22,25,240,247,88,90,41,41,11,4,3,3
050,24,510,Maryland,Baltimore city,3,15,23755,10252,13503,3686,3886,6195,9113,53,56,141,168,8,12,169,268,3811,4071,6288,9288,154,223,173,202,13,24,10015,13221,3546,3698,6144,9059,26,42,141,164,7,10,151,248,3654,3867,6227,9223,118,195,169,197,10,21,237,282,140,188,51,54,27,14,0,4,1,2,18,20,157,204,61,65,36,28,4,5,3,3
050,24,510,Maryland,Baltimore city,3,16,14171,5741,8430,2174,2577,3329,5526,22,39,86,129,9,0,121,159,2261,2690,3399,5628,93,136,106,147,11,5,5609,8279,2097,2484,3302,5488,15,32,83,129,2,0,110,146,2174,2585,3367,5581,78,122,102,147,4,5,132,151,77,93,27,38,7,7,3,0,7,0,11,13,87,105,32,47,15,14,4,0,7,0
050,24,510,Maryland,Baltimore city,3,17,9049,3362,5687,1288,1579,1938,3880,16,23,56,106,3,2,61,97,1329,1641,1972,3948,50,82,67,119,6,4,3289,5610,1233,1532,1923,3862,14,14,55,106,3,2,61,94,1274,1592,1957,3927,48,72,66,119,6,4,73,77,55,47,15,18,2,9,1,0,0,0,0,3,55,49,15,21,2,10,1,0,0,0
050,24,510,Maryland,Baltimore city,3,18,8968,2794,6174,1022,1985,1655,3963,12,13,67,83,0,1,38,129,1051,2076,1678,4043,30,88,74,103,1,4,2744,6110,988,1942,1644,3951,7,12,67,83,0,1,38,121,1017,2026,1667,4028,25,83,74,102,1,3,50,64,34,43,11,12,5,1,0,0,0,0,0,8,34,50,11,15,5,5,0,1,0,1
050,24,510,Maryland,Baltimore city,4,0,570475,265397,305078,89632,92703,152046,184768,2956,2968,9838,11507,214,220,10711,12912,98313,103038,158822,193234,6866,7880,12714,14742,515,598,241681,281612,74896,78549,148060,180544,635,683,9462,11120,96,120,8532,10596,81734,86935,153450,187502,3503,4483,11949,13948,316,417,23716,23466,14736,14154,3986,4224,2321,2285,376,387,118,100,2179,2316,16579,16103,5372,5732,3363,3397,765,794,199,181
050,24,510,Maryland,Baltimore city,4,1,33418,16732,16686,4834,4758,9799,9698,286,371,375,380,20,16,1418,1463,6071,6034,10780,10705,602,694,807,825,57,53,14197,14122,3461,3414,9313,9218,30,29,326,325,4,7,1063,1129,4393,4392,10043,9990,220,233,682,700,31,31,2535,2564,1373,1344,486,480,256,342,49,55,16,9,355,334,1678,1642,737,715,382,461,125,125,26,22
050,24,510,Maryland,Baltimore city,4,2,31138,16133,15005,4028,3680,10491,9872,295,228,256,241,6,16,1057,968,4939,4508,11218,10547,556,472,566,514,27,38,13869,12961,2729,2522,10090,9506,42,23,219,199,3,7,786,704,3408,3128,10628,9993,201,169,474,421,14,19,2264,2044,1299,1158,401,366,253,205,37,42,3,9,271,264,1531,1380,590,554,355,303,92,93,13,19
050,24,510,Maryland,Baltimore city,4,3,30661,15470,15191,3464,3377,10584,10419,242,218,212,203,19,15,949,959,4269,4193,11242,11084,507,490,482,461,39,38,13521,13269,2356,2292,10228,10064,30,40,182,178,8,4,717,691,2966,2878,10724,10545,193,199,407,384,22,21,1949,1922,1108,1085,356,355,212,178,30,25,11,11,232,268,1303,1315,518,539,314,291,75,77,17,17
050,24,510,Maryland,Baltimore city,4,4,32072,15904,16168,3859,4023,10130,9732,220,207,824,1149,21,15,850,1042,4564,4913,10692,10408,467,485,1073,1489,45,48,13919,14270,2624,2901,9833,9407,31,41,791,1131,7,6,633,784,3148,3570,10250,9913,182,207,998,1408,24,31,1985,1898,1235,1122,297,325,189,166,33,18,14,9,217,258,1416,1343,442,495,285,278,75,81,21,17
050,24,510,Maryland,Baltimore city,4,5,43049,19590,23459,5906,7396,10792,12136,156,224,1826,2514,16,18,894,1171,6655,8370,11359,12908,423,538,2095,2855,43,52,17636,21328,4625,6052,10455,11772,30,42,1812,2468,8,5,706,989,5208,6876,10908,12427,210,274,2046,2778,23,33,1954,2131,1281,1344,337,364,126,182,14,46,8,13,188,182,1447,1494,451,481,213,264,49,77,20,19
050,24,510,Maryland,Baltimore city,4,6,52321,24011,28310,10279,11769,10630,12941,262,242,1791,2007,20,17,1029,1334,11127,12869,11287,13830,609,688,2073,2353,51,51,21813,25840,8858,10165,10298,12524,51,42,1734,1947,4,11,868,1151,9568,11117,10859,13293,315,398,1993,2260,27,37,2198,2470,1421,1604,332,417,211,200,57,60,16,6,161,183,1559,1752,428,537,294,290,80,93,24,14
050,24,510,Maryland,Baltimore city,4,7,53699,25179,28520,10959,11252,11572,14433,245,245,1409,1400,15,16,979,1174,11749,12195,12172,15182,630,690,1663,1698,43,58,22851,26155,9436,9768,11188,14000,50,58,1383,1359,10,11,784,959,10064,10535,11665,14615,330,388,1609,1625,34,47,2328,2365,1523,1484,384,433,195,187,26,41,5,5,195,215,1685,1660,507,567,300,302,54,73,9,11
050,24,510,Maryland,Baltimore city,4,8,44108,20913,23195,8678,8240,10411,12881,255,276,846,886,13,16,710,896,9241,8934,10829,13455,557,671,1032,1091,36,49,18721,21167,7272,6969,10054,12547,32,45,806,852,6,9,551,745,7701,7538,10379,13028,241,351,969,1039,25,34,2192,2028,1406,1271,357,334,223,231,40,34,7,7,159,151,1540,1396,450,427,316,320,63,52,11,15
050,24,510,Maryland,Baltimore city,4,9,35691,16786,18905,6326,5963,9069,11452,259,240,525,551,22,17,585,682,6775,6478,9411,11890,545,584,668,691,45,38,14923,17098,5128,4830,8816,11175,47,47,483,533,12,6,437,507,5456,5201,9076,11504,237,280,605,651,27,22,1863,1807,1198,1133,253,277,212,193,42,18,10,11,148,175,1319,1277,335,386,308,304,63,40,18,16
050,24,510,Maryland,Baltimore city,4,10,28052,13053,14999,4651,4421,7428,9480,180,159,372,430,10,10,412,499,4956,4791,7667,9789,382,405,474,543,23,28,11840,13797,3819,3652,7267,9265,45,37,363,416,10,3,336,424,4059,3958,7463,9531,202,237,456,522,20,19,1213,1202,832,769,161,215,135,122,9,14,0,7,76,75,897,833,204,258,180,168,18,21,3,9
050,24,510,Maryland,Baltimore city,4,11,30009,13950,16059,4523,4317,8617,10718,139,122,309,363,11,16,351,523,4778,4702,8811,11041,322,403,392,481,23,31,13001,15241,3919,3811,8433,10562,38,28,299,352,0,11,312,477,4144,4159,8607,10861,194,278,378,461,10,26,949,818,604,506,184,156,101,94,10,11,11,5,39,46,634,543,204,180,128,125,14,20,13,5
050,24,510,Maryland,Baltimore city,4,12,33846,15843,18003,4853,4417,10166,12562,116,134,301,349,5,12,402,529,5146,4796,10396,12892,340,448,382,441,13,29,15100,17313,4349,4012,10033,12422,59,55,291,340,4,10,364,474,4611,4349,10244,12718,261,332,366,426,10,23,743,690,504,405,133,140,57,79,10,9,1,2,38,55,535,447,152,174,79,116,16,15,3,6
050,24,510,Maryland,Baltimore city,4,13,35156,15865,19291,4718,4557,10404,13799,105,94,266,294,10,4,362,543,4980,4938,10602,14136,314,412,335,398,24,24,15232,18754,4321,4246,10295,13654,37,59,261,288,2,1,316,506,4543,4599,10469,13969,222,354,322,386,14,19,633,537,397,311,109,145,68,35,5,6,8,3,46,37,437,339,133,167,92,58,13,12,10,5
050,24,510,Maryland,Baltimore city,4,14,30056,13248,16808,4238,4408,8473,11678,84,66,179,232,6,15,268,409,4429,4687,8621,11943,242,319,238,291,15,22,12855,16428,3995,4176,8389,11594,47,35,170,228,6,15,248,380,4172,4427,8528,11846,192,269,225,286,13,21,393,380,243,232,84,84,37,31,9,4,0,0,20,29,257,260,93,97,50,50,13,5,2,1
050,24,510,Maryland,Baltimore city,4,15,23905,10302,13603,3621,3757,6297,9294,50,63,138,179,5,12,191,298,3758,3963,6404,9487,164,247,175,215,10,22,10049,13332,3475,3585,6242,9242,19,41,138,175,4,9,171,280,3595,3777,6339,9425,120,213,171,210,9,18,253,271,146,172,55,52,31,22,0,4,1,3,20,18,163,186,65,62,44,34,4,5,1,4
050,24,510,Maryland,Baltimore city,4,16,15139,6157,8982,2389,2812,3509,5828,28,41,75,124,12,2,144,175,2492,2941,3592,5933,112,153,102,149,14,7,6020,8805,2309,2696,3482,5787,19,34,73,124,5,2,132,162,2402,2813,3559,5888,96,137,95,147,6,7,137,177,80,116,27,41,9,7,2,0,7,0,12,13,90,128,33,45,16,16,7,2,8,0
050,24,510,Maryland,Baltimore city,4,17,9203,3460,5743,1286,1644,2024,3855,14,26,67,114,3,2,66,102,1330,1711,2061,3919,53,86,82,129,6,6,3386,5651,1237,1590,2004,3832,14,16,64,114,3,2,64,97,1279,1654,2041,3894,52,73,78,128,6,5,74,92,49,54,20,23,0,10,3,0,0,0,2,5,51,57,20,25,1,13,4,1,0,1
050,24,510,Maryland,Baltimore city,4,18,8952,2801,6151,1020,1912,1650,3990,20,12,67,91,0,1,44,145,1054,2015,1678,4085,41,95,75,118,1,4,2748,6081,983,1868,1640,3973,14,11,67,91,0,1,44,137,1017,1964,1668,4062,35,91,75,116,1,4,53,70,37,44,10,17,6,1,0,0,0,0,0,8,37,51,10,23,6,4,0,2,0,0
050,24,510,Maryland,Baltimore city,5,0,567952,263786,304166,89143,92430,150330,183662,3187,3099,10007,11576,224,229,10895,13170,98013,102995,157225,192348,7147,8040,12912,14910,568,595,239245,279685,74033,77575,146287,179314,630,688,9614,11184,100,119,8581,10805,80943,86151,151695,186431,3476,4500,12111,14104,348,403,24541,24481,15110,14855,4043,4348,2557,2411,393,392,124,110,2314,2365,17070,16844,5530,5917,3671,3540,801,806,220,192
050,24,510,Maryland,Baltimore city,5,1,33005,16577,16428,4889,4828,9526,9251,407,439,367,401,23,19,1365,1490,6086,6128,10461,10282,709,782,792,856,57,50,13819,13624,3409,3353,9025,8782,32,37,317,331,5,5,1031,1116,4315,4324,9721,9545,216,239,672,707,28,24,2758,2804,1480,1475,501,469,375,402,50,70,18,14,334,374,1771,1804,740,737,493,543,120,149,29,26
050,24,510,Maryland,Baltimore city,5,2,31329,16150,15179,4231,3724,10275,9876,311,250,273,252,9,17,1051,1060,5139,4643,11003,10609,556,509,575,551,39,44,13732,12981,2813,2536,9881,9423,38,24,227,209,3,7,770,782,3480,3214,10410,9960,184,176,471,459,20,24,2418,2198,1418,1188,394,453,273,226,46,43,6,10,281,278,1659,1429,593,649,372,333,104,92,19,20
050,24,510,Maryland,Baltimore city,5,3,30174,15313,14861,3386,3390,10418,10143,284,195,228,195,12,14,985,924,4222,4175,11094,10786,551,444,501,447,40,37,13320,12917,2290,2272,10038,9767,33,34,200,169,5,2,754,673,2930,2843,10556,10233,201,184,432,371,25,18,1993,1944,1096,1118,380,376,251,161,28,26,7,12,231,251,1292,1332,538,553,350,260,69,76,15,19
050,24,510,Maryland,Baltimore city,5,4,32637,16116,16521,3912,4165,10223,9877,225,228,848,1174,27,16,881,1061,4654,5069,10801,10577,473,500,1101,1519,57,47,14134,14445,2676,2906,9922,9539,31,40,813,1159,10,5,682,796,3249,3587,10368,10058,191,199,1032,1444,33,28,1982,2076,1236,1259,301,338,194,188,35,15,17,11,199,265,1405,1482,433,519,282,301,69,75,24,19
050,24,510,Maryland,Baltimore city,5,5,41415,19157,22258,5507,6665,10650,11784,245,235,1831,2387,18,22,906,1165,6267,7631,11227,12564,519,545,2101,2738,48,54,17072,20186,4215,5361,10340,11434,28,41,1804,2349,10,10,675,991,4769,6183,10775,12098,194,277,2029,2662,29,37,2085,2072,1292,1304,310,350,217,194,27,38,8,12,231,174,1498,1448,452,466,325,268,72,76,19,17
050,24,510,Maryland,Baltimore city,5,6,50885,23485,27400,9945,11258,10481,12651,213,245,1771,1941,21,15,1054,1290,10812,12334,11160,13511,566,655,2051,2278,54,48,21251,24846,8494,9556,10131,12226,57,41,1725,1885,6,8,838,1130,9179,10499,10676,12982,302,374,1969,2198,29,35,2234,2554,1451,1702,350,425,156,204,46,56,15,7,216,160,1633,1835,484,529,264,281,82,80,25,13
050,24,510,Maryland,Baltimore city,5,7,53285,24777,28508,10688,11201,11426,14345,199,210,1425,1501,15,19,1024,1232,11524,12196,12068,15145,601,671,1689,1817,45,61,22515,26146,9234,9693,11037,13925,38,57,1396,1457,9,11,801,1003,9883,10493,11535,14578,318,398,1625,1739,30,45,2262,2362,1454,1508,389,420,161,153,29,44,6,8,223,229,1641,1703,533,567,283,273,64,78,15,16
050,24,510,Maryland,Baltimore city,5,8,44739,21127,23612,8789,8530,10438,12994,290,307,907,886,17,13,686,882,9332,9216,10844,13564,573,681,1089,1092,43,43,18927,21548,7383,7198,10088,12675,38,52,875,862,8,10,535,751,7799,7778,10404,13163,232,345,1041,1056,30,33,2200,2064,1406,1332,350,319,252,255,32,24,9,3,151,131,1533,1438,440,401,341,336,48,36,13,10
050,24,510,Maryland,Baltimore city,5,9,36913,17198,19715,6644,6305,9106,11747,274,250,538,584,16,22,620,807,7132,6912,9469,12268,573,657,691,756,38,48,15212,17780,5375,5111,8849,11464,41,35,491,560,7,8,449,602,5721,5553,9115,11851,232,311,614,705,21,26,1986,1935,1269,1194,257,283,233,215,47,24,9,14,171,205,1411,1359,354,417,341,346,77,51,17,22
050,24,510,Maryland,Baltimore city,5,10,28525,13271,15254,4748,4555,7476,9588,194,163,377,438,14,10,462,500,5100,4923,7753,9902,422,416,492,556,29,25,11949,13981,3867,3733,7296,9364,49,38,367,425,13,3,357,418,4133,4035,7508,9630,211,239,471,534,24,15,1322,1273,881,822,180,224,145,125,10,13,1,7,105,82,967,888,245,272,211,177,21,22,5,10
050,24,510,Maryland,Baltimore city,5,11,28912,13280,15632,4363,4346,8074,10226,136,149,338,404,11,13,358,494,4619,4705,8275,10532,318,409,428,512,28,24,12321,14747,3757,3805,7888,10060,27,38,326,389,1,9,322,446,3986,4127,8070,10338,186,268,410,489,15,19,959,885,606,541,186,166,109,111,12,15,10,4,36,48,633,578,205,194,132,141,18,23,13,5
050,24,510,Maryland,Baltimore city,5,12,32440,15103,17337,4779,4295,9500,12021,129,125,284,346,5,10,406,540,5072,4681,9728,12357,357,439,370,442,16,27,14329,16618,4243,3864,9375,11873,63,50,273,335,4,10,371,486,4509,4208,9586,12178,267,328,353,426,13,25,774,719,536,431,125,148,66,75,11,11,1,0,35,54,563,473,142,179,90,111,17,16,3,2
050,24,510,Maryland,Baltimore city,5,13,34308,15396,18912,4606,4440,10099,13592,69,74,264,292,10,8,348,506,4859,4803,10292,13904,275,365,332,388,23,23,14813,18380,4218,4125,9987,13440,38,55,259,288,2,3,309,469,4440,4459,10158,13732,221,322,320,379,13,15,583,532,388,315,112,152,31,19,5,4,8,5,39,37,419,344,134,172,54,43,12,9,10,8
050,24,510,Maryland,Baltimore city,5,14,30237,13312,16925,4130,4330,8629,11828,87,82,197,234,5,14,264,437,4319,4624,8767,12104,243,354,251,304,12,22,12891,16500,3867,4063,8544,11741,44,45,191,229,5,14,240,408,4039,4334,8670,12005,187,299,240,293,10,21,421,425,263,267,85,87,43,37,6,5,0,0,24,29,280,290,97,99,56,55,11,11,2,1
050,24,510,Maryland,Baltimore city,5,15,24404,10470,13934,3602,3821,6465,9553,50,57,135,188,5,7,213,308,3760,4038,6582,9752,175,238,178,230,12,18,10205,13663,3447,3657,6410,9495,21,33,131,184,5,5,191,289,3586,3856,6517,9686,132,205,169,223,11,16,265,271,155,164,55,58,29,24,4,4,0,2,22,19,174,182,65,66,43,33,9,7,1,2
050,24,510,Maryland,Baltimore city,5,16,16002,6523,9479,2510,2923,3732,6174,38,45,92,131,12,7,139,199,2607,3067,3815,6302,128,167,113,157,15,14,6361,9283,2421,2789,3696,6136,23,37,90,131,5,6,126,184,2508,2921,3772,6255,103,148,109,155,8,12,162,196,89,134,36,38,15,8,2,0,7,1,13,15,99,146,43,47,25,19,4,2,7,2
050,24,510,Maryland,Baltimore city,5,17,9731,3703,6028,1367,1782,2177,3981,16,31,62,115,4,1,77,118,1420,1864,2218,4060,61,103,76,131,7,2,3640,5931,1332,1730,2157,3953,15,20,59,115,2,1,75,112,1383,1807,2198,4028,58,90,73,129,5,2,63,97,35,52,20,28,1,11,3,0,2,0,2,6,37,57,20,32,3,13,3,2,2,0
050,24,510,Maryland,Baltimore city,5,18,9011,2828,6183,1047,1872,1635,4031,20,14,70,107,0,2,56,157,1089,1986,1668,4129,47,105,82,136,5,8,2754,6109,992,1823,1623,4017,14,11,70,107,0,2,55,149,1034,1930,1656,4111,41,98,81,135,4,8,74,74,55,49,12,14,6,3,0,0,0,0,1,8,55,56,12,18,6,7,1,1,1,0
050,24,510,Maryland,Baltimore city,6,0,570053,264410,305643,90245,93279,148612,183288,3594,3487,10338,11822,233,238,11388,13529,99560,104180,155847,192235,7656,8492,13425,15295,566,614,237709,279167,73762,77164,144359,178745,631,680,9967,11450,98,126,8892,11002,80961,85929,149986,186000,3513,4515,12605,14493,336,406,26701,26476,16483,16115,4253,4543,2963,2807,371,372,135,112,2496,2527,18599,18251,5861,6235,4143,3977,820,802,230,208
050,24,510,Maryland,Baltimore city,6,1,33109,16594,16515,5056,5051,9193,9002,499,521,336,430,24,21,1486,1490,6354,6346,10214,10037,820,854,793,883,62,54,13425,13212,3345,3241,8621,8494,31,31,289,369,4,5,1135,1072,4341,4173,9388,9224,233,216,672,735,31,23,3169,3303,1711,1810,572,508,468,490,47,61,20,16,351,418,2013,2173,826,813,587,638,121,148,31,31
050,24,510,Maryland,Baltimore city,6,2,31756,16334,15422,4440,3900,10107,9799,377,250,288,239,13,16,1109,1218,5417,4962,10867,10640,641,543,618,593,45,49,13611,13017,2807,2553,9726,9327,30,26,235,200,7,7,806,904,3514,3339,10274,9943,184,206,497,491,25,28,2723,2405,1633,1347,381,472,347,224,53,39,6,9,303,314,1903,1623,593,697,457,337,121,102,20,21
050,24,510,Maryland,Baltimore city,6,3,29956,15324,14632,3560,3379,10184,9874,339,243,238,207,11,16,992,913,4411,4162,10867,10509,599,489,524,460,37,36,13121,12661,2329,2269,9795,9505,32,35,214,186,3,2,748,664,2970,2836,10309,9968,193,183,446,391,21,13,2203,1971,1231,1110,389,369,307,208,24,21,8,14,244,249,1441,1326,558,541,406,306,78,69,16,23
050,24,510,Maryland,Baltimore city,6,4,33103,16308,16795,4056,4297,10207,9966,287,222,864,1209,29,14,865,1087,4783,5223,10782,10686,525,503,1128,1545,56,44,14185,14524,2740,2889,9896,9598,34,33,824,1186,11,5,680,813,3312,3583,10348,10132,188,196,1050,1468,33,26,2123,2271,1316,1408,311,368,253,189,40,23,18,9,185,274,1471,1640,434,554,337,307,78,77,23,18
050,24,510,Maryland,Baltimore city,6,5,40449,18835,21614,5303,6475,10344,11347,277,227,1939,2357,16,20,956,1188,6113,7465,10957,12143,564,551,2223,2714,41,56,16684,19470,3982,5115,10039,10995,33,42,1921,2322,6,11,703,985,4567,5933,10494,11654,204,278,2159,2636,24,40,2151,2144,1321,1360,305,352,244,185,18,35,10,9,253,203,1546,1532,463,489,360,273,64,78,17,16
050,24,510,Maryland,Baltimore city,6,6,50752,23494,27258,9838,11005,10486,12755,271,260,1774,1929,14,17,1111,1292,10757,12083,11203,13619,643,662,2075,2281,46,49,20962,24489,8227,9120,10124,12305,45,39,1742,1876,8,6,816,1143,8899,10075,10653,13070,278,367,1990,2205,31,32,2532,2769,1611,1885,362,450,226,221,32,53,6,11,295,149,1858,2008,550,549,365,295,85,76,15,17
050,24,510,Maryland,Baltimore city,6,7,52957,24557,28400,10511,11182,11226,14135,221,258,1492,1544,20,23,1087,1258,11394,12203,11903,14958,628,709,1778,1873,55,63,22179,25905,8970,9602,10835,13715,39,49,1464,1497,6,16,865,1026,9668,10430,11371,14391,329,385,1717,1793,31,49,2378,2495,1541,1580,391,420,182,209,28,47,14,7,222,232,1726,1773,532,567,299,324,61,80,24,14
050,24,510,Maryland,Baltimore city,6,8,46023,21617,24406,9136,8816,10499,13413,297,342,948,933,14,15,723,887,9715,9515,10929,13990,584,710,1144,1144,39,45,19319,22210,7654,7444,10119,13072,47,53,917,906,5,10,577,725,8112,8009,10459,13549,252,331,1097,1098,24,31,2298,2196,1482,1372,380,341,250,289,31,27,9,5,146,162,1603,1506,470,441,332,379,47,46,15,14
050,24,510,Maryland,Baltimore city,6,9,38139,17768,20371,7078,6688,9206,11916,241,345,554,599,15,24,674,799,7608,7293,9607,12431,562,723,720,779,33,47,15623,18304,5650,5453,8914,11605,40,35,525,586,11,8,483,617,6023,5908,9203,12000,244,304,663,743,21,24,2145,2067,1428,1235,292,311,201,310,29,13,4,16,191,182,1585,1385,404,431,318,419,57,36,12,23
050,24,510,Maryland,Baltimore city,6,10,29664,13644,16020,4960,4711,7592,10065,212,208,388,468,17,8,475,560,5319,5126,7866,10422,447,492,500,593,34,27,12164,14644,3999,3843,7377,9841,49,44,368,454,10,6,361,456,4265,4174,7589,10134,213,261,470,570,22,22,1480,1376,961,868,215,224,163,164,20,14,7,2,114,104,1054,952,277,288,234,231,30,23,12,5
050,24,510,Maryland,Baltimore city,6,11,28073,12901,15172,4363,4339,7652,9765,155,176,353,427,20,13,358,452,4624,4668,7857,10047,335,415,443,532,32,27,11875,14158,3711,3706,7470,9589,37,47,337,410,7,7,313,399,3938,3996,7652,9837,186,249,420,509,17,19,1026,1014,652,633,182,176,118,129,16,17,13,6,45,53,686,672,205,210,149,166,23,23,15,8
050,24,510,Maryland,Baltimore city,6,12,30813,14132,16681,4545,4260,8798,11424,115,103,301,333,7,10,366,551,4809,4659,9009,11770,316,410,379,440,15,22,13328,15927,3986,3786,8665,11274,44,37,288,324,4,10,341,496,4233,4143,8861,11588,228,312,361,425,11,18,804,754,559,474,133,150,71,66,13,9,3,0,25,55,576,516,148,182,88,98,18,15,4,4
050,24,510,Maryland,Baltimore city,6,13,33782,15318,18464,4652,4321,9929,13228,81,94,279,310,8,8,369,503,4923,4687,10134,13535,296,385,348,408,18,27,14687,17882,4232,3976,9817,13078,41,57,276,304,2,3,319,464,4462,4311,9996,13366,224,323,341,397,9,20,631,582,420,345,112,150,40,37,3,6,6,5,50,39,461,376,138,169,72,62,7,11,9,7
050,24,510,Maryland,Baltimore city,6,14,30540,13234,17306,4006,4325,8646,12158,85,78,205,261,7,11,285,473,4211,4647,8802,12464,253,366,265,340,14,17,12817,16866,3754,4062,8555,12054,49,43,197,259,5,11,257,437,3939,4353,8698,12340,198,308,253,333,10,17,417,440,252,263,91,104,36,35,8,2,2,0,28,36,272,294,104,124,55,58,12,7,4,0
050,24,510,Maryland,Baltimore city,6,15,24707,10593,14114,3577,3818,6591,9681,52,68,137,195,4,10,232,342,3749,4055,6720,9903,188,276,181,243,13,21,10305,13825,3408,3652,6526,9620,25,38,133,190,4,8,209,317,3558,3868,6641,9828,148,231,175,236,11,18,288,289,169,166,65,61,27,30,4,5,0,2,23,25,191,187,79,75,40,45,6,7,2,3
050,24,510,Maryland,Baltimore city,6,16,17015,7023,9992,2698,2991,4029,6605,48,37,104,149,7,9,137,201,2796,3138,4106,6731,130,158,135,180,11,15,6844,9774,2603,2844,3991,6553,27,32,102,149,2,8,119,188,2685,2979,4061,6671,97,147,127,179,5,13,179,218,95,147,38,52,21,5,2,0,5,1,18,13,111,159,45,60,33,11,8,1,6,2
050,24,510,Maryland,Baltimore city,6,17,10068,3787,6281,1374,1893,2239,4104,18,35,60,117,5,1,91,131,1430,1984,2297,4188,72,117,77,139,10,7,3716,6181,1334,1835,2219,4083,15,25,57,117,2,1,89,120,1389,1917,2276,4161,67,100,74,137,7,6,71,100,40,58,20,21,3,10,3,0,3,0,2,11,41,67,21,27,5,17,3,2,3,1
050,24,510,Maryland,Baltimore city,6,18,9147,2947,6200,1092,1828,1684,4051,19,20,78,115,2,2,72,184,1147,1964,1727,4162,53,129,94,148,5,8,2864,6118,1031,1774,1670,4037,13,14,78,115,1,2,71,176,1086,1902,1713,4144,47,118,93,147,3,7,83,82,61,54,14,14,6,6,0,0,1,0,1,8,61,62,14,18,6,11,1,1,2,1
050,24,510,Maryland,Baltimore city,7,0,569997,263945,306052,90068,93390,148000,183259,3654,3608,10301,11884,240,261,11682,13650,99637,104360,155457,192283,7767,8606,13513,15391,580,669,236579,278698,73205,76724,143591,178529,632,673,9908,11501,100,136,9143,11135,80598,85575,149390,185875,3556,4508,12642,14557,332,448,27366,27354,16863,16666,4409,4730,3022,2935,393,383,140,125,2539,2515,19039,18785,6067,6408,4211,4098,871,834,248,221
050,24,510,Maryland,Baltimore city,7,1,32830,16584,16246,5151,4955,9038,8820,531,560,336,415,26,23,1502,1473,6464,6240,10077,9837,860,889,803,870,63,59,13243,12864,3354,3110,8437,8269,24,23,276,359,4,5,1148,1098,4360,4069,9214,9014,229,217,665,736,30,27,3341,3382,1797,1845,601,551,507,537,60,56,22,18,354,375,2104,2171,863,823,631,672,138,134,33,32
050,24,510,Maryland,Baltimore city,7,2,31769,16116,15653,4432,4161,9912,9808,332,238,293,241,11,15,1136,1190,5419,5195,10691,10627,590,524,640,590,45,50,13384,13121,2801,2696,9496,9313,27,35,232,204,6,5,822,868,3514,3455,10054,9903,173,206,508,493,25,26,2732,2532,1631,1465,416,495,305,203,61,37,5,10,314,322,1905,1740,637,724,417,318,132,97,20,24
050,24,510,Maryland,Baltimore city,7,3,30228,15696,14532,3767,3419,10212,9752,413,244,245,201,9,15,1050,901,4678,4195,10931,10381,683,464,545,455,32,38,13300,12570,2425,2302,9833,9379,38,29,218,173,4,4,782,683,3100,2887,10367,9858,200,167,467,382,21,20,2396,1962,1342,1117,379,373,375,215,27,28,5,11,268,218,1578,1308,564,523,483,297,78,73,11,18
050,24,510,Maryland,Baltimore city,7,4,33213,16278,16935,4031,4283,10201,10103,298,250,828,1195,29,19,891,1085,4780,5209,10796,10812,529,519,1102,1537,55,53,14134,14605,2700,2866,9891,9709,29,39,785,1169,7,5,722,817,3306,3564,10373,10240,189,199,1022,1451,25,27,2144,2330,1331,1417,310,394,269,211,43,26,22,14,169,268,1474,1645,423,572,340,320,80,86,30,26
050,24,510,Maryland,Baltimore city,7,5,38784,18083,20701,5064,6166,9895,10845,260,221,1869,2273,16,15,979,1181,5887,7150,10532,11634,549,545,2162,2627,40,47,15975,18474,3741,4764,9590,10466,42,37,1853,2246,7,6,742,955,4354,5559,10077,11104,226,261,2101,2553,21,32,2108,2227,1323,1402,305,379,218,184,16,27,9,9,237,226,1533,1591,455,530,323,284,61,74,19,15
050,24,510,Maryland,Baltimore city,7,6,50455,23310,27145,9430,10611,10802,13081,268,248,1672,1895,17,22,1121,1288,10366,11685,11528,13948,646,636,1969,2244,48,63,20719,24442,7785,8723,10423,12676,47,45,1650,1847,9,11,805,1140,8451,9674,10951,13444,272,366,1891,2173,30,45,2591,2703,1645,1888,379,405,221,203,22,48,8,11,316,148,1915,2011,577,504,374,270,78,71,18,18
050,24,510,Maryland,Baltimore city,7,7,51940,24005,27935,10180,11018,10952,13755,253,296,1533,1592,15,30,1072,1244,11056,12027,11625,14576,644,730,1821,1916,47,69,21644,25355,8660,9411,10547,13318,47,40,1506,1535,5,20,879,1031,9373,10244,11099,14000,336,368,1763,1825,30,52,2361,2580,1520,1607,405,437,206,256,27,57,10,10,193,213,1683,1783,526,576,308,362,58,91,17,17
050,24,510,Maryland,Baltimore city,7,8,47046,22077,24969,9254,9007,10755,13678,275,356,991,997,15,14,787,917,9885,9730,11237,14280,589,730,1209,1216,38,44,19825,22708,7812,7618,10383,13326,46,54,964,965,6,9,614,736,8298,8192,10755,13814,260,325,1157,1158,27,32,2252,2261,1442,1389,372,352,229,302,27,32,9,5,173,181,1587,1538,482,466,329,405,52,58,11,12
050,24,510,Maryland,Baltimore city,7,9,39108,18073,21035,7345,6983,9279,12243,187,338,576,621,19,22,667,828,7870,7612,9671,12777,502,715,752,821,46,50,15907,18914,5892,5708,8944,11887,33,40,546,608,12,6,480,665,6264,6203,9226,12314,232,319,685,778,24,30,2166,2121,1453,1275,335,356,154,298,30,13,7,16,187,163,1606,1409,445,463,270,396,67,43,22,20
050,24,510,Maryland,Baltimore city,7,10,31330,14483,16847,5256,4967,8077,10508,232,255,410,494,20,15,488,608,5632,5417,8369,10898,471,555,523,625,31,37,12866,15306,4212,4044,7861,10266,49,39,379,473,11,9,354,475,4474,4385,8070,10572,208,262,482,591,19,27,1617,1541,1044,923,216,242,183,216,31,21,9,6,134,133,1158,1032,299,326,263,293,41,34,12,10
050,24,510,Maryland,Baltimore city,7,11,27291,12411,14880,4282,4432,7198,9400,157,170,370,415,11,9,393,454,4572,4761,7421,9682,345,400,472,523,25,26,11394,13760,3627,3689,7023,9231,36,48,353,399,7,3,348,390,3882,3967,7221,9475,197,237,449,495,17,17,1017,1120,655,743,175,169,121,122,17,16,4,6,45,64,690,794,200,207,148,163,23,28,8,9
050,24,510,Maryland,Baltimore city,7,12,29689,13474,16215,4443,4212,8260,10994,128,109,286,343,17,17,340,540,4690,4598,8452,11329,316,410,361,446,27,36,12591,15413,3859,3703,8112,10837,30,35,273,334,5,17,312,487,4083,4048,8289,11140,198,304,344,431,11,31,883,802,584,509,148,157,98,74,13,9,12,0,28,53,607,550,163,189,118,106,17,15,16,5
050,24,510,Maryland,Baltimore city,7,13,32893,14939,17954,4561,4276,9636,12767,87,82,277,302,6,8,372,519,4830,4651,9847,13089,300,383,351,396,23,23,14297,17340,4126,3905,9515,12619,47,53,274,294,3,3,332,466,4361,4236,9701,12909,237,318,340,383,16,16,642,614,435,371,121,148,40,29,3,8,3,5,40,53,469,415,146,180,63,65,11,13,7,7
050,24,510,Maryland,Baltimore city,7,14,30778,13264,17514,3964,4254,8689,12381,87,78,223,298,11,11,290,492,4173,4591,8844,12700,253,375,285,380,20,18,12820,17058,3704,3976,8593,12270,47,46,215,298,5,10,256,458,3887,4283,8730,12570,194,321,273,375,11,17,444,456,260,278,96,111,40,32,8,0,6,1,34,34,286,308,114,130,59,54,12,5,9,1
050,24,510,Maryland,Baltimore city,7,15,24971,10717,14254,3559,3858,6724,9766,54,65,133,193,1,10,246,362,3736,4107,6863,10006,200,283,181,245,9,21,10424,13947,3373,3678,6657,9699,36,35,129,188,1,9,228,338,3533,3906,6789,9925,171,237,174,238,7,20,293,307,186,180,67,67,18,30,4,5,0,1,18,24,203,201,74,81,29,46,7,7,2,1
050,24,510,Maryland,Baltimore city,7,16,18096,7505,10591,2822,3035,4339,7129,54,35,122,161,9,13,159,218,2938,3194,4428,7257,152,173,159,194,15,22,7300,10368,2719,2899,4294,7070,26,26,121,161,5,11,135,201,2813,3043,4370,7193,106,151,149,192,8,18,205,223,103,136,45,59,28,9,1,0,4,2,24,17,125,151,58,64,46,22,10,2,7,4
050,24,510,Maryland,Baltimore city,7,17,10295,3932,6363,1431,1944,2320,4107,19,41,50,119,5,1,107,151,1501,2046,2384,4207,78,136,73,141,10,6,3845,6262,1381,1887,2297,4086,15,32,48,119,1,1,103,137,1447,1979,2359,4175,74,120,69,140,6,5,87,101,50,57,23,21,4,9,2,0,4,0,4,14,54,67,25,32,4,16,4,1,4,1
050,24,510,Maryland,Baltimore city,7,18,9281,2998,6283,1096,1809,1711,4122,19,22,87,129,3,2,82,199,1160,1952,1761,4243,60,139,105,165,6,7,2911,6191,1034,1745,1695,4108,13,17,86,129,2,2,81,190,1098,1881,1745,4225,54,130,103,163,4,6,87,92,62,64,16,14,6,5,1,0,1,0,1,9,62,71,16,18,6,9,2,2,2,1
